;species;xcoord;ycoord
17282;TIMLEP;757544.5634;6269922.048
17283;TIMLEP;793209.0209;6290458.392
17284;TIMLEP;792326.2853;6289641.482
17285;TIMLEP;765991.0422;6272265.677
17286;TIMLEP;691254.6987;6189832.448
17287;TIMLEP;690316.1966;6194514.939
17288;TIMLEP;819700.6685;6307900.191
17289;TIMLEP;695648.3653;6198611.074
17290;TIMLEP;766052.0542;6271916.85
17291;TIMLEP;765969.7725;6271671.69
17292;TIMLEP;765943.9287;6272193.164
17293;TIMLEP;765814.6504;6272632.139
17294;TIMLEP;785746.7988;6324957.651
17295;TIMLEP;684783.2163;6185178.92
17296;TIMLEP;791265.8662;6331719.826
17297;TIMLEP;677044.2397;6234593.721
17298;TIMLEP;676828.6029;6234371.779
17299;TIMLEP;714819.0856;6237459.879
17300;TIMLEP;688742.6095;6253460.816
17301;TIMLEP;790076.448;6290615.211
17302;TIMLEP;790743.2634;6293398.244
17303;TIMLEP;790612.9955;6292682.079
17304;TIMLEP;790600.0742;6292672.559
17305;TIMLEP;790300.1018;6292467.128
17306;TIMLEP;790319.309;6292454.064
17307;TIMLEP;790104.8462;6291872.305
17308;TIMLEP;790336.1648;6291783.337
17309;TIMLEP;767715.1409;6272373.209
17310;TIMLEP;767589.3091;6272238.829
17311;TIMLEP;684913.1382;6155968.363
17312;TIMLEP;684995.0202;6155817.104
17313;TIMLEP;685083.8615;6156114.032
17314;TIMLEP;684972.7603;6156264.912
17315;TIMLEP;685063.335;6156601.993
17316;TIMLEP;685068.9578;6156577.506
17317;TIMLEP;685148.3561;6156601.798
17318;TIMLEP;814832.5021;6316614.543
17319;TIMLEP;812980.3545;6317875.967
17320;TIMLEP;803862.9846;6373018.979
17321;TIMLEP;804278.9951;6373790.031
17322;TIMLEP;803871.9834;6373009.018
17323;TIMLEP;805934.0331;6372865.017
17324;TIMLEP;821656.3866;6303443.406
17325;TIMLEP;806913.0995;6297052.35
17326;TIMLEP;814666.9819;6304285.846
17327;TIMLEP;790172.2563;6297793.768
17328;TIMLEP;795505.5072;6298309.38
17329;TIMLEP;814294.0479;6285468.71
17330;TIMLEP;731601.9541;6283307.123
17331;TIMLEP;844571.6916;6323783.391
17332;TIMLEP;733269.7419;6253628.445
17333;TIMLEP;730384.6301;6272111.692
17334;TIMLEP;769379.9611;6290996.051
17335;TIMLEP;776506.1323;6300413.706
17336;TIMLEP;704360.8099;6226325.276
17337;TIMLEP;700965.9917;6155674.706
17338;TIMLEP;670317.5368;6190498.797
17339;TIMLEP;758397.2651;6272748.656
17340;TIMLEP;707239.8926;6153934.017
17341;TIMLEP;642690.9358;6225538.03
17342;TIMLEP;765945.1154;6304215.497
17343;TIMLEP;781771.3452;6291726.537
17344;TIMLEP;773097.6061;6287217.849
17345;TIMLEP;815114.2626;6316363.588
17346;TIMLEP;811748.8486;6316100.494
17347;TIMLEP;756058.7084;6269615.227
17348;TIMLEP;721741.5268;6241255.01
17349;TIMLEP;678937.9238;6177885.199
17350;TIMLEP;681097.1218;6170170.514
17351;TIMLEP;634900.9499;6242833.688
17352;TIMLEP;679609.5008;6207858.672
17353;TIMLEP;679605.4453;6207710.304
17354;TIMLEP;679693.0054;6207850.058
17355;TIMLEP;674232.9365;6232439.106
17356;TIMLEP;677509.3744;6234279.909
17357;TIMLEP;677554.3207;6207280.102
17358;TIMLEP;676983.532;6233683.304
17359;TIMLEP;679855.7942;6203696.502
17360;TIMLEP;700143.0475;6242317.412
17361;TIMLEP;693662.1948;6218188.994
17362;TIMLEP;667817.6381;6203588.023
17363;TIMLEP;723625.1196;6262737.959
17364;TIMLEP;648395.1879;6227776.905
17365;TIMLEP;734225.9429;6266988.792
17366;TIMLEP;715353.1545;6240449.97
17367;TIMLEP;657370.912;6187691.906
17368;TIMLEP;793138.3252;6290013.631
17369;TIMLEP;728706.5867;6283538.977
17370;TIMLEP;741899.1752;6268955.567
17371;TIMLEP;770520.6824;6292113.269
17372;TIMLEP;741220.4275;6286945.497
17373;TIMLEP;742544.9531;6289109.928
17374;TIMLEP;734808.0387;6277474.13
17375;TIMLEP;740729.0981;6293679.917
17376;TIMLEP;742810.6637;6289210.681
17377;TIMLEP;743845.9335;6288738.208
17378;TIMLEP;776311.7878;6293464.57
17379;TIMLEP;745871.3192;6275822.182
17380;TIMLEP;688965.2663;6200357.381
17381;TIMLEP;689008.4751;6199978.009
17382;TIMLEP;785609.9906;6287671.517
17383;TIMLEP;783888.1415;6287715.288
17384;TIMLEP;780973.0529;6286010.4
17385;TIMLEP;687104.0849;6195375.467
17386;TIMLEP;762598.9998;6268710
17387;TIMLEP;697279.1745;6210319.451
17388;TIMLEP;756159.9681;6269378.896
17389;TIMLEP;689430.4282;6188289.637
17390;TIMLEP;814713.5325;6322838.708
17391;TIMLEP;814743.106;6322853.069
17392;TIMLEP;707286.139;6226089.825
17393;TIMLEP;685223.372;6215504.549
17394;TIMLEP;674778.6868;6185035.234
17395;TIMLEP;678962.0279;6191012.388
17396;TIMLEP;685075.7049;6194652.971
17397;TIMLEP;684197.7808;6195591.101
17398;TIMLEP;702875.1701;6201604.539
17399;TIMLEP;727644.8033;6284799.38
17400;TIMLEP;679992.2416;6193079.407
17401;TIMLEP;676538.2666;6200061.065
17402;TIMLEP;711572.1064;6238237.231
17403;TIMLEP;820617.0026;6308370.219
17404;TIMLEP;759543.4714;6301721.327
17405;TIMLEP;797946.7886;6370359.526
17406;TIMLEP;687929.038;6196800.644
17407;TIMLEP;805704.7791;6293349.073
17408;TIMLEP;819834.2328;6309110.781
17409;TIMLEP;820594.8776;6308310.312
17410;TIMLEP;760516.5706;6301536.181
17411;TIMLEP;704050.6484;6257733.29
17412;TIMLEP;715207.2109;6235616.853
17413;TIMLEP;688689.014;6188636.399
17414;TIMLEP;688937.0155;6188472.763
17415;TIMLEP;699948.1895;6161923.2
17416;TIMLEP;683144.3397;6198397.094
17417;TIMLEP;681113.3599;6195862.897
17418;TIMLEP;683379.1556;6153066.099
17419;TIMLEP;667694.7135;6179957.213
17420;TIMLEP;755623.6342;6302669.045
17421;TIMLEP;687074.0031;6167523.603
17422;TIMLEP;762501.1857;6297399.497
17423;TIMLEP;728531.6944;6285726.423
17424;TIMLEP;705570.6851;6221005.66
17425;TIMLEP;701840.3942;6183463.415
17426;TIMLEP;708998.6366;6154885.292
17427;TIMLEP;706287.6425;6158154.282
17428;TIMLEP;706743.4512;6155921.672
17429;TIMLEP;710113.705;6155364.859
17430;TIMLEP;705918.4728;6157025.616
17431;TIMLEP;705805.574;6156888.271
17432;TIMLEP;706331.7696;6156388.372
17433;TIMLEP;709718.6441;6156936.069
17434;TIMLEP;709920.2683;6155554.671
17435;TIMLEP;710214.761;6155916.676
17436;TIMLEP;669389.6396;6185467.604
17437;TIMLEP;729340.6174;6284083.059
17438;TIMLEP;761469.56;6298767.087
17439;TIMLEP;758916.887;6313381.706
17440;TIMLEP;727866.1523;6289897.101
17441;TIMLEP;766135.0783;6272253.607
17442;TIMLEP;687355.0459;6167447.552
17443;TIMLEP;687319.1097;6167400.965
17444;TIMLEP;687333.0533;6167345.084
17445;TIMLEP;683581.3272;6181424.28
17446;TIMLEP;725611.1375;6288388.223
17447;TIMLEP;709993.6956;6155267.622
17448;TIMLEP;783160.7677;6300558.994
17449;TIMLEP;692192.5289;6188150.665
17450;TIMLEP;758140.0473;6261899.754
17451;TIMLEP;758613.9928;6261952.677
17452;TIMLEP;757989.6503;6262069.849
17453;TIMLEP;760907.5315;6297779.868
17454;TIMLEP;688219.3174;6190288.618
17455;TIMLEP;687003.4038;6187021.306
17456;TIMLEP;688526.6474;6189064.741
17457;TIMLEP;688576.5241;6189020.168
17458;TIMLEP;690665.2062;6193242.792
17459;TIMLEP;691352.4031;6193653.304
17460;TIMLEP;696281.3775;6213497.553
17461;TIMLEP;695322.0144;6222570.97
17462;TIMLEP;685606.7735;6181174.272
17463;TIMLEP;697174.6208;6235499.781
17464;TIMLEP;695665.6301;6231954.195
17465;TIMLEP;694786.2969;6236046.017
17466;TIMLEP;694538.3729;6236090.691
17467;TIMLEP;694995.9909;6221337.086
17468;TIMLEP;693511.9278;6196786.788
17469;TIMLEP;688300.5982;6193124.311
17470;TIMLEP;695621.1408;6215577.204
17471;TIMLEP;696197.5471;6215221.035
17472;TIMLEP;695187.7416;6216233.523
17473;TIMLEP;694771.2724;6221559.631
17474;TIMLEP;694803.1134;6221637.433
17475;TIMLEP;695566.2063;6223438.017
17476;TIMLEP;695327.9606;6224027.447
17477;TIMLEP;697066.8141;6236222.444
17478;TIMLEP;699640.5343;6204634.341
17479;TIMLEP;688633.544;6193501.824
17480;TIMLEP;688741.2985;6193345.944
17481;TIMLEP;688778.52;6193101.222
17482;TIMLEP;689039.4969;6193523.364
17483;TIMLEP;697782.2482;6207926.122
17484;TIMLEP;696725.8254;6205091.072
17485;TIMLEP;697580.2722;6207158.948
17486;TIMLEP;697344.6952;6204245.685
17487;TIMLEP;697603.3326;6207681.557
17488;TIMLEP;696428.7188;6212908.161
17489;TIMLEP;688053.8444;6187586.47
17490;TIMLEP;689221.708;6188440.757
17491;TIMLEP;697910.4125;6202777.655
17492;TIMLEP;696771.2987;6202911.563
17493;TIMLEP;686124.5763;6183664.427
17494;TIMLEP;686351.9169;6183808.526
17495;TIMLEP;684972.4903;6180619.615
17496;TIMLEP;684584.8637;6180375.843
17497;TIMLEP;684527.7953;6179486.215
17498;TIMLEP;684466.357;6179174.943
17499;TIMLEP;695934.8515;6199576.015
17500;TIMLEP;697055.8874;6203367.343
17501;TIMLEP;698640.8237;6205857.643
17502;TIMLEP;698013.4054;6205513.096
17503;TIMLEP;698202.1692;6208693.233
17504;TIMLEP;682317.3451;6171761.62
17505;TIMLEP;681894.1781;6171327.346
17506;TIMLEP;682079.1533;6170049.493
17507;TIMLEP;767023.7249;6299736.546
17508;TIMLEP;745233.2879;6287631.028
17509;TIMLEP;744959.7192;6287896.098
17510;TIMLEP;745248.8202;6287637.033
17511;TIMLEP;745369.9403;6287498.691
17512;TIMLEP;745007.1821;6287518.272
17513;TIMLEP;746772.9123;6275793.068
17514;TIMLEP;745253.833;6287653.593
17515;TIMLEP;752159.3949;6300932.74
17516;TIMLEP;761815.3154;6313339.934
17517;TIMLEP;739227.5767;6313566.818
17518;TIMLEP;737757.8728;6312460.454
17519;TIMLEP;739265.1146;6313681.868
17520;TIMLEP;745226.6193;6315372.504
17521;TIMLEP;708212.9425;6150267.823
17522;TIMLEP;709024.5826;6150746.203
17523;TIMLEP;705605.5369;6222184.213
17524;TIMLEP;706434.1233;6221395.816
17525;TIMLEP;738382.1029;6261960.448
17526;TIMLEP;744998.4383;6254812.662
17527;TIMLEP;749528.1113;6268711.542
17528;TIMLEP;750921.4781;6262444.495
17529;TIMLEP;748817.5823;6264931.015
17530;TIMLEP;742364.5922;6268493.968
17531;TIMLEP;703142.6892;6241325.568
17532;TIMLEP;798854.8082;6299141.514
17533;TIMLEP;742242.7703;6276694.765
17534;TIMLEP;750806.9563;6266098.991
17535;TIMLEP;790068.4442;6291879.682
17536;TIMLEP;790068.7113;6291879.408
17537;TIMLEP;696823.4954;6221293.284
17538;TIMLEP;696662.006;6219982.715
17539;TIMLEP;691709.6011;6225378.612
17540;TIMLEP;692908.9913;6223827.687
17541;TIMLEP;691677.2442;6225292.689
17542;TIMLEP;696366.1788;6220658.417
17543;TIMLEP;707631.5589;6232626.904
17544;TIMLEP;707733.9823;6231639.092
17545;TIMLEP;707734.0535;6231579.95
17546;TIMLEP;707734.0535;6231579.95
17547;TIMLEP;686220.1271;6214492.857
17548;TIMLEP;695766.5491;6219547.651
17549;TIMLEP;776764.0324;6285074.693
17550;TIMLEP;802560.2388;6312779.648
17551;TIMLEP;802518.8817;6312753.418
17552;TIMLEP;698199.2206;6258672.96
17553;TIMLEP;662047.9752;6247184.462
17554;TIMLEP;660196.2467;6246450.964
17555;TIMLEP;662635.9713;6249272.862
17556;TIMLEP;660892.062;6246443.184
17557;TIMLEP;677528.3901;6169496.376
17558;TIMLEP;798982.9029;6295967.804
17559;TIMLEP;766229.6803;6272057.963
17560;TIMLEP;766263.7497;6272047.201
17561;TIMLEP;766245.2711;6272035.894
17562;TIMLEP;766158.4234;6272068.339
17563;TIMLEP;707739.5489;6224293.604
17564;TIMLEP;766117.4185;6271890.073
17565;TIMLEP;707951.8895;6224489.2
17566;TIMLEP;817591.1916;6312800.448
17567;TIMLEP;758248.9177;6272593.556
17568;TIMLEP;707734.0401;6224298.881
17569;TIMLEP;780936.2336;6351412.28
17570;TIMLEP;817607.6897;6312734.072
17571;TIMLEP;816244.1955;6312419.98
17572;TIMLEP;759390.108;6312185.459
17573;TIMLEP;756011.1735;6292731.848
17574;TIMLEP;758283.5889;6304577.303
17575;TIMLEP;758452.2944;6305212.28
17576;TIMLEP;676455.8911;6168443.482
17577;TIMLEP;767263.5613;6270660.472
17578;TIMLEP;762237.0774;6287769.371
17579;TIMLEP;758027.1611;6305175.043
17580;TIMLEP;819741.0925;6297247.306
17581;TIMLEP;756207.8945;6292471.009
17582;TIMLEP;707651.417;6224348.36
17583;TIMLEP;756485.476;6292808.389
17584;TIMLEP;675885.1614;6168512.317
17585;TIMLEP;756414.7253;6292989.689
17586;TIMLEP;800153.3238;6295975.014
17587;TIMLEP;781476.4387;6350657.493
17588;TIMLEP;681842.0786;6265801.525
17589;TIMLEP;766290.8319;6271620.276
17590;TIMLEP;756453.4772;6292627.4
17591;TIMLEP;756250.5207;6293123.486
17592;TIMLEP;708039.5302;6224434.737
17593;TIMLEP;734267.6823;6253648.024
17594;TIMLEP;781119.0321;6350765.324
17595;TIMLEP;727813.8119;6284917.427
17596;TIMLEP;727630.9912;6284842.17
17597;TIMLEP;732177.0319;6284288.929
17598;TIMLEP;790003.3129;6298106.949
17599;TIMLEP;758169.6479;6303756.135
17600;TIMLEP;814667.5232;6295529.931
17601;TIMLEP;764241.3486;6297603.522
17602;TIMLEP;732536.0863;6249658.768
17603;TIMLEP;732575.0497;6249654.52
17604;TIMLEP;814690.9655;6295570.367
17605;TIMLEP;802754.9196;6311524.77
17606;TIMLEP;802595.5733;6311687.78
17607;TIMLEP;687071.3461;6167673.949
17608;TIMLEP;680514.9794;6240850.445
17609;TIMLEP;679938.9526;6240836.657
17610;TIMLEP;679925.1421;6240836.7
17611;TIMLEP;680934.0827;6241093.755
17612;TIMLEP;679484.8144;6171246.212
17613;TIMLEP;683859.5167;6180533.318
17614;TIMLEP;683948.7202;6181122.561
17615;TIMLEP;679761.8344;6240573.744
17616;TIMLEP;680571.0506;6240855.833
17617;TIMLEP;687448.2606;6166708.822
17618;TIMLEP;686304.2264;6169374.025
17619;TIMLEP;686307.5286;6169381.805
17620;TIMLEP;685145.2576;6171918.166
17621;TIMLEP;685122.1338;6171860.381
17622;TIMLEP;683879.4362;6179970.494
17623;TIMLEP;820717.7849;6301636.066
17624;TIMLEP;687450.1429;6166407.376
17625;TIMLEP;687451.0465;6166449.643
17626;TIMLEP;687465.1224;6166504.12
17627;TIMLEP;685437.2553;6194727.069
17628;TIMLEP;684953.1345;6194842.722
17629;TIMLEP;684690.7205;6194595.347
17630;TIMLEP;802138.5677;6307926.282
17631;TIMLEP;802384.6738;6307374.567
17632;TIMLEP;802234.0068;6307592.188
17633;TIMLEP;698503.7482;6241511.375
17634;TIMLEP;698439.554;6241418.01
17635;TIMLEP;698261.5633;6241067.879
17636;TIMLEP;681986.0241;6240782.779
17637;TIMLEP;640174.715;6246789.519
17638;TIMLEP;706758.274;6232287.588
17639;TIMLEP;707746.8875;6232753.413
17640;TIMLEP;707830.0095;6232626.775
17641;TIMLEP;706765.5788;6232303.161
17642;TIMLEP;660364.5487;6239060.075
17643;TIMLEP;638110.0258;6218706.286
17644;TIMLEP;748008.5203;6264002.126
17645;TIMLEP;707656.5132;6232825.568
17646;TIMLEP;707658.9534;6232825.571
17647;TIMLEP;707806.5378;6232530.025
17648;TIMLEP;707819.3078;6232731.266
17649;TIMLEP;707625.715;6232732.145
17650;TIMLEP;707965.2484;6231800.915
17651;TIMLEP;821974.881;6303914.098
17652;TIMLEP;821523.4913;6303323.048
17653;TIMLEP;820672.6483;6302444.346
17654;TIMLEP;640488.4329;6218650.5
17655;TIMLEP;638613.926;6218628.075
17656;TIMLEP;639115.7771;6218331.988
17657;TIMLEP;821037.1681;6303335.992
17658;TIMLEP;821575.9235;6303400.742
17659;TIMLEP;660487.6681;6238994.836
17660;TIMLEP;821988.1011;6303979.927
17661;TIMLEP;704115.0346;6221394.566
17662;TIMLEP;684943.417;6187830.473
17663;TIMLEP;708338.485;6152116.221
17664;TIMLEP;707610.6381;6151877.611
17665;TIMLEP;691554.215;6169551.83
17666;TIMLEP;692928.969;6196882.773
17667;TIMLEP;692943.0177;6196889.753
17668;TIMLEP;692892.3685;6195521.372
17669;TIMLEP;692966.1623;6195579.013
17670;TIMLEP;691488.2757;6169582.36
17671;TIMLEP;683720.3104;6181040.17
17672;TIMLEP;683557.8584;6181503.374
17673;TIMLEP;676004.1217;6170557.641
17674;TIMLEP;659082.3177;6190842.876
17675;TIMLEP;766003.5774;6272290.952
17676;TIMLEP;766027.5612;6272291.508
17677;TIMLEP;677759.4057;6189257.13
17678;TIMLEP;677660.8163;6187677.261
17679;TIMLEP;691023.4624;6169520.002
17680;TIMLEP;707251.4987;6151107.139
17681;TIMLEP;678683.4166;6189169.976
17682;TIMLEP;678563.7106;6189105.588
17683;TIMLEP;678721.8343;6187494.031
17684;TIMLEP;677063.1662;6188159.19
17685;TIMLEP;698571.8978;6173833.598
17686;TIMLEP;684628.1081;6176827.766
17687;TIMLEP;697862.6153;6189346.347
17688;TIMLEP;684938.293;6180019.106
17689;TIMLEP;649354.4184;6169438.083
17690;TIMLEP;682623.7265;6172338.478
17691;TIMLEP;685135.0848;6180363.434
17692;TIMLEP;685560.088;6180829.596
17693;TIMLEP;684860.9278;6181654.215
17694;TIMLEP;686070.0322;6183075.093
17695;TIMLEP;685935.5796;6183442.401
17696;TIMLEP;689853.3456;6193766.692
17697;TIMLEP;690169.8872;6188817.368
17698;TIMLEP;689475.7752;6159620.559
17699;TIMLEP;690293.701;6189462.209
17700;TIMLEP;690397.5678;6189373.084
17701;TIMLEP;691214.1296;6190061.433
17702;TIMLEP;698682.8937;6173972.504
17703;TIMLEP;698781.4966;6173796.986
17704;TIMLEP;698765.6272;6173709.238
17705;TIMLEP;698684.5703;6173554.81
17706;TIMLEP;698793.8414;6173877.713
17707;TIMLEP;698681.1326;6173973.973
17708;TIMLEP;697886.4928;6189317.276
17709;TIMLEP;663427.3689;6177556.464
17710;TIMLEP;695090.3617;6183816.536
17711;TIMLEP;706562.8041;6150719.557
17712;TIMLEP;706528.1326;6150674.352
17713;TIMLEP;762979.8337;6299356.303
17714;TIMLEP;643303.2325;6235173.925
17715;TIMLEP;704678.0654;6221098.085
17716;TIMLEP;704689.0884;6221303.935
17717;TIMLEP;702647.5019;6155297.374
17718;TIMLEP;704542.7641;6220997.908
17719;TIMLEP;702559.5922;6155718.701
17720;TIMLEP;691188.3268;6232370.128
17721;TIMLEP;691108.0922;6232411.981
17722;TIMLEP;690537.7919;6231546.593
17723;TIMLEP;735101.5205;6253536.931
17724;TIMLEP;734943.2426;6253325.173
17725;TIMLEP;734776.2095;6253237.07
17726;TIMLEP;670373.1538;6177829.715
17727;TIMLEP;686937.6812;6234025.63
17728;TIMLEP;734837.2469;6253352.079
17729;TIMLEP;683482.8732;6167827.659
17730;TIMLEP;683476.3949;6167803.703
17731;TIMLEP;683402.2667;6167772.272
17732;TIMLEP;683395.2326;6167779.317
17733;TIMLEP;713426.0281;6290404.773
17734;TIMLEP;736662.7292;6279861.811
17735;TIMLEP;704822.9442;6287618.232
17736;TIMLEP;740547.7194;6270603.773
17737;TIMLEP;748690.0837;6277505.06
17738;TIMLEP;713794.8945;6287357.513
17739;TIMLEP;713802.4442;6287371.977
17740;TIMLEP;714636.8182;6287382.509
17741;TIMLEP;714570.242;6287435.478
17742;TIMLEP;757571.5374;6295079.15
17743;TIMLEP;741281.1648;6270315.598
17744;TIMLEP;704740.7436;6275818.903
17745;TIMLEP;714308.4691;6287537.684
17746;TIMLEP;714304.1184;6287607.577
17747;TIMLEP;741297.3424;6270352.492
17748;TIMLEP;724426.3681;6283327.061
17749;TIMLEP;733647.9115;6276246.083
17750;TIMLEP;743384.448;6269390.893
17751;TIMLEP;746847.7867;6289412.876
17752;TIMLEP;736941.8071;6274782.093
17753;TIMLEP;727408.205;6283196.488
17754;TIMLEP;726462.7901;6283054.681
17755;TIMLEP;726202.7038;6282989.48
17756;TIMLEP;725981.0556;6283056.256
17757;TIMLEP;732241.7833;6267687.146
17758;TIMLEP;733656.9903;6266393.997
17759;TIMLEP;741383.9874;6270559.122
17760;TIMLEP;719279.3952;6282905.649
17761;TIMLEP;718770.3802;6283262.102
17762;TIMLEP;715195.1788;6252639.836
17763;TIMLEP;715566.5506;6252546.799
17764;TIMLEP;714979.6647;6252838.747
17765;TIMLEP;714969.5061;6252813.824
17766;TIMLEP;717387.9212;6284962.013
17767;TIMLEP;717433.2713;6284959.137
17768;TIMLEP;714675.0563;6254344.679
17769;TIMLEP;714424.2241;6254204.717
17770;TIMLEP;715104.7103;6254930.588
17771;TIMLEP;714357.7908;6254329.842
17772;TIMLEP;714257.4487;6254575.72
17773;TIMLEP;727257.0076;6283300.198
17774;TIMLEP;713527.0605;6290543.791
17775;TIMLEP;727396.2465;6284888.834
17776;TIMLEP;727311.8242;6284989.716
17777;TIMLEP;727223.9232;6283280.496
17778;TIMLEP;724984.5235;6282250.3
17779;TIMLEP;724846.8751;6282237.092
17780;TIMLEP;726883.0412;6283604.682
17781;TIMLEP;726893.0448;6283586.276
17782;TIMLEP;722703.2245;6281109.264
17783;TIMLEP;725201.2961;6280256.321
17784;TIMLEP;741591.2959;6270340.285
17785;TIMLEP;724658.0173;6282086.988
17786;TIMLEP;724785.3284;6282227.072
17787;TIMLEP;763992.5472;6297232.607
17788;TIMLEP;708652.48;6285077.189
17789;TIMLEP;708377.7017;6284945.793
17790;TIMLEP;707915.8138;6284682.811
17791;TIMLEP;708739.7633;6285143.656
17792;TIMLEP;741016.2568;6269633.108
17793;TIMLEP;743341.2566;6270296.682
17794;TIMLEP;713694.6632;6289561.961
17795;TIMLEP;741952.9287;6304838.817
17796;TIMLEP;743452.6366;6270174.398
17797;TIMLEP;713631.7812;6289635.952
17798;TIMLEP;713671.8324;6289568.914
17799;TIMLEP;713634.5361;6289629.512
17800;TIMLEP;709538.1664;6284968.541
17801;TIMLEP;709709.3604;6285026.701
17802;TIMLEP;709684.5302;6285014.327
17803;TIMLEP;709571.5837;6284957.922
17804;TIMLEP;739588.3131;6271847.379
17805;TIMLEP;731195.3788;6282850.481
17806;TIMLEP;726897.4714;6283741.998
17807;TIMLEP;741500.9427;6270319.023
17808;TIMLEP;741442.5507;6270519.155
17809;TIMLEP;741215.1363;6270209.025
17810;TIMLEP;714249.4763;6285752.84
17811;TIMLEP;741110.9589;6274115.714
17812;TIMLEP;714538.1259;6286171.36
17813;TIMLEP;679011.1793;6200101.48
17814;TIMLEP;678890.6007;6199979.551
17815;TIMLEP;714507.7443;6286052.377
17816;TIMLEP;724583.114;6282044.578
17817;TIMLEP;738764.9287;6304686.763
17818;TIMLEP;704701.4438;6275864.108
17819;TIMLEP;714904.8385;6254642.333
17820;TIMLEP;711691.9778;6245029.918
17821;TIMLEP;741254.2629;6270424.016
17822;TIMLEP;714723.9593;6240809.18
17823;TIMLEP;711145.9356;6245116.988
17824;TIMLEP;741245.2384;6270218.667
17825;TIMLEP;747846.853;6289969.316
17826;TIMLEP;747802.1578;6289962.757
17827;TIMLEP;746873.3936;6289723.91
17828;TIMLEP;704291.9561;6276374.182
17829;TIMLEP;714614.0429;6253621.013
17830;TIMLEP;714457.6936;6285997.918
17831;TIMLEP;741320.1024;6270684.305
17832;TIMLEP;714618.9474;6253603.572
17833;TIMLEP;741494.6327;6270468.698
17834;TIMLEP;714741.0889;6240778.981
17835;TIMLEP;741310.3977;6270709.473
17836;TIMLEP;709265.907;6286608.714
17837;TIMLEP;683791.5603;6180444.512
17838;TIMLEP;741585.4792;6270351.806
17839;TIMLEP;741350.8787;6270739.3
17840;TIMLEP;708435.5277;6285814.836
17841;TIMLEP;708543.5205;6285711.514
17842;TIMLEP;709430.1491;6285068.958
17843;TIMLEP;708422.8604;6285877.611
17844;TIMLEP;708759.3938;6282542.093
17845;TIMLEP;720997.8661;6281879.387
17846;TIMLEP;708744.754;6282564.856
17847;TIMLEP;720937.5615;6282004.442
17848;TIMLEP;720903.8626;6282385.645
17849;TIMLEP;708801.8014;6282516.923
17850;TIMLEP;720796.6173;6282601.457
17851;TIMLEP;720207.4712;6282512.986
17852;TIMLEP;708781.6906;6282527.009
17853;TIMLEP;744684.2962;6289668.271
17854;TIMLEP;741532.7794;6270434.824
17855;TIMLEP;709315.4172;6286563.333
17856;TIMLEP;764415.6071;6293253.147
17857;TIMLEP;709527.6646;6286271.918
17858;TIMLEP;709238.6599;6286764.819
17859;TIMLEP;722066.0926;6281417.215
17860;TIMLEP;722305.228;6281363.367
17861;TIMLEP;723108.5153;6281590.951
17862;TIMLEP;721681.6576;6281447.126
17863;TIMLEP;709419.3967;6286447.795
17864;TIMLEP;727867.7375;6289897.197
17865;TIMLEP;702165.5006;6280491.655
17866;TIMLEP;673829.7631;6245067.016
17867;TIMLEP;698835.184;6209660.346
17868;TIMLEP;710384.8796;6224020.904
17869;TIMLEP;793195.5323;6290039.904
17870;TIMLEP;820326.302;6308555.184
17871;TIMLEP;819971.4053;6308543.953
17872;TIMLEP;819971.4053;6308543.953
17873;TIMLEP;652450.5059;6231465.36
17874;TIMLEP;653128.9312;6231522.14
17875;TIMLEP;652857.9707;6231555.006
17876;TIMLEP;652450.5059;6231465.36
17877;TIMLEP;653106.7829;6231584.067
17878;TIMLEP;691303.9034;6169636.352
17879;TIMLEP;727135.7256;6284983.34
17880;TIMLEP;727208.3683;6284938.518
17881;TIMLEP;761467.1015;6307726.369
17882;TIMLEP;759035.7559;6313340.449
17883;TIMLEP;758707.8683;6267249.325
17884;TIMLEP;758548.8952;6267203.405
17885;TIMLEP;793187.4099;6289867.427
17886;TIMLEP;758477.7234;6266758.142
17887;TIMLEP;758698.2778;6267060.277
17888;TIMLEP;758678.452;6267104.556
17889;TIMLEP;758745.297;6267138.516
17890;TIMLEP;751239.8728;6262305.432
17891;TIMLEP;758735.4693;6267327.385
17892;TIMLEP;759081.6664;6267775.188
17893;TIMLEP;758385.2724;6267046.294
17894;TIMLEP;696175.0541;6222659.353
17895;TIMLEP;695982.8301;6222726.179
17896;TIMLEP;791318.0946;6290107.083
17897;TIMLEP;758736.0824;6267260.7
17898;TIMLEP;758740.3235;6267327.43
17899;TIMLEP;758721.5032;6267438.41
17900;TIMLEP;759398.0061;6268122.693
17901;TIMLEP;762354.9364;6271018.586
17902;TIMLEP;762131.4029;6270805.221
17903;TIMLEP;767179.9475;6272801.485
17904;TIMLEP;723929.5494;6240212.925
17905;TIMLEP;723885.6351;6240223.878
17906;TIMLEP;723778.8731;6240312.417
17907;TIMLEP;723726.3204;6240023.183
17908;TIMLEP;744244.7512;6259385.392
17909;TIMLEP;745959.7475;6260953.668
17910;TIMLEP;765814.7708;6272620.538
17911;TIMLEP;792447.9868;6289867.76
17912;TIMLEP;766903.1332;6272987.533
17913;TIMLEP;766795.5232;6272841.911
17914;TIMLEP;688430.9116;6192312.254
17915;TIMLEP;787275.4363;6288449.906
17916;TIMLEP;691664.6869;6225281.156
17917;TIMLEP;702475.9524;6224466.536
17918;TIMLEP;747179.1826;6300846.246
17919;TIMLEP;725540.1064;6284039.774
17920;TIMLEP;726164.965;6283335.141
17921;TIMLEP;726701.4913;6283514.871
17922;TIMLEP;693023.4355;6204320.572
17923;TIMLEP;806858.8544;6296464.9
17924;TIMLEP;691890.3291;6169383.345
17925;TIMLEP;688107.3849;6168759.7
17926;TIMLEP;687902.8859;6167424.853
17927;TIMLEP;688019.6102;6168428.282
17928;TIMLEP;687820.4663;6166765.62
17929;TIMLEP;687839.3135;6167131.763
17930;TIMLEP;687854.1664;6167340.408
17931;TIMLEP;687903.5595;6167565.783
17932;TIMLEP;707136.3006;6151390.891
17933;TIMLEP;707434.6677;6151465.563
17934;TIMLEP;707405.4953;6151519.759
17935;TIMLEP;707809.5957;6151878.424
17936;TIMLEP;707431.0979;6151450.007
17937;TIMLEP;707428.7256;6151467.241
17938;TIMLEP;707413.1536;6151510.005
17939;TIMLEP;707271.4774;6151105.916
17940;TIMLEP;707265.1962;6151039.945
17941;TIMLEP;707712.611;6151812.422
17942;TIMLEP;707689.7713;6151839.612
17943;TIMLEP;707326.1452;6151265.213
17944;TIMLEP;707268.92;6151115.975
17945;TIMLEP;757640.0742;6296001.51
17946;TIMLEP;773272.9531;6289611.666
17947;TIMLEP;819818.1213;6309117.249
17948;TIMLEP;822143.0575;6297970.807
17949;TIMLEP;820673.2794;6308408.456
17950;TIMLEP;822720.9161;6307901.851
17951;TIMLEP;822744.8565;6307848.411
17952;TIMLEP;825000.6948;6308780.382
17953;TIMLEP;807009.1733;6313689.105
17954;TIMLEP;805544.1014;6314504.533
17955;TIMLEP;806994.7063;6297132.949
17956;TIMLEP;806872.0059;6297029.268
17957;TIMLEP;808002.3959;6295298.218
17958;TIMLEP;808014.577;6295089.959
17959;TIMLEP;804493.5874;6291986.116
17960;TIMLEP;796121.738;6305129.709
17961;TIMLEP;795468.8488;6304698.428
17962;TIMLEP;798870.1206;6305214.906
17963;TIMLEP;790142.0331;6297678.501
17964;TIMLEP;801217.4105;6319741.542
17965;TIMLEP;825537.0107;6299847.838
17966;TIMLEP;789993.2421;6298140.139
17967;TIMLEP;802645.9602;6311828.472
17968;TIMLEP;803549.4657;6312190.115
17969;TIMLEP;821469.3759;6305658.333
17970;TIMLEP;795147.8451;6304463.102
17971;TIMLEP;802643.2751;6311838.718
17972;TIMLEP;803952.8247;6311686.488
17973;TIMLEP;803539.9337;6312155.709
17974;TIMLEP;795134.0677;6304478.239
17975;TIMLEP;794822.0558;6308475.465
17976;TIMLEP;814238.4046;6306838.429
17977;TIMLEP;813965.3582;6306666.701
17978;TIMLEP;813296.7243;6306804.356
17979;TIMLEP;794769.7876;6308278.697
17980;TIMLEP;789844.4412;6306475.122
17981;TIMLEP;814594.1506;6285235.51
17982;TIMLEP;798946.1358;6305197.638
17983;TIMLEP;810763.326;6293569.961
17984;TIMLEP;739482.314;6293006.612
17985;TIMLEP;702375.8333;6188429.934
17986;TIMLEP;700290.2883;6176835.856
17987;TIMLEP;702298.4102;6188494.798
17988;TIMLEP;702323.7915;6188501.062
17989;TIMLEP;705392.6042;6222323.475
17990;TIMLEP;804393.537;6286106.821
17991;TIMLEP;806702.0652;6344615.341
17992;TIMLEP;804085.9986;6348252.932
17993;TIMLEP;809340.4411;6352232.768
17994;TIMLEP;808744.4984;6345253.65
17995;TIMLEP;764756.4693;6318213.818
17996;TIMLEP;800506.3781;6336170.818
17997;TIMLEP;806657.0713;6344638.514
17998;TIMLEP;808727.1736;6345263.607
17999;TIMLEP;806695.8628;6344610.761
18000;TIMLEP;729348.318;6284194.586
18001;TIMLEP;727223.0195;6279636.249
18002;TIMLEP;727077.3376;6279734.098
18003;TIMLEP;680224.4953;6250541.864
18004;TIMLEP;697224.1167;6218519.819
18005;TIMLEP;769079.0955;6296772.611
18006;TIMLEP;759967.7014;6304059.191
18007;TIMLEP;747734.7241;6290705.049
18008;TIMLEP;842507;6324550
18009;TIMLEP;753204.269;6305445.966
18010;TIMLEP;745649.238;6319469.647
18011;TIMLEP;704496.7431;6221121.82
18012;TIMLEP;681370.8916;6265061.069
18013;TIMLEP;668949.1326;6185218.529
18014;TIMLEP;688419.4762;6189062.76
18015;TIMLEP;688350.9874;6189087.395
18016;TIMLEP;699942.8125;6173428.763
18017;TIMLEP;757276.934;6279805.388
18018;TIMLEP;762068.4423;6275561.866
18019;TIMLEP;751299.5732;6277812.206
18020;TIMLEP;755608.1442;6302622.568
18021;TIMLEP;685997.1477;6179732.395
18022;TIMLEP;688811.1237;6189735.163
18023;TIMLEP;685970.2678;6179801.971
18024;TIMLEP;685921.7398;6179853.543
18025;TIMLEP;685970.2678;6179801.971
18026;TIMLEP;685966.7938;6179823.019
18027;TIMLEP;685967.4327;6179825.39
18028;TIMLEP;688643.4689;6189603.944
18029;TIMLEP;685591.7717;6180243.509
18030;TIMLEP;685827.2042;6180078.179
18031;TIMLEP;685797.2701;6180069.478
18032;TIMLEP;684776.4736;6180162.7
18033;TIMLEP;685846.465;6180034.303
18034;TIMLEP;684866.8994;6181207.374
18035;TIMLEP;678473.2282;6183735.598
18036;TIMLEP;689300.5922;6188364.866
18037;TIMLEP;688828.5742;6189747.285
18038;TIMLEP;691077.5651;6169552.031
18039;TIMLEP;689135.83;6180361.487
18040;TIMLEP;685960.9403;6179850.467
18041;TIMLEP;689843.957;6182582.887
18042;TIMLEP;710188.0928;6155802.484
18043;TIMLEP;685814.8364;6180055.413
18044;TIMLEP;663514.1;6192674.8
18045;TIMLEP;689862.5618;6182894.133
18046;TIMLEP;685614.69;6180262.744
18047;TIMLEP;685974.9424;6179815.369
18048;TIMLEP;685821.9443;6180086.957
18049;TIMLEP;685830.0847;6180075.8
18050;TIMLEP;689167.3027;6180407.534
18051;TIMLEP;688256.2401;6181272.018
18052;TIMLEP;685963.144;6179828.184
18053;TIMLEP;685176.5388;6176787.32
18054;TIMLEP;685981.4652;6179804.319
18055;TIMLEP;685818.3558;6180055.405
18056;TIMLEP;688624.5686;6189327.58
18057;TIMLEP;698620.2271;6171881.949
18058;TIMLEP;685818.3865;6180069.432
18059;TIMLEP;681952.9046;6186974.169
18060;TIMLEP;685832.4717;6180072.907
18061;TIMLEP;685604.1088;6180252.248
18062;TIMLEP;685969.1545;6179807.852
18063;TIMLEP;685830.7236;6180078.171
18064;TIMLEP;687168.3864;6181107.079
18065;TIMLEP;685598.8259;6180250.506
18066;TIMLEP;743278.6883;6297180.122
18067;TIMLEP;739595.3924;6292938.695
18068;TIMLEP;739838.4035;6290225.668
18069;TIMLEP;738007.5692;6285680.699
18070;TIMLEP;737927.0802;6282667.489
18071;TIMLEP;738396.6517;6282347.22
18072;TIMLEP;737943.6348;6282638.914
18073;TIMLEP;740455.631;6293719.698
18074;TIMLEP;738306.7626;6282423.142
18075;TIMLEP;723930.5867;6284517.569
18076;TIMLEP;743260.3888;6297301.352
18077;TIMLEP;737939.4293;6282653.893
18078;TIMLEP;747236.6919;6289929.196
18079;TIMLEP;740478.2679;6293720.287
18080;TIMLEP;739593.7808;6292938.685
18081;TIMLEP;740549.1346;6293852.43
18082;TIMLEP;739569.8296;6292656.592
18083;TIMLEP;741420.67;6295113.276
18084;TIMLEP;739814.8132;6290555.923
18085;TIMLEP;743203.1038;6297293.961
18086;TIMLEP;739840.0899;6293174.934
18087;TIMLEP;743276.3076;6297387.919
18088;TIMLEP;741728.0955;6295575.257
18089;TIMLEP;742259.7167;6296593.28
18090;TIMLEP;739897.3924;6289997.657
18091;TIMLEP;739882.5612;6289997.231
18092;TIMLEP;744064.1349;6267062.067
18093;TIMLEP;771528.3252;6313944.199
18094;TIMLEP;682105.4716;6186941.61
18095;TIMLEP;658747.7934;6187569.288
18096;TIMLEP;703838.5152;6220428.219
18097;TIMLEP;704023.3653;6221252.466
18098;TIMLEP;704546.9917;6220972.147
18099;TIMLEP;746740.2042;6270447.146
18100;TIMLEP;695650.3955;6196039.92
18101;TIMLEP;689578.8225;6192010.037
18102;TIMLEP;697550.1746;6207470.306
18103;TIMLEP;725355.0073;6248944.898
18104;TIMLEP;729109.9406;6250928.421
18105;TIMLEP;759244.8644;6267670.901
18106;TIMLEP;766372.8371;6272711.175
18107;TIMLEP;701320.1895;6253763.42
18108;TIMLEP;684237.0706;6185939.501
18109;TIMLEP;779133.1701;6320283.345
18110;TIMLEP;726998.9553;6289230.523
18111;TIMLEP;727169.4551;6289387.16
18112;TIMLEP;685195.1469;6180030.906
18113;TIMLEP;750354.5147;6269183.213
18114;TIMLEP;779672.863;6299255.351
18115;TIMLEP;716680.8605;6264891.547
18116;TIMLEP;817001.7065;6356417.094
18117;TIMLEP;689758.8919;6229955.066
18118;TIMLEP;689739.1071;6230712.874
18119;TIMLEP;792696.2117;6291260.67
18120;TIMLEP;792817.4354;6291240.208
18121;TIMLEP;713248.9932;6241315.89
18122;TIMLEP;693018.4318;6200323.563
18123;TIMLEP;707427.4808;6151464.882
18124;TIMLEP;730600.9634;6285169.149
18125;TIMLEP;757977.7519;6294899.935
18126;TIMLEP;679431.0048;6156319.579
18127;TIMLEP;679586.7973;6156129.974
18128;TIMLEP;679742.5988;6155940.371
18129;TIMLEP;679767.2929;6155940.294
18130;TIMLEP;707092.7872;6150806.474
18131;TIMLEP;707092.7872;6150806.474
18132;TIMLEP;707479.2624;6151418.773
18133;TIMLEP;707487.4866;6151429.907
18134;TIMLEP;708696.8901;6151771.72
18135;TIMLEP;707314.7336;6151229.464
18136;TIMLEP;707297.1708;6151244.908
18137;TIMLEP;710098.4236;6223866.883
18138;TIMLEP;710218.0832;6223841.379
18139;TIMLEP;662810.4818;6177603.852
18140;TIMLEP;691829.343;6169436.035
18141;TIMLEP;687043.3151;6167535.302
18142;TIMLEP;663515.8796;6177008.755
18143;TIMLEP;691750.8033;6169477.612
18144;TIMLEP;687350.9377;6167315.466
18145;TIMLEP;691498.3037;6169577.935
18146;TIMLEP;691612.5393;6169541.579
18147;TIMLEP;691723.0273;6169494.382
18148;TIMLEP;691650.8567;6169526.319
18149;TIMLEP;663870.5566;6177240.433
18150;TIMLEP;683935.7818;6181129.708
18151;TIMLEP;683701.2786;6181043.311
18152;TIMLEP;691969.8765;6169379.61
18153;TIMLEP;684007.1495;6181132.315
18154;TIMLEP;688057.0124;6158642.301
18155;TIMLEP;751139.7214;6262896.126
18156;TIMLEP;691672.7115;6169511.853
18157;TIMLEP;709867.9164;6155555.326
18158;TIMLEP;662869.6629;6177572.301
18159;TIMLEP;688367.6297;6183154.936
18160;TIMLEP;691228.1831;6169901.443
18161;TIMLEP;691638.7108;6169530.775
18162;TIMLEP;687450.1368;6166550.213
18163;TIMLEP;687440.7338;6166502.276
18164;TIMLEP;686809.5813;6168463.863
18165;TIMLEP;687572.0153;6164686.713
18166;TIMLEP;707055.0142;6150800.207
18167;TIMLEP;683917.7137;6181193.996
18168;TIMLEP;712366.1769;6152142.208
18169;TIMLEP;666161.1587;6196333.614
18170;TIMLEP;691919.4595;6169388.712
18171;TIMLEP;697029.6617;6174152.439
18172;TIMLEP;691665.1675;6169511.347
18173;TIMLEP;679919.6171;6165023.867
18174;TIMLEP;691732.7492;6169487.294
18175;TIMLEP;691486.8495;6169579.706
18176;TIMLEP;691545.1073;6169542.855
18177;TIMLEP;693139.6624;6203558.517
18178;TIMLEP;687352.3581;6167481.475
18179;TIMLEP;693907.2708;6157637.617
18180;TIMLEP;683675.4093;6181055.287
18181;TIMLEP;687219.7591;6161921.134
18182;TIMLEP;683918.1731;6170161.134
18183;TIMLEP;654090.3416;6191112.097
18184;TIMLEP;675017.5973;6241565.578
18185;TIMLEP;668242.0136;6247120.344
18186;TIMLEP;670006.344;6247670.997
18187;TIMLEP;678315.3762;6167696.81
18188;TIMLEP;687972.8482;6192342.884
18189;TIMLEP;690908.8134;6192441.573
18190;TIMLEP;690888.5187;6192547.219
18191;TIMLEP;690449.7089;6191762.027
18192;TIMLEP;679970.4792;6193643.608
18193;TIMLEP;690880.5525;6192008.685
18194;TIMLEP;690300.4412;6191856.289
18195;TIMLEP;690852.5611;6191992.355
18196;TIMLEP;690603.0518;6192138.372
18197;TIMLEP;792510.3721;6366136.199
18198;TIMLEP;792508.0263;6366138.609
18199;TIMLEP;749438.6308;6265237.938
18200;TIMLEP;760848.2489;6274165.299
18201;TIMLEP;698357.7031;6160579.696
18202;TIMLEP;694065.2659;6164745.128
18203;TIMLEP;733322.1913;6266798.428
18204;TIMLEP;697139.8686;6228644.005
18205;TIMLEP;774416.8739;6301017.27
18206;TIMLEP;708056.9524;6224429
18207;TIMLEP;728527.5994;6285701.889
18208;TIMLEP;781959.4038;6350703.085
18209;TIMLEP;696507.4961;6228619.308
18210;TIMLEP;707911.4359;6224488.2
18211;TIMLEP;707959.9652;6224582.969
18212;TIMLEP;735041.6337;6254170.661
18213;TIMLEP;756243.5879;6302086.654
18214;TIMLEP;709473.2337;6226978.553
18215;TIMLEP;696737.3184;6229337.041
18216;TIMLEP;675737.6894;6168401.635
18217;TIMLEP;756479.4247;6292863.681
18218;TIMLEP;756254.8944;6293130.082
18219;TIMLEP;733688.3032;6253785.455
18220;TIMLEP;733623.5605;6253762.882
18221;TIMLEP;756431.872;6292791.799
18222;TIMLEP;817679.9634;6312779.867
18223;TIMLEP;817657.0596;6312801.67
18224;TIMLEP;740079.4486;6284099.238
18225;TIMLEP;819151.6507;6311818.211
18226;TIMLEP;756157.9686;6302336.036
18227;TIMLEP;758269.0307;6305059.352
18228;TIMLEP;819949.7695;6297629.142
18229;TIMLEP;701085.9937;6256153.473
18230;TIMLEP;767867.3374;6272019.588
18231;TIMLEP;766497.0562;6269948.729
18232;TIMLEP;734918.9808;6254243.355
18233;TIMLEP;758237.2242;6272638.633
18234;TIMLEP;734981.937;6254279.603
18235;TIMLEP;681970.429;6265775.264
18236;TIMLEP;676909.6253;6167585.362
18237;TIMLEP;756183.7593;6302027.656
18238;TIMLEP;755930.5377;6302132.336
18239;TIMLEP;758368.7548;6305121.832
18240;TIMLEP;708369.7124;6224329.871
18241;TIMLEP;756231.4151;6302056.308
18242;TIMLEP;776323.8522;6291617.64
18243;TIMLEP;735041.8385;6253570.401
18244;TIMLEP;735051.2612;6254070.67
18245;TIMLEP;840505.7513;6326539.018
18246;TIMLEP;840867.6189;6326753.446
18247;TIMLEP;772588.3899;6316374.103
18248;TIMLEP;772533.0934;6316456.146
18249;TIMLEP;772258.2877;6316129.416
18250;TIMLEP;772672.3417;6316426.052
18251;TIMLEP;698645.0179;6206770.674
18252;TIMLEP;772209.4795;6316142.528
18253;TIMLEP;772820.6418;6316467.888
18254;TIMLEP;698627.8541;6206324.671
18255;TIMLEP;772063.3014;6316139.087
18256;TIMLEP;698745.2793;6206201.886
18257;TIMLEP;698768.5608;6206220.229
18258;TIMLEP;791248.5722;6330742.964
18259;TIMLEP;692556.1922;6203306.427
18260;TIMLEP;677989.171;6170473.512
18261;TIMLEP;687644.0829;6168092.075
18262;TIMLEP;693675.6364;6168693.021
18263;TIMLEP;677952.8216;6169738.638
18264;TIMLEP;682084.866;6216742.277
18265;TIMLEP;712656.4584;6150205.248
18266;TIMLEP;793805.4846;6296541.058
18267;TIMLEP;727634.5518;6250774.4
18268;TIMLEP;749218.5817;6277812.598
18269;TIMLEP;759957.8024;6304146.545
18270;TIMLEP;754697.207;6276090.333
18271;TIMLEP;689598.0075;6199033.918
18272;TIMLEP;743728.7441;6283408.317
18273;TIMLEP;759122.5782;6274640.85
18274;TIMLEP;759118.051;6274731.745
18275;TIMLEP;745122.7663;6289431.774
18276;TIMLEP;747744.3993;6290731.699
18277;TIMLEP;632047.7609;6218090.126
18278;TIMLEP;633098.8411;6217775.162
18279;TIMLEP;633059.8605;6218088.238
18280;TIMLEP;772363.6112;6291116.372
18281;TIMLEP;792688.5063;6290682.61
18282;TIMLEP;698814.5917;6209037.292
18283;TIMLEP;765459.369;6295253.231
18284;TIMLEP;730125.3001;6285171.916
18285;TIMLEP;776383.5771;6287776.122
18286;TIMLEP;756179.9862;6302026.653
18287;TIMLEP;728870.316;6285491.924
18288;TIMLEP;730132.3295;6285105.979
18289;TIMLEP;728508.8998;6285730.06
18290;TIMLEP;756169.6497;6302166.49
18291;TIMLEP;697125.9979;6228457.066
18292;TIMLEP;844429.5086;6323580.092
18293;TIMLEP;776068.4128;6291805.662
18294;TIMLEP;766230.1349;6271624.48
18295;TIMLEP;728840.5357;6285519.573
18296;TIMLEP;756259.8634;6302305.066
18297;TIMLEP;730127.7719;6285165.86
18298;TIMLEP;728875.065;6285446.257
18299;TIMLEP;756261.337;6302323.271
18300;TIMLEP;733280.0464;6267486.685
18301;TIMLEP;759666.0363;6312220.47
18302;TIMLEP;766134.9666;6271679.068
18303;TIMLEP;822341.2221;6320903.252
18304;TIMLEP;746288.855;6289242.412
18305;TIMLEP;760918.941;6303768.349
18306;TIMLEP;821650.5219;6303457.003
18307;TIMLEP;821979.7867;6303899.048
18308;TIMLEP;821540.6913;6303341.726
18309;TIMLEP;820671.0102;6302388.311
18310;TIMLEP;841362.1461;6311162.805
18311;TIMLEP;841431.7404;6311142.126
18312;TIMLEP;827731.1285;6341647.002
18313;TIMLEP;820323.7535;6302447.783
18314;TIMLEP;820595.2847;6308303
18315;TIMLEP;794266.4474;6292935.946
18316;TIMLEP;790144.0738;6297768.886
18317;TIMLEP;702691.0544;6256205.745
18318;TIMLEP;804612.5847;6284290.422
18319;TIMLEP;725781.4052;6284392.524
18320;TIMLEP;698507.6791;6211546.768
18321;TIMLEP;690561.8696;6226679.393
18322;TIMLEP;704784.1658;6220861.647
18323;TIMLEP;676366.093;6169782.455
18324;TIMLEP;706814.0354;6221845.063
18325;TIMLEP;704318.2529;6220470.606
18326;TIMLEP;633814.1178;6201294.579
18327;TIMLEP;705236.0536;6221827.228
18328;TIMLEP;695576.531;6199868.99
18329;TIMLEP;775494.9173;6287710.248
18330;TIMLEP;734139.6507;6266037.581
18331;TIMLEP;820007.6809;6308387.071
18332;TIMLEP;790592.7803;6292654.975
18333;TIMLEP;793141.3928;6290018.907
18334;TIMLEP;790583.4046;6292651.665
18335;TIMLEP;821865.8303;6306690.149
18336;TIMLEP;790760.8718;6293409.555
18337;TIMLEP;793142.6438;6289873.885
18338;TIMLEP;792886.3702;6290444.201
18339;TIMLEP;792869.9004;6290478.86
18340;TIMLEP;793139.6784;6290660.632
18341;TIMLEP;793209.2065;6290030.907
18342;TIMLEP;727779.6907;6284862.919
18343;TIMLEP;727311.941;6284948.178
18344;TIMLEP;790324.1515;6292436.572
18345;TIMLEP;819972.0655;6308573.05
18346;TIMLEP;790056.8148;6290626.2
18347;TIMLEP;699197.8861;6205169.575
18348;TIMLEP;818284.943;6317938.667
18349;TIMLEP;793526.9397;6293416.64
18350;TIMLEP;765358.6385;6272416.114
18351;TIMLEP;766233.1663;6269632.675
18352;TIMLEP;766158.2639;6271962.022
18353;TIMLEP;766141.513;6271942.341
18354;TIMLEP;766110.3174;6271997.237
18355;TIMLEP;766073.197;6271823.925
18356;TIMLEP;766111.2415;6271898.634
18357;TIMLEP;765699.9857;6272563.425
18358;TIMLEP;765719.5969;6272276.992
18359;TIMLEP;766052.8532;6271784.923
18360;TIMLEP;648871.0807;6169309.178
18361;TIMLEP;649204.1845;6169752.651
18362;TIMLEP;650230.9256;6169411.004
18363;TIMLEP;792407.4241;6289900.08
18364;TIMLEP;758784.479;6305546.885
18365;TIMLEP;792911.7104;6290438.435
18366;TIMLEP;791405.3;6289183.9
18367;TIMLEP;712100.0307;6153038.286
18368;TIMLEP;710275.4852;6223981.808
18369;TIMLEP;791570.5079;6289661.44
18370;TIMLEP;763685.5378;6297069.496
18371;TIMLEP;766331.4762;6269463.174
18372;TIMLEP;674031.9565;6206587.564
18373;TIMLEP;681621.0009;6208982.923
18374;TIMLEP;727630.0074;6283290.311
18375;TIMLEP;678819.1594;6230133.312
18376;TIMLEP;647106.9485;6249721.73
18377;TIMLEP;767314.9282;6270613.233
18378;TIMLEP;795695.7138;6364690.409
18379;TIMLEP;702524.3629;6203268.208
18380;TIMLEP;740281.5561;6258280.991
18381;TIMLEP;741707.5926;6258145.625
18382;TIMLEP;741636.0517;6264525.427
18383;TIMLEP;748691.1899;6262585.631
18384;TIMLEP;748910.2517;6262209.377
18385;TIMLEP;748731.7743;6262041.282
18386;TIMLEP;747620.6204;6262066.256
18387;TIMLEP;746767.1242;6261959.917
18388;TIMLEP;740645.0563;6257305.108
18389;TIMLEP;750871.7095;6261517.403
18390;TIMLEP;754169.473;6267513.881
18391;TIMLEP;745565.3883;6259940.559
18392;TIMLEP;748302.9461;6265469.085
18393;TIMLEP;763737.7754;6287167.052
18394;TIMLEP;763974.1564;6287546.763
18395;TIMLEP;767521.3272;6292580.52
18396;TIMLEP;682711.3893;6171764.698
18397;TIMLEP;710180.8828;6224066.806
18398;TIMLEP;695880.4883;6233365.965
18399;TIMLEP;695713.5454;6231831.871
18400;TIMLEP;696065.3143;6229708.191
18401;TIMLEP;695620.3368;6233532.897
18402;TIMLEP;730088.9501;6251622.143
18403;TIMLEP;695588.4121;6235600.729
18404;TIMLEP;744416.6677;6260175.791
18405;TIMLEP;715384.3373;6244133.167
18406;TIMLEP;705786.5831;6242661.051
18407;TIMLEP;717341.3235;6245283.16
18408;TIMLEP;715776.5713;6244111.887
18409;TIMLEP;695753.3103;6234144.26
18410;TIMLEP;697076.4533;6235966.745
18411;TIMLEP;697434.2798;6236233.404
18412;TIMLEP;752227.9483;6302613.124
18413;TIMLEP;638174.5635;6242986.189
18414;TIMLEP;767267.5077;6299597.788
18415;TIMLEP;761796.7764;6313333.601
18416;TIMLEP;644553.828;6231004.526
18417;TIMLEP;643642.5338;6226236.811
18418;TIMLEP;645986.221;6224702.988
18419;TIMLEP;643620.0949;6226327.656
18420;TIMLEP;645313.0278;6230402.395
18421;TIMLEP;643592.0787;6228623.408
18422;TIMLEP;652449.0548;6243732.642
18423;TIMLEP;692557.8797;6172365.123
18424;TIMLEP;692475.2926;6172374.337
18425;TIMLEP;692493.9473;6172390.117
18426;TIMLEP;692578.8713;6172414.483
18427;TIMLEP;692611.2415;6172430.351
18428;TIMLEP;692661.8311;6172442.973
18429;TIMLEP;702998.022;6252796.248
18430;TIMLEP;728532.1334;6278043.548
18431;TIMLEP;706029.2898;6241414.093
18432;TIMLEP;706029.2828;6241421.547
18433;TIMLEP;708937.0042;6242953.035
18434;TIMLEP;713001.361;6236600.587
18435;TIMLEP;709686.592;6240262.428
18436;TIMLEP;702172.8968;6237669.139
18437;TIMLEP;708247.2097;6240033.97
18438;TIMLEP;708062.7482;6240055.636
18439;TIMLEP;709486.8517;6243910.846
18440;TIMLEP;709487.0108;6243913.735
18441;TIMLEP;710280.4082;6245233.044
18442;TIMLEP;710197.5118;6245238.576
18443;TIMLEP;710195.0589;6245249.139
18444;TIMLEP;713971.0817;6255191.568
18445;TIMLEP;760308.5251;6278662.552
18446;TIMLEP;777865.8963;6286001.775
18447;TIMLEP;777645.3645;6286071.439
18448;TIMLEP;709452.992;6243028.699
18449;TIMLEP;792764.2176;6313667.104
18450;TIMLEP;690247.7674;6193264.87
18451;TIMLEP;690016.7941;6194310.793
18452;TIMLEP;690208.3871;6193257.146
18453;TIMLEP;826348.2634;6363533.351
18454;TIMLEP;703927.0951;6227751.021
18455;TIMLEP;806228.3009;6309041.643
18456;TIMLEP;702381.6292;6206177.188
18457;TIMLEP;820498.7759;6300675.385
18458;TIMLEP;820535.8777;6300769.331
18459;TIMLEP;820610.9891;6301227.488
18460;TIMLEP;806206.8003;6294874.327
18461;TIMLEP;820513.1854;6300733.591
18462;TIMLEP;820793.7753;6307570.43
18463;TIMLEP;820706.7506;6301602.981
18464;TIMLEP;819199.0762;6300440.86
18465;TIMLEP;807954.9443;6295405.673
18466;TIMLEP;806803.9925;6296421.833
18467;TIMLEP;804290.4836;6294207.975
18468;TIMLEP;819832.8713;6309112.143
18469;TIMLEP;820285.9224;6302361.761
18470;TIMLEP;822999.6906;6305747.447
18471;TIMLEP;822514.4165;6305709.891
18472;TIMLEP;760840.4877;6280541.933
18473;TIMLEP;696146.6666;6220876.837
18474;TIMLEP;696290.4904;6220607.349
18475;TIMLEP;746725.3694;6288664.959
18476;TIMLEP;762324.9233;6295533.39
18477;TIMLEP;700427.5544;6215391.638
18478;TIMLEP;679813.1129;6184764.145
18479;TIMLEP;691829.558;6199513.629
18480;TIMLEP;685652.0636;6209156.095
18481;TIMLEP;701029.9599;6209093.11
18482;TIMLEP;685655.32;6209144.6
18483;TIMLEP;686380.2084;6208297.505
18484;TIMLEP;768224.1594;6293789.987
18485;TIMLEP;764078.7394;6278599.665
18486;TIMLEP;676158.5683;6169910.202
18487;TIMLEP;729783.9227;6274505.93
18488;TIMLEP;731339.7474;6275723.624
18489;TIMLEP;730103.9018;6285117.992
18490;TIMLEP;737349.9258;6278986.228
18491;TIMLEP;691311.9406;6248905.063
18492;TIMLEP;676406.9448;6249734.085
18493;TIMLEP;701122.4423;6254426.552
18494;TIMLEP;726278.1704;6282244.055
18495;TIMLEP;735723.5081;6277565.296
18496;TIMLEP;744718.5542;6274840.636
18497;TIMLEP;738155.1698;6288661.028
18498;TIMLEP;702691.1521;6253081.233
18499;TIMLEP;685431.711;6252456.746
18500;TIMLEP;764733.7578;6318196.173
18501;TIMLEP;773688.3544;6315973.007
18502;TIMLEP;773653.8791;6315974.323
18503;TIMLEP;764726.7991;6318202.968
18504;TIMLEP;773654.4486;6316073.049
18505;TIMLEP;696599.7511;6274643.386
18506;TIMLEP;681659.1731;6186437.982
18507;TIMLEP;679633.4877;6185880.356
18508;TIMLEP;689423.3716;6188711.186
18509;TIMLEP;689290.5163;6188605.468
18510;TIMLEP;694983.136;6194792.998
18511;TIMLEP;682945.7327;6154889.488
18512;TIMLEP;685939.1898;6157747.09
18513;TIMLEP;691232.4043;6163973.292
18514;TIMLEP;692328.8611;6193358.523
18515;TIMLEP;683809.9709;6158941.079
18516;TIMLEP;677670.1127;6197063.002
18517;TIMLEP;677767.4541;6197065.556
18518;TIMLEP;677836.4335;6196764.62
18519;TIMLEP;679310.8961;6196987.695
18520;TIMLEP;677681.0332;6197100.435
18521;TIMLEP;690190.39;6193259.177
18522;TIMLEP;684219.5819;6158753.3
18523;TIMLEP;684211.8408;6158751.976
18524;TIMLEP;659652.0842;6170509.059
18525;TIMLEP;660227.6701;6169800.296
18526;TIMLEP;660098.1391;6171442.868
18527;TIMLEP;660170.9964;6170549.344
18528;TIMLEP;696771.9537;6211718.349
18529;TIMLEP;646996.2525;6249770.965
18530;TIMLEP;693903.4055;6171820.822
18531;TIMLEP;720822.4816;6252484.48
18532;TIMLEP;693195.2171;6204554.2
18533;TIMLEP;693189.6166;6204463.118
18534;TIMLEP;697862.1137;6213040.818
18535;TIMLEP;790136.9239;6297778.053
18536;TIMLEP;790147.1925;6297785.086
18537;TIMLEP;693130.7;6204516.2
18538;TIMLEP;746960.6089;6316466.922
18539;TIMLEP;782055.5954;6291807.039
18540;TIMLEP;794213.9825;6293308.807
18541;TIMLEP;794079.6732;6293529.468
18542;TIMLEP;694021.9452;6204800.977
18543;TIMLEP;660128.5248;6170427.917
18544;TIMLEP;660133.5542;6170430.776
18545;TIMLEP;693018.0273;6204432.117
18546;TIMLEP;708561.9716;6256083.949
18547;TIMLEP;715381.3308;6236917.786
18548;TIMLEP;715398.9861;6235758.205
18549;TIMLEP;715242.7583;6234305.471
18550;TIMLEP;715368.8272;6236707.536
18551;TIMLEP;715359.265;6236728.526
18552;TIMLEP;715182.321;6234310.108
18553;TIMLEP;715558.9794;6236096.995
18554;TIMLEP;693021.8967;6204444.751
18555;TIMLEP;692922.6594;6204309.871
18556;TIMLEP;678411.3387;6231023.228
18557;TIMLEP;692922.6594;6204309.871
18558;TIMLEP;693294.0788;6204656.968
18559;TIMLEP;693035.9933;6204390.675
18560;TIMLEP;687536.9739;6195724.276
18561;TIMLEP;692879.4872;6203851.226
18562;TIMLEP;692363.5014;6199546.817
18563;TIMLEP;693192.43;6204459.08
18564;TIMLEP;691077.3295;6197559.165
18565;TIMLEP;790136.326;6297688.214
18566;TIMLEP;790153.2918;6297780.756
18567;TIMLEP;715235.8189;6234521.132
18568;TIMLEP;715385.9742;6236845.32
18569;TIMLEP;715343.0498;6235553.292
18570;TIMLEP;721666.7047;6241111.465
18571;TIMLEP;721668.7564;6241104.8
18572;TIMLEP;715226.5066;6235395.478
18573;TIMLEP;715150.1728;6235148.939
18574;TIMLEP;762622.9602;6284933.22
18575;TIMLEP;715198.9558;6235768.51
18576;TIMLEP;729075.2;6287724.017
18577;TIMLEP;790146.5615;6297771.147
18578;TIMLEP;781989.9433;6291777.251
18579;TIMLEP;693055.6652;6204319.614
18580;TIMLEP;722878.6793;6240627.978
18581;TIMLEP;721911.139;6241184.883
18582;TIMLEP;694957.3683;6238655.716
18583;TIMLEP;688185.4655;6215841.841
18584;TIMLEP;730136.7501;6251549.251
18585;TIMLEP;705769.835;6222571.073
18586;TIMLEP;689729.7979;6191720.651
18587;TIMLEP;776018.3727;6290730.565
18588;TIMLEP;725015.0238;6283531.549
18589;TIMLEP;728192.5677;6286463.453
18590;TIMLEP;728133.3143;6285128.713
18591;TIMLEP;727936.8871;6285201.52
18592;TIMLEP;761510.0405;6307764.839
18593;TIMLEP;707834.3;6226239.911
18594;TIMLEP;702690.1772;6256171.954
18595;TIMLEP;690680.1703;6255895.283
18596;TIMLEP;708317.8619;6225709.948
18597;TIMLEP;708652.9324;6226381.167
18598;TIMLEP;793697.3847;6367978.953
18599;TIMLEP;798777.7753;6369861.795
18600;TIMLEP;796849.2483;6369523.589
18601;TIMLEP;793697.3847;6367978.953
18602;TIMLEP;794897.5251;6367422.555
18603;TIMLEP;727267.5368;6285007.086
18604;TIMLEP;785957.7955;6300641.678
18605;TIMLEP;727616.117;6270219.679
18606;TIMLEP;825523.811;6302617.464
18607;TIMLEP;829505.5011;6302439.729
18608;TIMLEP;827013;6302860
18609;TIMLEP;819584.5144;6308326.044
18610;TIMLEP;824967.4442;6308361.25
18611;TIMLEP;825797.6154;6303471.8
18612;TIMLEP;819892.9532;6300488.44
18613;TIMLEP;819937.9092;6300852.524
18614;TIMLEP;819679.6599;6301172.999
18615;TIMLEP;807075.3488;6297065.414
18616;TIMLEP;820244.2993;6302553.715
18617;TIMLEP;825240.5004;6307902.355
18618;TIMLEP;824964.1278;6308529.692
18619;TIMLEP;791188.6972;6314723.251
18620;TIMLEP;794357.1059;6315721.015
18621;TIMLEP;814133.0407;6306843.413
18622;TIMLEP;813967.2995;6306654.697
18623;TIMLEP;793514.9155;6315456.102
18624;TIMLEP;793231.6776;6315029.466
18625;TIMLEP;813706.4108;6306766.966
18626;TIMLEP;819867.7368;6300543.053
18627;TIMLEP;819974.9208;6300813.629
18628;TIMLEP;819732.0472;6301143.002
18629;TIMLEP;820301.9876;6302516.945
18630;TIMLEP;825236.6775;6307921.196
18631;TIMLEP;825091.0536;6308480.609
18632;TIMLEP;825092.6796;6308398.107
18633;TIMLEP;798977.5659;6305211.419
18634;TIMLEP;795450.2884;6304694.709
18635;TIMLEP;795157.9026;6304507.979
18636;TIMLEP;795966.1251;6304943.305
18637;TIMLEP;794831.4544;6308539.215
18638;TIMLEP;794945.8751;6308155.824
18639;TIMLEP;806917.5732;6313703.02
18640;TIMLEP;793513.066;6315464.661
18641;TIMLEP;805666.4817;6314465.394
18642;TIMLEP;821661.5505;6299971.131
18643;TIMLEP;822590.5956;6307911.783
18644;TIMLEP;803924.0244;6311655.085
18645;TIMLEP;802633.1819;6311823.09
18646;TIMLEP;791729.4569;6313202.328
18647;TIMLEP;792290.9291;6312526.723
18648;TIMLEP;819925.5822;6309092.71
18649;TIMLEP;819890.7892;6308194.551
18650;TIMLEP;820166.5736;6307845.545
18651;TIMLEP;818927.2096;6309063.607
18652;TIMLEP;821946.6922;6298526.758
18653;TIMLEP;820166.0204;6307874.767
18654;TIMLEP;820157.3625;6307785.186
18655;TIMLEP;820294.3327;6302465.17
18656;TIMLEP;819704.9135;6301207.902
18657;TIMLEP;819935.5653;6300885.187
18658;TIMLEP;819876.7612;6300522.565
18659;TIMLEP;821964.882;6298389.338
18660;TIMLEP;821656.5339;6299962.427
18661;TIMLEP;821656.5009;6299964.148
18662;TIMLEP;821571.824;6299874.72
18663;TIMLEP;821980.4629;6298387.915
18664;TIMLEP;821953.9986;6298506.233
18665;TIMLEP;821522.4439;6299927.149
18666;TIMLEP;825206.4165;6307705.645
18667;TIMLEP;794300.1602;6316073.905
18668;TIMLEP;793661.9305;6316352.912
18669;TIMLEP;793575.7483;6315888.022
18670;TIMLEP;791198.8876;6314733.702
18671;TIMLEP;791406.7626;6313225.155
18672;TIMLEP;821961.0306;6298409.93
18673;TIMLEP;808625.5675;6316038.732
18674;TIMLEP;794228.9534;6315995.575
18675;TIMLEP;803577.1842;6312197.555
18676;TIMLEP;821538.9754;6299875.813
18677;TIMLEP;803932.6722;6311653.509
18678;TIMLEP;793492.8722;6315431.735
18679;TIMLEP;793247.0333;6315039.996
18680;TIMLEP;821955.2637;6298530.367
18681;TIMLEP;793941.8269;6316533.907
18682;TIMLEP;793558.3431;6315899.785
18683;TIMLEP;825201.4408;6307782.931
18684;TIMLEP;794238.001;6315966.518
18685;TIMLEP;793651.696;6316345.893
18686;TIMLEP;793617.3488;6315871.465
18687;TIMLEP;772410.2971;6316107.172
18688;TIMLEP;820885.9059;6301852.546
18689;TIMLEP;825840.649;6302886.292
18690;TIMLEP;772760.1012;6315953.215
18691;TIMLEP;772965.7752;6315598.433
18692;TIMLEP;773298.7889;6315409.956
18693;TIMLEP;773630.6661;6315321.075
18694;TIMLEP;773909.1889;6315966.507
18695;TIMLEP;793240.2675;6315031.31
18696;TIMLEP;807976.7658;6295382.2
18697;TIMLEP;804565.6227;6292023.496
18698;TIMLEP;831400.1289;6304475.491
18699;TIMLEP;827546.8622;6303235.648
18700;TIMLEP;825511.3762;6299740.227
18701;TIMLEP;702655.7858;6155282.919
18702;TIMLEP;703018.0887;6252714.695
18703;TIMLEP;695316.5181;6218661.093
18704;TIMLEP;695225.8537;6218887.073
18705;TIMLEP;696538.2833;6218358.066
18706;TIMLEP;696685.5918;6218276.663
18707;TIMLEP;759115.1889;6274724.807
18708;TIMLEP;741425.1011;6288786.598
18709;TIMLEP;739817.0412;6289452.15
18710;TIMLEP;741267.2345;6288908.599
18711;TIMLEP;695754.6913;6259713.176
18712;TIMLEP;749559.2606;6271758.462
18713;TIMLEP;746625.8376;6270358.954
18714;TIMLEP;746560.2711;6287215.916
18715;TIMLEP;751537.3427;6271138.973
18716;TIMLEP;746815.1041;6270488.598
18717;TIMLEP;746369.3795;6270247.591
18718;TIMLEP;744098.7034;6260006.857
18719;TIMLEP;725042.331;6249021.481
18720;TIMLEP;760217.4069;6268563.859
18721;TIMLEP;820087.4785;6300690.589
18722;TIMLEP;757556.5917;6294068.808
18723;TIMLEP;698585.52;6206577.318
18724;TIMLEP;678554.3993;6198004.576
18725;TIMLEP;680335.6083;6196771.206
18726;TIMLEP;680234.9938;6197357.897
18727;TIMLEP;698651.7213;6206410.954
18728;TIMLEP;680342.15;6196689.895
18729;TIMLEP;660537.1937;6242698.263
18730;TIMLEP;646754.1684;6249430.921
18731;TIMLEP;680364.3932;6196795.584
18732;TIMLEP;677461.0426;6196147.949
18733;TIMLEP;674720.8185;6196443.113
18734;TIMLEP;790015.2318;6349689.641
18735;TIMLEP;790055.0719;6349752.431
18736;TIMLEP;672113.9548;6233161.702
18737;TIMLEP;662471.7204;6245168.346
18738;TIMLEP;660198.2606;6246044.707
18739;TIMLEP;646649.9917;6246643.411
18740;TIMLEP;654208.0529;6230864.088
18741;TIMLEP;680507.2136;6196552.724
18742;TIMLEP;680506.3688;6196543.83
18743;TIMLEP;676544.619;6196046.567
18744;TIMLEP;646405.6333;6248026.917
18745;TIMLEP;679805.726;6198078.829
18746;TIMLEP;691292.6607;6189879.3
18747;TIMLEP;691347.2763;6189989.519
18748;TIMLEP;688055.5057;6199950.129
18749;TIMLEP;688688.4939;6199770.692
18750;TIMLEP;689428.3319;6199467.023
18751;TIMLEP;690169.8787;6194474.837
18752;TIMLEP;689718.1466;6188642.009
18753;TIMLEP;689738.2265;6191673.546
18754;TIMLEP;691313.898;6189993.065
18755;TIMLEP;691248.7207;6189868.855
18756;TIMLEP;688671.1112;6188846.874
18757;TIMLEP;688958.4883;6188364.843
18758;TIMLEP;689752.3867;6188069.346
18759;TIMLEP;689713.5207;6189048.24
18760;TIMLEP;689696.9801;6188593.014
18761;TIMLEP;660908.7585;6170043.856
18762;TIMLEP;688046.2012;6199960.381
18763;TIMLEP;688697.3207;6199802.141
18764;TIMLEP;689459.903;6199461.727
18765;TIMLEP;690147.0215;6194453.878
18766;TIMLEP;689773.5296;6188102.585
18767;TIMLEP;688947.4395;6188513.704
18768;TIMLEP;691225.0782;6189837.375
18769;TIMLEP;690323.9141;6194524.849
18770;TIMLEP;687058.311;6167597.884
18771;TIMLEP;690125.3945;6194448.174
18772;TIMLEP;691255.1541;6189835.094
18773;TIMLEP;689452.2587;6199416.035
18774;TIMLEP;688703.7765;6199796.633
18775;TIMLEP;688653.5903;6188876.671
18776;TIMLEP;688014.585;6199939.463
18777;TIMLEP;688984.8559;6188368.301
18778;TIMLEP;689752.4949;6188137.642
18779;TIMLEP;660103.1776;6168869.918
18780;TIMLEP;687071.5958;6167551.055
18781;TIMLEP;686943.6711;6168355.509
18782;TIMLEP;687377.9981;6161853.228
18783;TIMLEP;688471.6416;6158811.218
18784;TIMLEP;687567.8876;6164655.37
18785;TIMLEP;669384.8422;6186256.626
18786;TIMLEP;690887.0996;6192030.188
18787;TIMLEP;687378.7322;6167274.068
18788;TIMLEP;687709.2366;6161935.539
18789;TIMLEP;689691.7945;6188647.304
18790;TIMLEP;687342.1374;6167495.488
18791;TIMLEP;691235.6655;6189870.624
18792;TIMLEP;691318.3895;6189977.303
18793;TIMLEP;689726.5107;6188375.835
18794;TIMLEP;687375.0614;6167437.194
18795;TIMLEP;688494.2196;6188621.307
18796;TIMLEP;689776.2778;6188097.327
18797;TIMLEP;687394.6259;6161910.079
18798;TIMLEP;687082.5755;6167569.316
18799;TIMLEP;687342.0551;6167453.327
18800;TIMLEP;687704.8269;6161936.783
18801;TIMLEP;761345.2979;6293648.924
18802;TIMLEP;707635.7391;6224288.028
18803;TIMLEP;692922.6594;6204309.871
18804;TIMLEP;728483.8062;6285907.663
18805;TIMLEP;762174.1401;6287854.581
18806;TIMLEP;707901.7961;6224364.87
18807;TIMLEP;728906.1454;6285530.078
18808;TIMLEP;762432.021;6287606.515
18809;TIMLEP;790159.1796;6297814.297
18810;TIMLEP;707741.7258;6224305.684
18811;TIMLEP;761833.9428;6291636.446
18812;TIMLEP;790144.0634;6297763.942
18813;TIMLEP;722546.0534;6251667.334
18814;TIMLEP;789219.9366;6297852.353
18815;TIMLEP;708045.2907;6224686.815
18816;TIMLEP;789233.5019;6297915.142
18817;TIMLEP;690315.0871;6234209.971
18818;TIMLEP;728434.1795;6285657
18819;TIMLEP;823350.0044;6297858.712
18820;TIMLEP;790154.7473;6297778.326
18821;TIMLEP;818953.4941;6309080.76
18822;TIMLEP;804483.1941;6292030.158
18823;TIMLEP;807993.6824;6295343.983
18824;TIMLEP;808037.7917;6294986.377
18825;TIMLEP;806858.1769;6297071.492
18826;TIMLEP;806953.2596;6297172.985
18827;TIMLEP;795441.8469;6304697.519
18828;TIMLEP;795134.031;6304503.677
18829;TIMLEP;796227.0707;6305166.922
18830;TIMLEP;799027.4483;6305237.494
18831;TIMLEP;805501.8503;6314605.438
18832;TIMLEP;806968.4867;6313695.558
18833;TIMLEP;794917.8717;6308490.525
18834;TIMLEP;794837.1871;6308348.346
18835;TIMLEP;802633.359;6311857.899
18836;TIMLEP;791428.3822;6313245.101
18837;TIMLEP;809175.7949;6348574.752
18838;TIMLEP;790145.9189;6297669.713
18839;TIMLEP;790143.615;6297805.365
18840;TIMLEP;693230.5459;6204449.156
18841;TIMLEP;820131.9639;6307706.791
18842;TIMLEP;820146.5461;6307848.073
18843;TIMLEP;819971.0299;6309099.914
18844;TIMLEP;692364.7482;6193345.807
18845;TIMLEP;704753.6077;6201578.532
18846;TIMLEP;766595.4509;6322035.305
18847;TIMLEP;766588.1931;6322044.426
18848;TIMLEP;766583.9117;6322035.255
18849;TIMLEP;759726.2887;6301534.663
18850;TIMLEP;707658.0327;6152004.581
18851;TIMLEP;707430.5377;6151451.278
18852;TIMLEP;707426.9337;6151479.501
18853;TIMLEP;707432.639;6151467.543
18854;TIMLEP;707431.6674;6151452.418
18855;TIMLEP;707423.1746;6151491.514
18856;TIMLEP;707432.431;6151465.472
18857;TIMLEP;823732.0297;6357651.971
18858;TIMLEP;662625.7821;6248211.592
18859;TIMLEP;662633.8372;6248207.463
18860;TIMLEP;695410.8713;6219865.852
18861;TIMLEP;662654.6455;6248211.499
18862;TIMLEP;662711.9838;6248279.267
18863;TIMLEP;791318.4585;6290104.198
18864;TIMLEP;792447.8159;6289868.425
18865;TIMLEP;787274.6847;6288451.785
18866;TIMLEP;793187.7909;6289863.432
18867;TIMLEP;818580.4449;6308851.979
18868;TIMLEP;704615.2441;6201369.363
18869;TIMLEP;702374.5481;6188435.904
18870;TIMLEP;688899.8909;6199619.002
18871;TIMLEP;795712.0694;6365763.842
18872;TIMLEP;691806.5481;6169453.725
18873;TIMLEP;691679.22;6169512.061
18874;TIMLEP;691671.2459;6169507.066
18875;TIMLEP;691867.2871;6169416.72
18876;TIMLEP;692052.0588;6169387.633
18877;TIMLEP;692182.9759;6169393.893
18878;TIMLEP;692133.3569;6169406.22
18879;TIMLEP;691806.7211;6169460.621
18880;TIMLEP;691940.8918;6169387.684
18881;TIMLEP;693694.8922;6194006.458
18882;TIMLEP;715158.1873;6237138.097
18883;TIMLEP;691665.3029;6225291.553
18884;TIMLEP;820755.3249;6308116.385
18885;TIMLEP;820487.4815;6308352.665
18886;TIMLEP;790307.3678;6291828.147
18887;TIMLEP;790292.7126;6292464.781
18888;TIMLEP;821382.8695;6305944.856
18889;TIMLEP;819258.7446;6308444.446
18890;TIMLEP;763385.3821;6308607.181
18891;TIMLEP;727536.1709;6284783.985
18892;TIMLEP;689551.9655;6229362.939
18893;TIMLEP;654371.7633;6237533.196
18894;TIMLEP;653107.839;6229473.912
18895;TIMLEP;654424.0703;6237486.054
18896;TIMLEP;654371.5996;6237509.429
18897;TIMLEP;654378.3137;6237517.049
18898;TIMLEP;654391.9024;6237509.54
18899;TIMLEP;654356.5896;6237498.086
18900;TIMLEP;654390.5819;6237500.502
18901;TIMLEP;654379.4583;6237545.437
18902;TIMLEP;654391.9024;6237509.54
18903;TIMLEP;660002.061;6247823.02
18904;TIMLEP;654388.1314;6237518.717
18905;TIMLEP;654830.5498;6238464.238
18906;TIMLEP;790232.9244;6273742.666
18907;TIMLEP;790705.9972;6273575.563
18908;TIMLEP;689581.4554;6189068.223
18909;TIMLEP;790595.8791;6273590.516
18910;TIMLEP;661407.4579;6220477.805
18911;TIMLEP;663678.0086;6218843.235
18912;TIMLEP;662611.0389;6219514.707
18913;TIMLEP;659300.0406;6222822.577
18914;TIMLEP;660108.2281;6220778.464
18915;TIMLEP;659678.3432;6222840.021
18916;TIMLEP;671711.0677;6216694.955
18917;TIMLEP;689216.2154;6245126.22
18918;TIMLEP;689623.0305;6248443.692
18919;TIMLEP;688506.1693;6252696.596
18920;TIMLEP;689344.3251;6246913.755
18921;TIMLEP;689217.6433;6245751.426
18922;TIMLEP;715381.9355;6240461.656
18923;TIMLEP;716606.8541;6241587.505
18924;TIMLEP;790597.2415;6292656.403
18925;TIMLEP;743080.7607;6297310.662
18926;TIMLEP;746247.3882;6289142.05
18927;TIMLEP;733228.2881;6253528.157
18928;TIMLEP;775976.8417;6290630.189
18929;TIMLEP;730343.1983;6272011.365
18930;TIMLEP;725016.8513;6283532.032
18931;TIMLEP;714996.8444;6254712.244
18932;TIMLEP;681856.3261;6171019.785
18933;TIMLEP;806140.5139;6309747.371
18934;TIMLEP;806451.4712;6310429.964
18935;TIMLEP;805943.2117;6309595.133
18936;TIMLEP;822015.1866;6298408.541
18937;TIMLEP;749828.0953;6302114.908
18938;TIMLEP;727175.4105;6289024.402
18939;TIMLEP;765951.1444;6272204.809
18940;TIMLEP;727865.7118;6289898.93
18941;TIMLEP;766027.6562;6271768.217
18942;TIMLEP;727018.8915;6289155.182
18943;TIMLEP;749124.2883;6277818.888
18944;TIMLEP;703055.1364;6243294.639
18945;TIMLEP;695974.7184;6212992.321
18946;TIMLEP;794836.0268;6366694.018
18947;TIMLEP;669309.9873;6185387.431
18948;TIMLEP;757885.6764;6277004.415
18949;TIMLEP;695852.5157;6229285.734
18950;TIMLEP;757718.2445;6277350.45
18951;TIMLEP;794908.0191;6366421.015
18952;TIMLEP;795038.982;6366468.989
18953;TIMLEP;708253.3151;6225802.966
18954;TIMLEP;794889.01;6366418.95
18955;TIMLEP;793553.0247;6367076.991
18956;TIMLEP;717205.6596;6241067.143
18957;TIMLEP;697251.0394;6275516.202
18958;TIMLEP;768253.1601;6300151.94
18959;TIMLEP;769112.0438;6302640.07
18960;TIMLEP;731224.1174;6283378.987
18961;TIMLEP;726891.4275;6283397.192
18962;TIMLEP;726767.9897;6283514.009
18963;TIMLEP;737225.341;6278762.535
18964;TIMLEP;707143.5085;6226062.786
18965;TIMLEP;677816.9893;6195826.174
18966;TIMLEP;678378.6046;6195264.533
18967;TIMLEP;678383.8478;6195257.519
18968;TIMLEP;715386.1678;6237510.914
18969;TIMLEP;733428.7999;6266135.429
18970;TIMLEP;733254.5693;6266129.584
18971;TIMLEP;743117.8421;6264668.578
18972;TIMLEP;732839.3097;6265954.318
18973;TIMLEP;766899.9801;6273149.246
18974;TIMLEP;807432.6337;6315215.064
18975;TIMLEP;737268.1808;6256655.825
18976;TIMLEP;737268.1808;6256655.825
18977;TIMLEP;737556.2828;6258865.303
18978;TIMLEP;728584.7243;6285737.12
18979;TIMLEP;737630.5267;6263508.79
18980;TIMLEP;729293.8019;6285547.694
18981;TIMLEP;754062.772;6267605.873
18982;TIMLEP;754111.9953;6267861.496
18983;TIMLEP;759365.2239;6278272.713
18984;TIMLEP;753509.8396;6266309.158
18985;TIMLEP;821425.073;6305948.828
18986;TIMLEP;732058.462;6253362.541
18987;TIMLEP;766314.5349;6272655.661
18988;TIMLEP;765369.7044;6272398.09
18989;TIMLEP;766112.952;6272329.967
18990;TIMLEP;766080.7889;6272273.052
18991;TIMLEP;761309.5599;6298726.864
18992;TIMLEP;766027.1598;6271775.32
18993;TIMLEP;766000.3197;6272298.895
18994;TIMLEP;766036.2756;6271769.524
18995;TIMLEP;766030.3186;6271774.797
18996;TIMLEP;765994.9611;6272278.036
18997;TIMLEP;765987.6344;6272141.709
18998;TIMLEP;765365.6031;6272422.855
18999;TIMLEP;766004.4239;6272291.482
19000;TIMLEP;765991.0422;6272265.677
19001;TIMLEP;766065.1932;6272276.121
19002;TIMLEP;767543.4134;6272251.57
19003;TIMLEP;765994.1661;6272267.654
19004;TIMLEP;765985.5791;6272290.686
