POINT;EXOGRAS;EXOSCRU;MATPLA;NATFOR;NATGRAS;NATSCRU;YOUPLA;SHA500;ALTI;VH
1;76.92;0;1.62;0;0;0;0;0.100467166;210;8
2;67.16;11.36;0;0;0;0;0;0.413362728;226;2
3;67.16;11.36;0;0;0;0;0;0.413362728;225;4
4;29.31;0;49.22;0;0;0;0;0.660654027;231;4
5;31.98;0;46.54;0;0;0;0;0.675855047;233;2
8;60.82;0;16.83;0;0;0;0.89;0.578864828;214;8
9;21.85;0;38.05;0;0;0;18.63;1.048333629;184;8
10;0;0;37.64;0;0;0;40.88;0.692295606;184;8
11;25.78;0;51.57;0;0;0;1.19;0.705356356;206;15
12;27.74;0;38.2;0;0;0;12.59;1.011613564;205;15
13;15.45;0;29.41;0;0;0;33.66;1.050820064;188;4
14;6.22;0;60.61;0;0;0;11.72;0.684722743;205;15
15;2.23;0;68.5;0;0;0;7.8;0.449705852;207;25
16;29.56;0;21.25;0;0;0;27.72;1.089059033;194;25
17;0;0;34.43;0;0;0;44.09;0.685560278;195;15
18;0;0;45.22;0;0;0;33.32;0.681624434;194;25
19;0;0;78.54;0;0;0;0;0;204;0
20;15.39;0;54.54;0;0;0;8.59;0.814608549;200;15
21;24.9;0;25.21;0;0;0;28.42;1.096788575;180;4
51;1.38;0;28.76;48.33;0;0;0;0.737443342;442;25
52;0;0;34.65;43.82;0;0;0;0.68630343;458;25
53;0;1.16;20.11;57.23;0;0;0;0.641558082;487;15
54;0;0.24;31.72;46.56;0;0;0;0.693755791;459;15
57;6.17;0;40.93;31.41;0;0;0;0.90598051;486;15
58;26.26;0;52.25;0;0;0;0;0.637305803;393;25
59;16.26;0;62.23;0;0;0;0;0.510169691;443;15
60;11.62;0;66.9;0;0;0;0;0.419202741;452;15
61;30.83;0;47.7;0;0;0;0;0.669892023;419;25
62;0;3.65;58.53;8.86;0;7.51;0;0.832400795;609;8
73;9.94;0;68.62;0;0;0;0;0.3797319;114;15
74;0;0;70.52;8.01;0;0;0;0.329453669;109;8
75;19.69;0;58.97;0;0;0;0;0.56268404;207;8
76;0;0;78.54;0;0;0;0;0;170;15
77;9.7;0;68.52;0;0;0;0;0.374837665;293;15
78;14.69;0;64.18;0;0;0;0;0.480748154;161;25
79;15.06;17.47;37.35;3.81;1.52;0;0;1.238669094;434;25
81;0.04;0;78.45;0;0;0;0;0.004373343;229;8
82;11.65;4.29;0;49.89;12.97;0;0;1.027443914;686;2
84;38.57;0;0;24.27;0;15.34;0;1.031255532;278;15
85;0;0;0;32.19;6.98;39.38;0;0.926841844;371;8
87;1.59;0;0;3.67;13.92;59.26;0;0.740962399;326;8
88;27.23;0;0.72;0;3.45;47.03;0;0.85442971;216;8
89;33.48;0;0;7.85;11.89;25.3;0;1.244441303;349;4
90;38.75;0;0.8;15.2;0;23.51;0;1.074449159;201;8
91;55.33;0;0;18.19;4.85;0;0;0.756979782;494;8
92;49.9;0;0;22.31;6.2;0;0;0.845874635;410;4
95;1.01;0;0;31.06;42.7;3.83;0;0.90155724;413;0
96;44.15;0;0;29.57;4.8;0;0;0.862358881;354;4
97;33.63;0;0;31.56;11.57;1.57;0;1.090133459;236;4
98;35.96;0;0;24.37;9.19;8.83;0;1.218072161;213;4
99;33.33;0;0;40.19;0;0;5.12;0.88473668;679;15
100;35.14;0;0;42.61;0.07;0.03;0.65;0.740418783;710;15
101;13.33;0;0;4.94;0;0;60.13;0.678928616;430;4
102;21.23;0;7.88;6.57;0;0;42.84;1.122502668;432;25
104;12.7;0;0;8.69;0;0;56.87;0.771152102;363;8
105;9.88;0;36.91;15.72;0;0;15.87;1.261308203;283;15
106;23.62;0;52.6;2.16;0;0;0;0.728104166;206;8
107;13.45;0;59.25;5.76;0;0;0;0.706123337;368;15
108;34;7.22;0;37.39;0;0;0;0.935247937;731;4
109;54.48;1.01;0;23.04;0;0;0;0.669429409;708;8
111;13.35;0;30.8;11.64;0;13.44;7.6;1.562959149;122;4
112;36.9;0;24.51;5.88;0;3.08;6.69;1.331854284;109;25
113;41.7;0;5.35;11.55;0;15.06;4.76;1.288070896;200;4
114;7.47;0;58.26;2.95;0;4.79;3.99;0.954114881;144;15
115;9.34;0;35.57;0.68;0;14.75;18.31;1.306193726;199;4
116;25.3;0;33.06;0.08;0;10.4;10.03;1.265586635;196;8
117;51.53;0;7.08;3.13;0;10.15;6.07;1.084808026;236;4
118;67.6;0;0;0;0;10.85;0;0.401873961;233;15
119;67.4;0;0;1.27;0;8.78;1.08;0.50179109;186;8
120;73.44;0;0;5.08;0;0;0;0.239700212;261;4
121;75.64;0;1.3;1.18;0;0.41;0;0.194521731;132;25
122;68.52;0;0;0;0;8.9;1.08;0.424479193;197;8
131;28.55;6.93;40.44;1.32;0;1.38;0;1.063469169;90;25
132;25.22;7.37;13.38;0.82;0;31.79;0;1.301884966;160;25
133;51.18;0;22.39;1.3;0;3.75;0;0.850117239;94;15
134;47.62;1.1;21.48;0.83;0;7.26;0;0.98588735;207;8
135;30.48;0.54;0;5.16;3.47;38.81;0;1.066676175;369;8
136;40.61;2.87;17.84;5.71;0;11.7;0;1.272208662;62;25
137;29.37;0.71;0;17.12;15.96;15.34;0;1.385422492;513;4
138;17.53;10.01;33.58;0.63;0;13.96;2.82;1.425814941;187;8
139;40.58;0;37.95;0;0;0;0;0.692586273;209;4
140;35.05;0;43.48;0;0;0;0;0.687374319;205;4
141;12.23;24.69;35.26;1.62;3.01;1.73;0;1.302012319;281;25
142;14.99;18.46;32.17;12.92;0;0;0;1.318938658;406;25
143;19.88;25.08;19.68;0;5.1;8.78;0;1.481704027;204;15
144;11.2;0.13;0;23.59;43.65;0;0;0.976079919;420;8
145;28.79;0.49;0.13;37.72;11.38;0;0;1.042301784;322;15
146;10.39;15.79;0;40.48;0;11.85;0;1.21715899;261;8
147;5.7;5.28;4.15;48.77;0;14.58;0;1.135830426;312;8
148;32.94;9.69;5.37;30.14;0;0.39;0;1.199936181;436;4
149;17.34;3.82;0;31.69;25.87;0;0;1.212073399;384;8
150;36.52;0.25;0.15;28.94;0.17;12.41;0;1.059099737;446;8
151;28.36;5.36;0;30.23;0;14.58;0;1.23115861;358;8
152;1.63;6.88;1.68;11.36;56.94;0;0;0.888717896;344;2
153;9.04;0;63.36;0;0.82;0;0;0.433726569;489;15
154;0.04;0;78.5;0;0;0;0;0.004370883;500;15
155;0;10.01;59.33;0;5.42;2.76;0;0.773749906;673;8
156;0;23.62;54.89;0;0;0.03;0;0.614740113;701;4
157;0;56.04;16.54;0;5.95;0;0;0.764352614;730;15
158;0;4.07;71.58;2.85;0;0;0;0.357969015;481;15
159;13.7;0.52;25.3;38.96;0;0;0;1.050534761;424;15
160;6.4;0;29.13;42.96;0;0;0;0.902134164;434;25
161;0;8.56;43.61;26.34;0;0;0;0.934619492;558;15
162;0;5.92;58.69;13.91;0;0;0;0.719073981;576;15
163;0;0;34.06;44.41;0;0;0;0.684423302;440;15
164;23.3;0;44.43;10.79;0;0;0;0.955458432;400;15
165;0;6.03;9.4;63.06;0;0;0;0.627168451;553;25
166;0;1.13;26.85;50.53;0;0;0;0.711601183;460;15
167;0;12.4;64.88;0;1.24;0;0;0.514645635;759;4
168;0;49.18;0;29.34;0;0;0;0.660876326;713;4
170;0;33.87;44.67;0;0;0;0;0.683662719;711;2
171;65.79;0;12.66;0.07;0;0;0;0.448703395;382;4
190;32.83;0;6.06;0.02;2.48;37.12;0;1.027716499;200;8
191;54.82;0;11.45;4.34;0;7.69;0;0.918978663;159;25
192;53.78;0;5.84;3.02;0;15.97;0;0.90183279;207;8
193;22.41;1.33;0;6.38;40.01;8.48;0;1.214563648;692;0
194;15.99;0;0;1.65;0.15;60.48;0;0.617053591;277;8
195;43.62;0;10.99;13.02;0;10.76;0;1.172379904;146;8
196;32.26;0;0;0.17;0;45.99;0;0.691667369;390;2
217;72.97;5.56;0;0;0;0;0;0.255705892;221;4
218;51.43;0;17.06;0;0;0;10.03;0.871691388;203;0
219;71.43;5.56;1.54;0;0;0;0;0.350769734;221;4
222;73.56;0;4.96;0;0;0;0;0.235598512;169;0
223;2.78;0;74.97;0;0;0;0.8;0.209489806;165;8
224;0;0;71.49;0;0;0;7;0.300644277;154;8
226;38.95;0;39.57;0;0;0;0;0.693116006;110;15
227;0.22;0;69.71;0;0;0;8.62;0.364902644;113;15
228;38.78;0;13.49;8.57;0;0;17.71;1.228594474;116;4
229;0;0;78.53;0;0;0;0;0;104;15
230;26.96;0;16.07;0;0;19.86;15.64;1.36074867;77;4
231;0;0;70.47;0;0;0;8.09;0.331578798;98;15
233;50.2;0;25.79;0;0;0;2.54;0.762706348;72;4
235;46.21;0;0;21.47;5.99;5.03;0;1.038815645;459;4
236;50.63;0;0;12.41;7.67;7.65;0;1.028669245;463;4
237;31.35;15.09;0;32.34;0;0;0;1.048736928;748;4
240;50.28;0;3.35;8.32;0;13.22;3.31;1.091348319;243;4
241;64.8;0;0;0.48;0;13.22;0;0.489483599;113;8
243;73.21;0;0;2.24;0;2.44;0.52;0.30688481;145;25
250;37.21;0;27.59;0.64;0;13.06;0;1.058969422;294;8
251;27.59;7.68;1.42;14.09;0;27.57;0;1.343957207;335;15
252;42.04;0.57;29.66;5.59;0;0.38;0.43;0.980459861;60;4
253;33.32;18.08;9.08;7.82;0;9.56;0.5;1.47063379;178;4
254;32.71;8.54;0;2.59;0;34.54;0;1.080019272;343;4
255;19.32;21.91;2.76;0.01;0;34.47;0;1.181538468;227;8
256;20.81;10.7;26.35;1.2;0;19.54;0;1.399576577;203;35
257;27.08;0;32.87;2.81;0;15.97;0;1.174313886;103;15
259;35.02;0;27.65;8.34;0;0;7.55;1.190895537;491;4
261;57.54;1.75;10.78;4.71;0;2.42;1.23;0.926238788;142;8
262;27.9;27.74;0.61;8.15;0;14.22;0;1.317161241;360;8
263;34.67;0;22.9;11.48;0.28;4.14;5.11;1.354224701;609;15
265;42.63;3.19;8.63;16.59;7.32;0;0;1.254613165;634;15
266;42.53;5.21;20.76;9;0;1.3;0;1.179378768;427;8
267;4.48;27.07;0.18;12.6;2.72;31.44;0;1.321156903;76;8
268;0;13.13;0;14.28;0.83;50.2;0;0.943080382;98;4
269;0;7.7;0;23.99;0;46.78;0;0.898471063;158;8
270;15.87;19.53;0;31.63;0;11.61;0;1.317661788;275;8
271;0;49.56;0;19.39;9.55;0.03;0;0.895083666;518;15
272;0;57.53;0;7.24;0;13.74;0;0.752670274;397;15
273;0;44.8;0;21.96;11.77;0;0;0.96098711;514;15
274;3.66;48.73;0;5.29;2.69;18.33;0;1.075739358;402;8
275;27.29;47.5;0.95;2.97;0;0;0;0.849013744;260;2
276;10.85;54.45;0.38;1.25;5.98;0;5.7;1.005550922;218;2
278;47.91;13.3;0.5;13.09;0;2.26;1.56;1.112884258;623;2
280;0;0;78.53;0;0;0;0;0;151;4
282;23.3;0;55.2;0;0;0;0.04;0.612202863;130;25
283;0;0;78.53;0;0;0;0;0;132;25
284;0;0;78.54;0;0;0;0;0;141;15
285;0;0;78.52;0;0;0;0;0;146;1
286;15.04;0;44.87;0;0;0;16.03;1.073226274;88;2
287;13.1;0;41.2;0;0;2.6;21.62;1.105115406;85;4
288;21.27;0;54.03;0;0;0;3.22;0.741996455;99;2
289;26.73;0;52.06;0;0;0;0;0.64054092;177;8
290;43.86;0;34.1;0;0;0;0.61;0.725421787;187;15
291;24.29;0;53.97;0;0;0;0;0.619400916;115;2
292;57.11;0;21.2;0;0;0.03;0;0.587144717;39;0
293;3.21;0;75.26;0;0;0;0;0.170817122;263;15
294;10.03;2.87;65.61;0;0;0;0;0.533838015;328;8
295;0.08;0;78.45;0;0;0;0;0.008036368;236;8
296;19.3;0;59.01;0;0;0;0;0.5584085;106;15
297;40.53;0;38.37;0;0;0;0;0.692772399;185;15
298;4.06;0;74.37;0;0;0;0;0.20368238;161;8
299;51.36;0;17.59;0;0;9.76;0;0.872283864;37;8
300;55.35;4.72;18.45;0;0;0;0;0.755807798;223;4
301;0;2.92;20.93;54.64;0;0;0;0.727057588;477;15
308;38.2;0;4.08;36.27;0;0;0;0.861018187;215;4
309;47.22;3.88;22.57;4.41;0.45;0;0;1.004104269;293;25
310;70.53;2.1;3.6;1.04;0.26;0;0;0.403311012;305;4
311;59.6;0;4.6;2.98;11.36;0;0;0.779396429;317;15
312;36.3;0;6.45;32.47;2.79;0;0.52;1.078942392;318;4
317;38.82;4.26;3.88;18.29;13.29;0;0;1.294942184;397;4
318;58.88;3.47;10.79;3.87;0;0;0.1;0.779484211;177;15
319;78.53;0;0;0;0;0;0;0;217;4
321;1.19;0;64.56;0;0;0;12.75;0.519500371;187;15
322;6.26;0;36.08;0;0;0;36.17;0.916000163;190;8
323;9.55;0;62.64;1.96;0;0;4.37;0.68937676;297;8
325;0;0;47.98;2;0;0;28.53;0.762292335;317;8
327;0;0;50.64;9.81;0.64;0;17.44;0.916131137;556;25
329;0;0;14.8;13.22;0;0;50.49;0.898426634;494;25
331;0.68;0;74.03;3.79;0;0;0.01;0.243988839;372;15
333;0;0;31.03;2.42;0;0;45.07;0.792776602;404;4
335;0;0;8.46;0;0;0;70.07;0.341741884;328;4
337;15.5;0;61.48;0;1.22;0;0.34;0.600210648;252;4
340;0;0;43.94;0;0;0;34.57;0.686008221;348;2
342;0;0;23.42;40.38;11;1.53;0;1.0568878;947;8
344;0;0;18.29;57.23;2.99;0;0;0.694312771;845;8
346;0;0;28.88;49.67;0;0;0;0.657700657;504;4
348;0;0;29.16;48.02;0;1.4;0;0.740588011;393;25
350;0;0;8.18;66.09;0;4.27;0;0.539129108;613;25
352;0;0;0;77.81;0;0.73;0;0.052734525;735;15
354;0;0;0;78.54;0;0;0;0;753;25
356;0;0;0;78.54;0;0;0;0;612;25
358;49.95;9.43;0;13.71;0;0;0;0.838277756;444;8
359;36.15;19.35;0;19.31;0;0;0;1.050785652;486;4
360;0;0;0;71.96;6.56;0;0;0.287344666;950;15
361;18.85;23.04;0;36.62;0;0;0;1.058056448;336;8
362;0;0;0;66.17;4.72;7.64;0;0.539981822;966;15
364;0;0;0;78.52;0;0;0;0;690;15
366;0;0;0;78.51;0;0;0;0;563;8
367;55.2;0.05;0;16.51;0.57;5.84;0;0.808489737;376;8
368;0;0;0;78.54;0;0;0;0;525;15
369;4.01;9.97;36.72;0.86;26.97;0;0;1.185856008;406;25
370;0;0;0.02;78.53;0;0;0;0.002361714;530;8
371;7.63;0;0;31.11;34.95;4.88;0;1.12622329;334;8
374;0;0;7.1;33.45;18.62;19.34;0;1.267242582;965;2
375;57.13;0;0;17.4;3.87;0;0;0.713235361;457;4
376;0;0;46.12;5.76;0;0;26.62;0.87086472;360;4
377;27.93;0;0;40.79;8.44;1.25;0;1.013564747;269;4
378;0;0;64.71;11.13;0;0;2.66;0.550908368;493;15
380;0;0;54.99;10.59;0;0;12.95;0.816926639;558;8
382;0;0;43.16;10.34;0;0;19.42;0.93975032;567;25
384;0;0;63.9;10.98;0;0;3.63;0.584834335;533;15
386;0;0;16.94;11.22;0;0;50.37;0.893707702;451;15
388;3.42;4.52;25.72;1.69;6.2;0;36.98;1.304084975;300;8
390;10.3;12.78;1.1;6.57;0.95;0;46.83;1.19093576;296;15
392;0;0;54.33;13.81;7.13;0;0;0.769670389;795;15
400;0;0;35.82;0;0;0;42.71;0.689293322;191;25
401;4.39;28.31;0;43.83;1.98;0;0;0.947297245;315;4
402;5.54;36.32;0;31.9;4.8;0;0;1.080438994;164;8
403;19.93;0;0;20.08;27.35;11.02;0;1.34029102;254;4
404;47.79;0;0;22.86;1.18;6.41;0;0.928835652;265;8
405;1.12;0;0;31.09;45.51;0.82;0;0.79127446;403;15
408;35.58;0;0;32.05;6.93;3.93;0;1.088602524;332;8
409;42.78;0;0;24.66;10.97;0;0;0.969533957;354;8
411;8.79;0;52.48;0;0;0;17.29;0.84771869;204;15
412;14.65;0;23.63;0;0;0;40.24;1.017217893;179;8
420;11.67;26.33;0;40.5;0;0;0;0.991201332;320;8
421;6.61;26.28;0;41.56;4.05;0;0;1.064340882;274;4
422;13.78;27.06;14.18;0;5.54;17.95;0;1.506099051;258;25
423;2.92;25.9;37.55;0;8.16;3.96;0;1.227059505;273;25
424;0;8.26;36.59;0;33.5;0.17;0;0.969419682;402;25
425;0;8.86;42.55;0;25.75;1.37;0;1.014462323;332;25
426;0;19.15;39.79;0;16.99;2.56;0;1.131471942;282;25
427;1.23;13.26;54.22;0;9.46;0.34;0;0.899691287;329;25
428;6.32;13.62;47.55;0.1;10.96;0;0;1.093717017;397;25
430;62.45;0;0;0.76;0;15.37;0;0.546608213;174;4
431;58.58;0;0;0.46;0;19.59;0;0.595618555;209;8
432;56.15;0;0;0.1;0;22.26;0;0.605595449;158;8
433;60.29;0;0;0.73;0;16.37;1.08;0.63194494;186;8
434;77.92;0;0;0.6;0;0;0;0.044857477;258;8
435;75.2;0;0;2.92;0;0.43;0;0.192615192;172;8
436;72.28;0;0;2.24;0;3.74;0.12;0.331415369;151;8
437;69.8;0;0;1.07;0;6.54;1.08;0.428935356;170;8
438;76.32;0;0.78;1.18;0;0.17;0;0.149045089;143;4
439;69.73;0;0;0;0;8.72;0;0.348920442;211;4
451;73.6;0;0;1.4;0;3.39;0.22;0.285414318;263;4
452;64.69;0;0;1.4;0;11.36;1.08;0.570128496;225;4
460;31.77;30.99;0.61;10.01;0;4.91;0;1.207309147;345;25
461;57.35;8.75;0.95;7.51;0;0.86;2.94;0.924186249;345;25
462;47.07;17.74;0.89;8.06;0;4.42;0;1.089646667;329;8
463;32.76;28.08;1.09;9.22;0;7.04;0;1.260673768;341;8
464;64.75;5.2;0;8.42;0;0;0;0.577406281;316;0
466;30.68;0;12.03;14.77;10.42;10.63;0;1.507539303;649;8
467;30.91;0;13.34;17.69;9.8;6.63;0;1.473249851;604;4
468;32.01;0;25.27;20.38;0;0;0.88;1.131054313;500;8
469;35.07;0;28.45;6.41;0;0;8.6;1.174572345;394;8
470;42.89;0;16.46;9.26;0;0;10.04;1.172643639;291;1
471;38.21;0;19.6;8.16;0;0.33;12.26;1.245038177;364;4
476;47.24;6.22;17.82;4.49;0;1.46;1.23;1.146069641;148;8
477;39.93;3.58;11.92;20.11;0;2.75;0;1.237804582;162;8
478;31.94;13.08;19.03;4.28;2.02;1.17;7.17;1.540770429;398;4
480;3.81;25.93;0;25.95;0;22.85;0;1.23777292;457;15
481;8.52;23.51;0;24.56;0;22.01;0;1.32177881;509;4
482;2.44;44.2;0;15.19;2.68;14;0;1.171869702;336;15
483;4.19;5.94;0;32.06;0;36.4;0;1.073746679;207;4
484;0;39.6;0;14.38;0;24.49;0;1.019503754;243;8
485;0;33.63;0;7.44;0.15;37.28;0;0.952064832;240;8
486;16.9;20.55;0;26.05;0;15.06;0;1.364012724;478;15
490;67.46;0;0.77;0.94;0;9.39;0;0.482994599;91;4
491;74.38;0;0;0.24;0;3.98;0;0.22095784;143;4
492;70.65;0;0.52;1.09;0;6.34;0;0.391441665;117;4
493;69.28;0;0;1.02;0;8.08;0;0.399818971;101;4
494;73.45;0;0;5.08;0;0;0;0.239678205;265;8
495;73.8;0;0;4.72;0;0;0;0.227275785;232;4
496;74.5;0;0;2.24;0;1.11;0.58;0.246932522;136;4
510;66.33;0;0;10.41;0;0.06;1.61;0.494884026;426;4
511;66.79;0;0;7.7;0;1.22;2.22;0.527346853;415;8
512;47.91;0;10.92;3.13;0;10.15;6.36;1.172393909;233;4
513;29.42;0;45.59;0.9;0;0.45;2.19;0.880967311;174;8
514;8.55;0;47.8;0;0;9.81;12.6;1.096772265;173;15
515;12.72;0;36.92;9.18;0;13.2;4.94;1.449703355;157;15
516;25.54;0;10.79;12.47;0;26.52;3.09;1.438322663;178;4
519;67.34;0;0.98;3.86;0;1.95;1.41;0.479476089;384;25
520;14.92;0;32.71;9.71;0;10.42;9.15;1.540271657;120;25
521;73.8;0;2.11;0.38;0;0.95;0;0.222119744;372;0
522;31.08;0;42.84;0;0;0;4.61;0.863879713;77;25
523;10.82;0;48.12;0;0;0;19.59;0.919578044;99;25
524;5.98;0;41.7;8.18;0;0;6.16;1.153347249;107;15
525;23.46;0;25.38;0;0;0;29.66;1.09376545;101;25
530;5.4;23.7;4.78;10.49;3.75;30.38;0;1.497753052;67;4
531;0.55;30.71;0.61;7.62;2.72;36.29;0;1.139250491;167;8
532;0;31.44;0;11.14;0;35.89;0;1.001383787;244;8
540;44;0;14.39;7.75;0;12.21;0;1.153809863;182;25
541;47.41;0;4.79;12.77;0;13.41;0;1.072594808;179;8
542;39.91;0;0;26.18;0;12.31;0;1.000675454;288;15
543;43.67;0;0;25.55;0;9.06;0;0.940617391;265;8
544;42.91;0;0;19.21;0;16.04;0;0.999118891;224;15
545;27.28;0;0;0;0.14;50.95;0;0.658580907;279;8
546;39.61;0;14.51;11.32;0;12.99;0;1.234349775;179;25
547;28.5;0;0.49;1.44;4.98;42.87;0;0.978129423;231;4
548;13.17;0;0;0;10.72;54.32;0;0.825538917;276;8
550;54.54;0;23.42;0.56;0;0.05;0;0.654119995;43;4
551;18.33;5.23;41.99;0.9;0;12.22;0;1.195138847;127;15
552;29.28;10.3;0.83;3.97;0;34.07;0;1.195742877;323;8
553;25.25;10.01;6.51;3.36;0;32.95;0.43;1.361680232;307;8
554;29.8;0.71;0;16.22;9.93;21.86;0;1.353526234;463;4
555;63.72;0;5.68;4.95;0;1.42;2.53;0.716182053;18;0
556;70.41;0;2.31;2.84;0;3.08;0;0.449430618;19;0
560;10.04;30.76;0;27.78;0;10.04;0;1.26037842;436;15
561;43.78;3.93;7.1;19.77;3.24;0;0.55;1.206856527;571;8
562;12.37;32.74;0;22.44;1.32;9.67;0;1.340359164;296;8
563;46.35;3.02;12.25;14.26;0;1.17;1.22;1.164034649;147;8
570;35.93;7.12;0;35.37;0;0;0;0.934555197;634;4
571;46.27;5.55;0;26.7;0;0;0;0.865720614;736;4
572;34.82;15.31;0;28.49;0;0;0;1.047151146;758;8
573;20.04;17;0;41.3;0;0;0;1.017801208;673;8
574;20.54;15.82;0;42.09;0;0;0;1.007820986;745;8
575;34.56;0;0;38.45;0;0;5.5;0.897048923;621;4
576;24.33;19.58;0;34.83;0;0;0;1.069753346;740;2
577;1.27;0;15.34;15.42;0;0;46.38;1.016373364;312;8
578;32.91;0;39.12;6.37;0;0;0.19;0.929990076;214;15
579;29.67;0;41.34;7.21;0;0;0;0.924483765;381;15
580;1.87;0;0;10.81;0;0;65.95;0.50921277;431;8
581;7.09;22.19;10.06;9.16;7.75;22.27;0;1.674113801;56;8
582;4.68;21.3;5.37;7.72;3.77;35.67;0;1.437788494;110;8
583;2.23;25.52;5.81;10.45;8.46;26.08;0;1.533423029;222;8
584;0;42.93;1.48;13.18;1.31;19.64;0;1.119413368;306;2
585;4.15;24.94;3.56;9.49;2.72;33.63;0;1.395139779;103;8
590;0;0;78.53;0;0;0;0;0;116;25
591;34.58;0.72;0;16.87;1.83;24.25;0;1.185701138;360;8
595;45.19;13.43;0;16.37;0;0;0;0.945447775;426;4
596;30.64;1.27;0;36.44;3.39;6.87;0;1.138861507;453;4
597;3.87;11.13;63.53;0;0;0;0;0.596741805;235;8
598;7.26;0;71.47;0;0;0;0;0.307630265;141;8
599;19.78;0;58.83;0;0;0;0;0.564110013;182;8
600;72.08;0;2.36;0;0;4.07;0;0.337224136;68;8
601;73.16;0;4.78;0;0;0.61;0;0.27428033;67;4
602;66.75;0;11.81;0;0;0;0;0.423282737;67;8
603;47.62;0;30.95;0;0;0;0;0.670467679;67;15
604;40.67;0;27.98;0;0;0.26;9.61;0.984434542;62;2
605;56;0;17.42;0;0;5.13;0;0.753455171;61;4
607;41.2;0;9.38;0;0;0;27.26;0.959186589;63;4
608;38.97;0;32.37;0;0;0;7.18;0.931731611;61;15
609;35.58;0;42.93;0;0;0;0;0.688758531;63;1
610;35.16;0;43.36;0;0;0;0;0.687684205;64;1
611;35.44;0;43.06;0;0;0;0;0.688428455;62;8
615;40.78;0;37.74;0;0;0;0;0.692397519;62;15
616;39.35;0;4.34;0;0;0;34.5;0.867053414;63;4
618;32.93;0;40.49;0;0;5.13;0;0.884246141;62;2
619;55.26;0;23.27;0;0;0;0;0.60771382;68;15
630;77.9;0;0;0;0;0;0;0;147;0
634;72.81;0;5.68;0;0;0;0;0.259716261;133;25
635;72.44;0;5.04;0;0;0;0;0.240639843;124;15
636;76.21;0;2.32;0;0;0;0;0.133149461;119;15
637;58.7;0;19.83;0;0;0;0;0.565081284;115;15
638;41.23;0;37.3;0;0;0;0;0.691894428;115;15
640;58.12;0;18.44;0;0;0;0;0.552065584;101;25
644;78.52;0;0;0;0;0;0;0;114;0
647;78.53;0;0;0;0;0;0;0;143;0
649;78.53;0;0;0;0;0;0;0;126;15
660;65.49;0;13.05;0;0;0;0;0.449740596;186;8
661;66;0;12.52;0;0;0;0;0.438756431;183;15
662;56.79;0;21.76;0;0;0;0;0.590117714;178;15
663;63.55;0;0;0;0;0;14.99;0.487464918;179;8
671;48.89;0;29.64;0;0;0;0;0.662794648;216;35
672;48.16;0;30.37;0;0;0;0;0.667263426;220;35
675;78.53;0;0;0;0;0;0;0;204;0
700;0;4.78;29.19;0;0.11;0;4.43;1.05315622;1;15
701;0;4.82;29.6;0;5.53;0;0;1.075396993;1;25
702;0;0;41.13;0;13.41;0;1.69;0.675927649;1;25
703;0;5.53;59.97;2.01;0;0;0.84;0.800110223;5;15
704;0;5.34;58.3;5.37;0;0;0.12;0.851226643;5;15
705;0;0;49.49;0.11;1.03;0;3.3;0.338025906;1;8
706;0;0;45.69;0;8.81;0;11.48;0.827584433;1;15
707;0;0;19.43;0;0;0;30;1.080435771;2;4
708;0;0;11.19;0;0;0;27.02;0.987006817;2;15
709;0;0;57.46;0;0;0;21.06;0.581472254;4;25
710;0;0.02;59.29;0;0;0;16.98;0.646886468;4;25
711;0;0;49.23;0.78;4.6;0;12.83;0.780183627;1;4
712;0;0;59.92;0;13.41;0;2.85;0.617551468;1;15
713;0;0;50.47;0;8.95;0;19.12;0.875635631;1;25
901;78.53;0;0;0;0;0;0;0;170;0
902;78.53;0;0;0;0;0;0;0;173;0
903;78.53;0;0;0;0;0;0;0;217;0
1001;65.9;1.53;6.67;0;0;0;0;0.535964662;22;8
1002;40.01;8.13;29.28;0;1.1;0;0;1.005997422;150;0
1003;11.66;3.57;53.85;2.87;0;0;6.58;1.011108922;241;2
1004;56.9;0;2.51;0.57;18.55;0;0;0.720109758;386;0
1005;47.47;1.08;4.07;3.11;22.8;0;0;1.003572266;424;4
1006;27.59;3.1;1.41;34.36;0;1.92;0;1.284209068;131;8
1007;32.4;1.96;0;44.15;0;0;0;0.781089567;403;4
1008;7.4;2.24;8.18;2.98;38.1;0;10.79;1.353818598;94;8
1009;11.84;3.52;53.23;2.97;0;0;6.97;1.026827555;241;4
1010;48.97;2.16;14.61;0;0;0;0;0.908422411;19;0
1011;40.89;7.9;28.64;0;1.09;0;0;0.998072481;150;0
1012;70.45;0;5.24;0;0;0;0;0.324097684;269;0
1013;78.41;0;0.1;0;0;0;0;0.009763309;322;0
1014;20.48;6.13;0;42.38;0;0;9.53;1.138414428;305;2
1015;27.14;0;34.91;2.88;0;0;12.1;1.212244226;6;15
1016;59.65;0;0;0;0;0;0;0.551560895;7;2
1017;74.47;0;0;4.06;0;0;0;0.203490653;5;0
1018;70.5;0;0;4.72;0;0;0;0.399299741;6;0
1019;76.61;0;1.92;0;0;0;0;0.114882894;4;0
1020;31.41;0;26.23;7.24;0;0;0;1.256767368;2;15
1021;67.29;0;11.24;0;0;0;0;0.410604934;4;0
1022;60.41;0;0;0;0;0;0;0.54016876;7;0
1023;58.63;0;0.57;8.29;0;0;0;0.767257201;6;0
1024;72.48;0;0;6.05;0;0;0;0.271481363;6;0
1025;72.98;0;0;4.41;0;0;0;0.218587252;5;0
1026;25.26;0;43.87;7.98;0;0;0;0.995027344;2;15
1027;61.11;0;17.41;0;0;0;0;0.529085029;3;0
1028;17.78;0;44.61;0;0;0;16.15;0.982820206;5;15
1029;25.83;3.2;25.68;12.57;0;10.58;0.82;1.471732426;188;15
1030;19.16;2.26;30.89;10.04;0;10.79;5.35;1.532283045;249;25
1031;7.1;0;35.74;9.58;22.47;3.76;0;1.335245181;467;8
1032;0;18.77;0.99;1.35;51.35;6.08;0;0.942948744;635;0
1033;2.21;4.4;2.8;5.42;62.85;0.83;0;0.791625319;625;0
1034;38.9;0;10.03;2.94;24.72;1.98;0;1.190350008;606;0
1035;44.7;0;0.58;20.54;0;12.51;0;1.00041351;176;8
1036;50.33;0;4.23;14.24;0;7.94;1.87;1.072711142;106;8
1037;59.45;0;11.26;1.62;0;3.56;2.57;0.8212637;19;0
1038;70.83;0;7.84;0;0;0;0;0.324328218;19;0
1039;65.61;0;12.03;1.15;0;0;0;0.501084945;18;0
1040;73.4;0;4.07;0;0;0;0;0.276189833;19;0
1041;60.37;0;11.76;1.16;0;4.82;0.52;0.753605731;205;0
1042;49.41;0;0;27.23;0;1.87;0;0.747716248;189;15
1043;53.3;0;5.31;20;0;0;0;0.793737125;362;0
1044;52.6;0;5.31;20.66;0;0;0;0.801981528;353;15
1045;74.79;0;0;3.73;0;0;0;0.191098746;313;0
1046;78.53;0;0;0;0;0;0;0;398;0
1047;61.65;0;15.64;1.22;0;0;0;0.575953161;234;0
1048;69.93;0;0;4.84;0;3.8;0;0.421867272;277;0
1049;71.5;0;0;3.32;0;3.69;0;0.362652672;225;0
1050;54.68;0;23.84;0;0;0;0;0.613897828;197;8
1051;58.49;0;18.11;0;0;1.72;0;0.640487096;148;0
1052;63.03;0;7.68;0;0;7.68;0;0.630544624;209;0
1053;60.51;0;0;1.45;0;16.62;0;0.603465613;215;0
1054;52.07;0;0;0.71;0;25.76;0;0.680671745;154;8
1055;62.66;1.68;3.16;0.08;0;0;0;0.63945684;13;15
1056;31;2.32;45.2;0;0;0;0;0.788880273;196;0
1057;0;0;78.53;0;0;0;0;0;298;8
1058;14.48;8.84;52.58;2.61;0;0;0;0.939329639;420;15
1059;12.47;3.37;60.53;2.16;0;0;0;0.726825016;361;15
1060;21.59;0.86;49.61;6.44;0;0;0;0.89964113;238;25
1061;36.63;0;7.75;18.46;0;15.67;0;1.246280624;120;4
1062;32.13;0;11.91;28.02;0;5.86;0.57;1.248953376;92;4
1063;73.42;0;2.3;2.84;0;0;0;0.286637199;568;0
1064;23.52;3.06;9.21;6.72;22.27;13.85;0;1.61189834;672;2
1065;68.48;0;0.43;9.75;0;0;0;0.40792619;415;0
1066;23.67;49.19;0;3.54;2.28;0;0;0.8971639;585;1
1067;46.93;0;5.96;10.76;0;14.6;0;1.088811014;214;8
1068;67.09;0;0;1.94;0;9.49;0;0.481243495;295;0
1069;70.68;0;1;4.57;0;2.12;0;0.412173454;306;0
1070;39.65;0;7.95;15.68;0;15.02;0;1.215596607;143;8
1071;36.24;0;12.19;17.31;0;12.49;0;1.272830758;141;25
1072;71.1;0;0;7.38;0;0;0;0.311779097;617;0
1073;25.42;10.63;7.55;3.26;21.9;9.74;0;1.608283174;696;0
1074;76.21;0.52;0;0.97;0;0;0.75;0.16016538;258;0
1075;43.05;34.01;0;1.61;0;0;0;0.772050321;624;2
1076;47.02;0;11.8;10.67;0;8.81;0;1.108853732;241;8
1077;73.69;0;0.25;4.53;0;0;0;0.241979751;312;8
1078;65.63;3.47;1.64;4.23;0;3.86;0;0.675289476;474;8
1079;43.54;0;11.07;16.57;0;3.1;4.06;1.212744162;144;8
1080;58.17;0;0;20.47;0;0;0;0.57337058;504;2
1081;67.46;0;0;10.97;0;0;0;0.404727332;451;0
1082;71.55;0;0;6.85;0;0;0;0.296416105;395;0
1083;72.83;0;0;5.67;0;0;0;0.25936765;429;0
1084;71.85;0;0;6.61;0;0;0;0.289020817;434;8
1085;64.98;0;3.06;6.36;0;3.67;0.61;0.668256296;222;8
1086;50.86;0;10.91;4.81;0;11.86;0.31;1.0338586;194;4
1087;75.54;0;0;2.96;0;0;0;0.160587138;245;0
1088;72.29;0;1.53;3.79;0;0.96;0;0.353401749;185;0
1089;64.37;0;0.53;6.85;0;6.74;0;0.620031832;146;8
1090;70.73;0;0;7.82;0;0;0;0.324102838;383;0
1091;71.9;0;0;6.7;0;0;0;0.291388444;494;0
1092;73.18;0;0;5.45;0;0;0;0.251855574;493;8
1093;72.34;0;1.22;2.93;0;0;1.97;0.354904646;322;0
1094;69.77;0;0.45;8.36;0;0;0;0.373525775;447;8
1095;76.7;0;0.69;1.13;0;0;0;0.125547294;221;8
1096;76.53;0;0.86;1.11;0;0;0;0.134448966;211;0
1097;66.07;0;0;7.51;0;4.91;0;0.542922696;180;8
1098;62.62;0;0.98;0;0;0;0;0.550709852;8;15
1099;0;0;53.33;0;0;0;25.21;0.62760815;4;8
1100;1.33;0;66.99;0;0;0;10.22;0.470095579;3;2
1101;1.31;0;76.8;0;0;0;0.44;0.119342997;3;2
1102;0;5.53;32.92;9.82;0;0;0;1.178693489;5;4
1103;0;0;71.64;0;0;0;6.88;0.296998828;5;15
1104;0;0;78.36;0;0;0;0.19;0.016988144;2;15
1105;77.35;0;0;1.17;0;0;0;0.077466487;47;0
1106;78.34;0;0;0.18;0;0;0;0.016223393;524;0
1107;76.8;0;0;1.73;0;0;0;0.105836933;500;0
1108;71.38;1.93;0;5.24;0;0;0;0.358652704;446;0
1109;73.19;1.73;0;3.68;0;0;0;0.293736299;481;0
1110;73.67;0.87;0;4.12;0;0;0;0.265676728;443;0
1111;78.54;0;0;0;0;0;0;0;27;0
1112;71.7;0;0;1.11;0;5.88;0;0.338699715;605;0
1113;78.19;0;0;0.34;0;0;0;0.027882868;35;0
1114;36.53;2.27;12.03;0.99;19.94;3.57;0;1.302732108;70;0
1115;36.33;2.05;6.39;5.65;12.97;5.98;0;1.391535929;131;0
1116;34.36;5.86;10.39;1;14.63;3.99;0;1.389963333;16;0
1117;47.57;0;0;4.73;0;26.22;0;0.839114328;441;0
1118;59.98;0;0;0;0;18.54;0;0.546563981;407;0
1119;13.58;12.13;2.11;6.73;32.97;11;0;1.539475886;312;0
1120;46.03;10.16;0;0;18.71;3.62;0;1.061294979;355;0
1121;50.69;2.21;7.15;4.86;1.21;12.41;0;1.12928147;192;0
1122;49.64;0;3.92;6.81;0;13.02;0;0.948341076;173;0
1123;31.05;3.41;0;38.22;0;5.84;0;1.046827154;471;0
1124;78.53;0;0;0;0;0;0;0;29;0
1125;73.14;0;1.13;0;0;0;4.28;0.286009553;144;0
1126;49.83;2.01;2.05;7.65;0;17;0;1.035732532;163;8
1127;43.55;26.49;0.98;7.83;0;0;0;0.9782083;253;2
1128;58.84;8.58;0.75;1.79;0;0;8.48;0.828947307;161;0
1129;77.31;0.95;0.25;0;0;0;0;0.086892823;21;0
1130;73.6;4.85;0;0;0;0;0;0.231953887;51;0
1131;67.41;0;3.98;0;0;0;3.75;0.402615385;189;0
1132;65.04;0.98;1.74;0;0;0;0;0.194630229;28;0
1133;49.75;2.01;0;13.08;0;13.69;0;0.986058621;235;8
1134;67.56;0;1.29;0;0;0;6.63;0.382410441;20;0
1135;72.88;0;1.5;0;0;0.59;0.74;0.197431196;37;0
1136;62.61;2.17;0.38;8.01;0;5.17;0;0.71686206;222;4
1137;55.69;19.34;0.4;3.11;0;0;0;0.74362677;281;4
1138;72.39;0.29;5.21;0;0;0;0;0.269799408;25;0
1139;57.78;19.82;0;0.93;0;0;0;0.625781109;222;0
1140;72.12;0;4.69;0;0;0;0;0.229873582;17;0
1141;48.51;1.81;28.21;0;0;0;0;0.752238425;65;0
1142;55.11;17.32;0.1;6.01;0;0;0;0.787128368;305;0
1143;43.6;15.4;14.38;0.57;0;0;4.59;1.158735265;44;0
1144;60.84;16.03;1.01;0;0;0;0;0.574603553;186;0
1145;74.98;0;3.55;0;0;0;0;0.184148928;190;8
1146;78.45;0;0.08;0;0;0;0;0.008036368;213;0
1147;65.14;0;13.39;0;0;0;0;0.456690934;209;0
1148;76.88;0;1.64;0;0;0;0;0.101469057;191;0
1149;78.53;0;0;0;0;0;0;0;190;0
1150;74.94;0;3.58;0;0;0;0;0.185330164;172;0
1151;74.98;0;3.55;0;0;0;0;0.184148928;191;4
1152;76.8;0;1.73;0;0;0;0;0.105836933;206;4
1153;76.6;0;1.93;0;0;0;0;0.115351981;212;0
1154;71.26;0;7.26;0;0;0;0;0.308193906;213;8
1155;78.53;0;0;0;0;0;0;0;195;0
1156;70.79;0;7.75;0;0;0;0;0.322163704;187;0
1157;59.36;0;19.17;0;0;0;0;0.555771915;175;0
1158;43.11;0;29.7;0;0;0;0;0.88776384;189;15
1159;54.19;0;24.34;0;0;0;0;0.619056846;178;15
1160;75.24;0;3.29;0;0;0;0;0.173919921;187;15
1161;78.53;0;0;0;0;0;0;0;202;8
1162;78.53;0;0;0;0;0;0;0;207;15
1163;46.23;0;26.59;0;0;0;0;0.86941912;189;15
1164;61.89;0;16.65;0;0;0;0;0.51658647;180;15
1165;74.99;0;3.55;0;0;0;0;0.184131371;190;4
1166;78.53;0;0;0;0;0;0;0;200;8
1167;56.86;0;20.09;0;0;0;0;0.661547089;189;25
1168;68.79;0;9.76;0;0;0;0;0.375312193;188;15
1169;78.53;0;0;0;0;0;0;0;190;8
1170;78.54;0;0;0;0;0;0;0;200;4
1171;78.53;0;0;0;0;0;0;0;196;8
1172;61.19;0;17.34;0;0;0;0;0.52792788;138;8
1173;58.82;0;19.72;0;0;0;0;0.563520999;138;15
1174;76.35;0;2.18;0;0;0;0;0.126867659;134;0
1175;76.62;0;1.91;0;0;0;0;0.114413128;114;0
1176;69.98;0;8.56;0;0;0;0;0.344396469;137;4
1177;59.75;0;18.79;0;0;0;0;0.550203639;139;4
1178;76.22;0;2.32;0;0;0;0;0.133136325;119;0
1179;78.53;0;0;0;0;0;0;0;125;0
1180;63.42;0;15.12;0;0;0;0;0.489846921;108;8
1181;67.54;0;10.99;0;0;0;0;0.404866386;137;8
1182;67.09;0;11.43;0;0;0;0;0.414943686;139;8
1183;69.36;0;9.17;0;0;0;0;0.360440993;138;8
1184;78.53;0;0;0;0;0;0;0;109;0
1185;78.53;0;0;0;0;0;0;0;109;0
1186;61.42;0;17.11;0;0;0;0;0.524209728;107;4
1187;76.6;0;1.26;0;0;0;0;0.082786259;119;15
1188;73.01;0;4.36;0;0;0;0;0.216811301;133;4
1189;77.05;0;1.49;0;0;0;0;0.09400784;131;4
1190;47.57;0;30.96;0;0;0;0;0.670608776;58;15
1191;78.53;0;0;0;0;0;0;0;53;4
1192;78.53;0;0;0;0;0;0;0;54;0
1193;78.52;0;0;0;0;0;0;0;70;0
1194;78.53;0;0;0;0;0;0;0;71;0
1195;57.05;0;21.5;0;0;0;0;0.586915061;66;15
1196;52.63;0;25.94;0;0;0;0;0.634285844;66;15
1197;78.53;0;0;0;0;0;0;0;55;0
1198;49.55;0;23.85;0;0;5.13;0;0.83071723;61;4
1199;69.84;0;8.68;0;0;0;0;0.347653451;69;0
1200;78.52;0;0;0;0;0;0;0;72;0
1201;78.53;0;0;0;0;0;0;0;53;0
1202;73.84;0;3.65;0;0;0;0;0.18989475;60;4
1203;51.02;0;27.5;0;0;0;0;0.647588433;61;8
1204;51.49;0;27.05;0;0;0;0;0.643917678;67;15
1205;78.53;0;0;0;0;0;0;0;73;0
1206;78.52;0;0;0;0;0;0;0;70;0
1207;73.72;0;4.8;0;0;0;0;0.230068022;60;0
1208;73.96;0.19;3.7;0;0;0;0;0.208169157;62;15
1209;50.74;0;27.78;0;0;0;0;0.64976442;60;25
1210;71.97;0;5.04;0;0;0;0;0.241696698;125;15
1211;43.62;0;34.92;0;0;0;0;0.6869994;114;8
1212;62.13;0;16.41;0;0;0;0;0.512546357;106;8
1213;52.89;0;12.77;12.85;0;0;0;0.857739169;283;0
1214;39.94;0;15.68;22.91;0;0;0;1.024939371;303;0
1215;41.91;0;36.6;0;0;0;0;0.690858207;259;0
1216;58.34;1.36;0.12;16.43;0;0;0;0.617553846;224;0
1217;61.83;0;1.84;14.83;0;0;0;0.5908149;285;0
1218;67.57;0;10.93;0;0;0;0;0.403573572;270;0
1219;65.69;0;3.73;9.13;0;0;0;0.544372581;240;0
1220;69.64;0;8.59;0.3;0;0;0;0.369865701;275;0
1221;68.36;0;10.16;0;0;0;0;0.38523269;263;0
1222;75.54;0;2.77;0.23;0;0;0;0.172505769;235;0
1223;78.53;0;0;0;0;0;0;0;377;0
1224;60.15;0;18.39;0;0;0;0;0.544240285;376;0
1225;64.86;0;13.68;0;0;0;0;0.462450692;390;0
1226;74.64;0;1.75;0.92;0;0;1.23;0.250348281;361;0
1227;56.01;0.4;20.36;1.06;0;0;0.04;0.677208836;360;0
1228;51.63;0;26.9;0;0;0;0;0.642708659;389;0
1229;75.64;0;0;0;0;0;0;0;374;0
1230;76.31;0;0;0;0;0;0;0;380;0
1231;72.45;0;6.08;0;0;0;0;0.272428989;388;0
1232;0;0;0;0;46.8;31.72;0;0.674589929;537;0
1233;0;0;0;3.34;52.1;23.1;0;0.766485948;545;0
1234;0;0;0;56.48;5.97;4.15;0;0.528934404;660;15
1235;0;0;0;74.98;0.01;0;0;0.001323171;659;15
1236;0;0;0;68.77;3.02;0;0;0.174458887;681;15
1237;0;0;0;61.33;4.01;0;0;0.230724119;741;15
1238;0;0;0;63.25;0.43;5.74;0;0.322409589;761;8
1239;0;0;0;64.44;0;1.1;0;0.085242637;740;15
1240;0;0;0;1.72;76.82;0;0;0.105342951;531;0
1241;0;0;0;0;77.87;0;0;0;526;0
1242;0;0;0;0;72.39;0;0;0;533;0
1243;0;0;0;0;60.28;0.76;0;0.066982032;535;0
1244;0;0;0;0;78.52;0;0;0;535;0
1245;0;0;0;0;74.62;3.91;0;0.19789612;540;0
1246;0;0;0;15.78;37.75;22.9;0;1.035240833;566;0
1247;0;0;0;52.95;21.48;4.09;0;0.774207729;593;8
1248;0;0;0;38.95;39.58;0;0;0.693115001;566;15
1249;0;0;0;25.35;50.94;2.25;0;0.74758097;558;0
1250;0;0;0;52.95;0;7.53;0;0.375803802;1201;8
1251;0;0;0;78.08;0;0;0;0;927;15
1252;0;0;0;74.21;0;0.41;0;0.034072826;957;15
1253;0;0;0;56.48;0;14.81;0;0.510950949;1103;15
1254;0;0;0;74.91;0;0.01;0;0.001324282;936;8
1255;0;0;0;77.52;1.03;0;0;0.069858932;787;25
1256;0;0;0;56.32;11.52;10.67;0;0.791131778;579;2
1257;0;0;0;78.4;0.13;0;0;0.012254852;705;8
1258;0;0;0;78.52;0;0;0;0;819;15
1259;0;0;0;78.53;0;0;0;0;863;15
1260;0;0;0;78.27;0;0;0;0;839;8
1261;0;0;0;78.53;0;0;0;0;757;15
1262;0;0;0;78.53;0;0;0;0;774;15
1263;0;0;0;78.46;0;0;0;0;755;15
1264;54.57;8.18;0;5.45;7.92;2.58;0;1.017235543;560;2
1265;20.82;6.37;0;3.83;47.7;0;0;1.005851276;539;8
1266;10.55;13.33;0;3.3;51.24;0;0;0.982465255;577;4
1267;17.23;6.88;0;3.16;51.11;0;0;0.954854766;629;0
1268;53.88;11.13;2.63;5.29;5.85;0;0;1.024250384;452;0
1269;72.4;2.56;1.14;0;1.02;0;0;0.291839238;346;0
1270;46.26;0;0.82;1.82;3.27;24.97;0;0.942453069;115;0
1271;44.52;0;0;19.17;0;14.62;0;0.97889284;52;35
1272;33.93;0;4.2;22.76;3.3;14.19;0;1.321106994;111;4
1273;4.38;0;0;14.67;56.23;3.18;0;0.843278385;514;0
1274;47.82;0;0;9.41;21.45;0;0;0.910939992;590;0
1275;43.75;0;0;20.97;13.91;0;0;0.985098691;621;0
1276;22.34;0;0;21.66;34.73;0;0;1.0735131;579;25
1277;45.02;0;0;26.02;7.56;0;0;0.910369975;626;15
1278;68.34;0;1.99;8.2;0;0;0;0.450004426;643;0
1279;47.21;1.39;15.85;11.82;0;2.3;0;1.088712489;547;15
1280;58.88;2.98;0;16.7;0;0;0;0.669402584;618;8
1281;59.26;1.79;0;17.43;0;0;0;0.632518784;635;0
1282;53.87;0;0;11.13;13.39;0.27;0;0.856833076;644;0
1283;31.97;0;0;4.65;40.69;1.39;0;0.94543759;686;0
1284;78.54;0;0;0;0;0;0;0;204;0
1285;78.54;0;0;0;0;0;0;0;215;0
1286;19.53;0;32.95;0;0;0;26.04;1.07650869;200;8
1287;0;0;30.75;0;0;0;47.77;0.669467206;198;15
1288;0;0;62.88;0;0;0;15.66;0.499554017;199;15
1289;0;0;78.54;0;0;0;0;0;206;15
1290;42.35;0;30.06;0;0;0;6.12;0.899472365;210;0
1291;73.87;1.26;3.39;0;0;0;0;0.259415304;226;0
1292;78.54;0;0;0;0;0;0;0;203;0
1293;76.92;0;1.62;0;0;0;0;0.100467166;212;0
1294;27.13;0;35.33;0;0;0;16.05;1.051055689;202;15
1295;0;0;38.4;0;0;0;40.1;0.69291267;198;15
1296;0;0;62.98;0;0;0;15.53;0.497350285;201;25
1297;0.23;0;78.31;0;0;0;0.01;0.021273159;203;25
1298;38.27;0;33.59;0;0;0;6.68;0.923190179;209;0
1299;78.53;0;0;0;0;0;0;0;221;0
1300;77.17;0;0;0;0;0;0;0;79;0
1301;0;0;66.3;0;0;0;8.14;0.531160163;88;25
1302;77.3;0;0;0;0;0;0;0;78;0
1303;0;0;47.81;0;0;0;27.76;0.793598441;91;4
1304;43.07;0;28.72;0;0;0;6.75;0.908241991;111;4
1305;54.16;0;8.32;0;0;0;16.06;0.81867846;106;4
1306;42.02;0;11.22;0;0;0;25.28;0.977487404;101;0
1307;1.84;0;60.99;0;0;0;13.96;0.674125108;93;8
1308;42.02;0;33.32;0;0;0;3.19;0.82849374;95;0
1309;39.16;0;27.98;0;0;0;11.41;0.994950846;97;0
1310;43.48;0;34.63;0;0;0;0.42;0.716352665;103;0
1311;66.65;0;11.88;0;0;0;0;0.424922563;96;0
1312;33.44;0;38.18;0;0;0;4.55;0.983230328;88;0
1313;0;0;54.08;0;0;0;24.44;0.620103739;79;8
1314;0;0;59.16;0;0;0;15.61;0.679720938;86;15
1315;0;0;65.62;0;0;0;8.8;0.549125836;84;15
1316;0;0;62.32;0;0;0;16.19;0.508899494;77;15
1317;30.45;0;15.14;0;0;13.12;19.83;1.331151554;78;4
1318;78.53;0;0;0;0;0;0;0;92;0
1319;23.76;0;47.94;0;0;0;6.83;0.87538923;104;15
1320;11.46;0;61.96;0;0;0;5.12;0.645905263;97;15
1321;13.73;0;64.72;0;0;0;0.06;0.469645302;93;15
1322;0;0;40.41;0;0;0;38.11;0.692718111;93;4
1323;43.13;0;4.19;0;0;0;27.35;0.846529986;98;0
1324;44.5;0;23.93;0;0;0;10.09;0.947616148;109;4
1325;31.32;0;18.1;0;0;0;29.1;1.072744453;105;4
1326;45.52;3.89;28.78;0.34;0;0;0;0.856396846;396;15
1327;47.89;0.17;30.47;0;0;0;0;0.682226971;446;15
1328;51.49;8.28;18.74;0;0;0;0;0.855835334;340;2
1329;0;0;0;1.23;64.3;13.01;0;0.52669047;500;4
1330;44.5;0;5.45;9;19.39;0.16;0;1.113304619;381;4
1331;0;8.2;0;0;68.31;2.03;0;0.451760715;616;2
1332;0;4.76;0;0;72.08;1.7;0;0.331637267;599;4
1333;0;3.16;0;0;73.29;2.07;0;0.289484534;538;0
1334;0;0.01;0;0.29;68.88;9.32;0;0.389543454;534;2
1335;0;0;0;1.3;67.2;10.02;0;0.463854663;486;2
1336;0;0;0;1.74;61.57;15.21;0;0.593055031;452;4
1337;0;0;0;1.74;60.83;15.96;0;0.606075644;434;15
1338;55.5;0;22.15;0.85;0;0;0;0.651146814;389;8
1339;44.72;0;33.79;0;0;0;0;0.683424815;437;8
1340;42.65;0;30.29;5.56;0;0;0;0.886423407;364;8
1341;77.5;0;0.88;0;0.15;0;0;0.07531723;376;15
1342;71.46;0;7.07;0;0;0;0;0.30260558;439;0
1343;75.1;0;2.32;0;1.1;0;0;0.206441741;385;0
1344;68.9;0;2.29;0;7.33;0;0;0.439148392;379;15
1345;58.06;0;0;3.3;17.15;0;0;0.688667796;403;0
1346;0;11.56;0;0;65.74;1.24;0;0.496421372;678;2
1347;0;0;0;0;78.53;0;0;0;686;0
1348;0;0;0;5.16;73.37;0;0;0.242390968;636;0
1349;0;0;0;8.4;70.14;0;0;0.340094648;546;8
1350;0;2.81;0;12.24;63.48;0;0;0.580863802;490;4
1351;0;1.13;0;15.53;61.88;0;0;0.56935579;452;8
1352;25.25;4.08;0;10.4;38.8;0;0;1.134571739;406;4
1353;54.66;0;0;5.04;18.8;0.02;0;0.772779244;378;0
1354;0;16.71;0;0;52.23;9.58;0;0.857149073;461;8
1355;0;21.22;0;0;49.96;7.35;0;0.863014053;436;4
1356;0;0;0;0;78.52;0;0;0;645;0
1357;0;0;0;2.63;75.89;0;0;0.146687547;567;15
1358;0;0;0;5.14;73.29;0.1;0;0.251389262;535;15
1359;0;0;0;6.71;67.7;4.14;0;0.493383183;504;8
1360;4.47;7.12;0;4.6;50.66;11.69;0;1.113301092;533;0
1361;50.93;0;11.56;0;5.65;0;10.37;1.01957502;176;0
1362;41.86;0;13.94;0;0;0;22.73;1.001083592;172;0
1363;51.92;0;25.4;0;0;0;1.2;0.70250199;186;0
1364;59.19;0;19.35;0;0;0;0;0.558313356;154;0
1365;59.65;0;18.63;0.04;0;0;0.22;0.570568359;156;0
1366;46.37;0;15.41;0;7.7;0;9.04;1.107207322;178;0
1367;37.18;0;32.11;0;0;0;9.23;0.971317827;182;0
1368;15.71;0;61.79;0;0;0;1.02;0.566916775;156;8
1369;0;0;78.53;0;0;0;0;0;151;4
1370;0;0;78.5;0;0;0;0;0;152;2
1371;0;0;67.21;0;0;0;11.3;0.412035195;151;15
1372;0;0;78.54;0;0;0;0;0;162;8
1373;19.88;0;26.16;0;0;0;32.51;1.079038587;168;8
1374;0;0;46.06;0;0;0;32.49;0.678149701;163;4
1375;0;0;45.84;0;0;0;32.7;0.679085955;168;8
1376;0.29;0;55.72;0;0;0;22.51;0.622274082;166;15
1377;13.07;0;57.03;0.01;0;0;8.44;0.771684226;164;15
1378;17.56;0;21.07;0;7.55;0;32.35;1.278421476;174;15
1379;0;0;37.55;0;0;0;40.99;0.692187683;163;8
1380;6.23;0;42.23;0;0;0;30.09;0.902225559;167;4
1381;15.39;0;63.14;0;0;0;0;0.494773201;163;15
1382;0;0;60.23;0;0;0;18.29;0.542797634;150;4
1383;0;0;78.5;0;0;0;0;0;156;4
1384;0;0;78.49;0;0;0;0;0;153;8
1385;9.29;0;60.99;0;0;0;8.26;0.685744489;157;15
1386;35.97;0;33.76;1.71;0;0;0.57;0.978750137;106;0
1387;50.81;0;27.71;0;0;0;0;0.649225647;112;0
1388;39.74;0;38.8;0;0;0;0;0.693075557;118;0
1389;39.12;0;39.42;0;0;0;0;0.693139885;128;0
1390;36.55;0;39.21;0;0;0;2.79;0.82136401;131;0
1391;39.65;0;38.89;0;0;0;0;0.693100362;122;0
1392;39.82;0;38.71;0;0;0;0;0.693047282;116;0
1393;27.34;0;49.52;0;0;0;1.66;0.739597389;109;8
1394;0;0;66.03;0;0;0;12.5;0.438299035;136;15
1395;0;0;78.52;0;0;0;0;0;122;15
1396;0;0;78.53;0;0;0;0;0;123;25
1397;26.64;13.64;35.67;0;0;0;0;1.030792105;135;4
1398;25.11;0;53.41;0;0;0;0;0.626711922;142;4
1399;0;0;74.98;0;0;0;3.58;0.185259555;141;15
1400;0;0;78.54;0;0;0;0;0;132;15
1401;22.94;0;55.61;0;0;0;0;0.603971083;120;15
1402;8.3;0;49.49;0;0;0;20.74;0.880116898;116;15
1403;21.83;0;8.31;10.32;0;0;38.09;1.211122859;118;4
1404;10.08;0;68.46;0;0;0;0;0.383223191;120;15
1405;0;0;78.53;0;0;0;0;0;132;8
1406;0;0;74.21;0;0;0;4.34;0.213696626;141;4
1407;38.22;0.09;40.2;0;0;0;0;0.700942006;142;0
1408;33.15;10.11;32.38;0;0;0;0;0.993726121;135;0
1409;0;0;78.53;0;0;0;0;0;122;15
1410;0;0;78.51;0;0;0;0;0;124;8
1411;0;0;70.38;0;0;0;8.14;0.333068133;137;8
1412;76.39;0;2.15;0;0;0;0;0.125494035;111;0
1413;22.43;0;56.11;0;0;0;0;0.598152883;113;4
1414;44.99;0;33.54;0;0;0;0;0.68247977;113;0
1415;75.89;0;0;2.65;0;0;0;0.147514137;827;0
1416;64.51;7.18;0;6.51;0.48;0;0;0.618583724;900;0
1417;19.54;26.09;0;15.71;17.42;0;0;1.367096349;828;2
1418;47.56;23.84;0;0;0.48;6.38;0;0.900381774;725;0
1419;21.1;32.16;0;2.98;20.05;2.12;0;1.289389868;797;2
1420;27.1;8.19;0;0.03;42.9;0;0;0.935968307;803;0
1421;0;9.19;0;0;69.33;0;0;0.360986109;783;0
1422;54.23;0;0;24.51;0;0;0;0.620119102;881;0
1423;75.92;0;0;2.62;0;0;0;0.146230483;813;0
1424;72.87;0;0;5.06;0.59;0;0;0.282753441;696;0
1425;58.58;0;0;20.21;0;0;0;0.569369029;860;0
1426;0;0;0;78.53;0;0;0;0;546;15
1427;18.06;0;0;60.7;0.08;0;0;0.545896662;681;15
1428;53.26;13.17;12.05;0.01;0;0;0;0.851478666;520;15
1429;27.53;41.41;7.82;1.76;0;0;0;1.019761354;530;2
1430;29.02;32.99;12.65;3.84;0;0;0;1.173968746;483;2
1431;47.54;16.52;10.27;4.16;0;0;0;1.053480374;422;8
1432;44.18;18.29;11.81;4.24;0;0;0;1.105504455;371;25
1433;54.52;21.63;2.39;0;0;0;0;0.714809039;437;2
1434;39.15;17.71;17.99;0;3.67;0;0;1.163671082;499;15
1435;73.49;0.03;4.61;0;0;0;0;0.227599258;379;25
1436;58.09;13.88;4.56;1.99;0;0;0;0.787701117;465;8
1437;64.16;11.84;0;2.53;0;0;0;0.561049806;419;8
1438;60.41;8.14;0.83;9.14;0;0;0;0.735135245;381;0
1439;65.65;1.52;1.56;9.8;0;0;0;0.563668411;348;15
1440;66.3;0;1.28;10.95;0;0;0;0.484735803;352;0
1441;56.28;0;8.18;14.06;0;0;0;0.782296209;377;4
1442;66.01;4.01;4.58;3.9;0;0;0;0.612584572;413;35
1443;73.24;0;0.02;4.64;0;0;0;0.228128421;379;2
1444;77.6;0;0;0;0;0;0;0;364;0
1445;37.99;29.3;11.21;0;0;0;0;0.9970144;454;4
1446;30.3;38.28;9.93;0;0;0;0;0.979191889;420;2
1447;45.89;16.72;15.9;0.01;0;0;0;0.967803787;357;8
1448;60.5;3.03;11.72;3.25;0;0;0;0.742131805;323;15
1449;67.35;0.38;7.45;3.34;0;0;0;0.515182004;308;15
1450;55.18;8.45;11.24;3.63;0;0;0;0.908149548;300;0
1451;47.04;21.65;6.15;3.63;0;0;0;1.003777644;293;8
1452;60.52;4.71;8.67;4.6;0;0;0;0.778933896;333;15
1453;47.49;27.24;2.6;1.14;0;0;0;0.84558351;304;2
1454;78.53;0;0;0;0;0;0;0;338;0
1455;74.54;0;3.97;0;0;0;0;0.200180802;379;0
1456;49.43;8.69;16.74;0;3.66;0;0;1.007360675;426;25
1457;75.03;2.03;1.47;0;0;0;0;0.212522007;297;0
1458;37.34;13.57;19.8;0;0;0;7.81;1.233817868;315;15
1459;77.82;0.29;0.43;0;0;0;0;0.058319049;320;0
1460;74.07;0;0.78;3.69;0;0;0;0.244737457;293;0
1461;59.87;16.59;1.11;0.96;0;0;0;0.649318052;409;2
1462;60.86;6.75;10.93;0;0;0;0;0.682979394;348;15
1463;37.36;3.18;13.16;24.82;0;0;0;1.146677582;382;4
1464;2.34;0;46.84;5.81;0;0;23.57;0.966786459;189;4
1465;29.48;0;22.4;15.75;0;0;10.92;1.322101489;266;15
1466;30.34;11.67;19.54;16.98;0;0;0;1.327983426;431;2
1467;62.59;0;11.61;4.3;0;0;0;0.622355215;162;0
1468;75.49;0;1.37;0;0;0;0;0.089447651;121;4
1469;76.15;0;2.39;0;0;0;0;0.136234953;116;15
1470;77.15;0;0.32;0;0;0;0;0.026796466;130;4
1471;77.98;0;0.55;0;0;0;0;0.041726655;136;25
1472;0;0;0;0;74.85;3.68;0;0.189167024;762;2
1473;0;0;0;0;76.08;1.43;0;0.091940839;832;0
1474;0;0;0;0;77.03;0.1;0;0.009914986;827;0
1475;0;0;0;1.32;73.2;4.03;0;0.286774738;829;0
1476;0;0;0;6.4;60.55;11.59;0;0.687232483;864;4
1477;0;0;0;22.31;51.27;4.97;0;0.810613261;787;0
1478;0;0;0;24.91;48.6;5.04;0;0.837469429;793;8
1479;0;0;0;37.5;41.07;0;0;0.692114556;793;8
1480;0;0;0;29.74;41.61;7.21;0;0.923535266;826;0
1481;0;0;0;6.75;62.66;9.12;0;0.641098983;740;0
1482;0;0;0;6.54;68.54;0;0;0.295793082;811;0
1483;0;0;0;38.76;33.72;0;0;0.690727571;920;15
1484;0;0;0;51.96;22.61;0;0;0.613555519;936;15
1485;0;0;0;70.04;8.32;0;0;0.33844621;955;15
1486;0;0;0;58.18;13.89;0;0;0.490156351;1046;15
1487;0;0;0;60.28;17.97;0;0;0.538851347;1184;15
1488;0;0;0;38.8;39.26;0;0;0.693129817;1205;0
1489;0;0;0;55.53;22.98;0;0;0.604552931;1078;15
1490;0;0;0;50.06;28.48;0;0;0.654909513;763;15
1491;0;0;0;49;29.55;0;0;0.662169875;783;15
1492;0;0;0;63.02;15.51;0;0;0.496922897;817;15
1493;0;0;0;70.36;8.17;0;0;0.333862987;830;15
1494;0;0;0;78.44;0.09;0;0;0.008905855;847;15
1495;0;0;0;76.5;2.01;0;0;0.119104333;854;15
1496;0;6.42;1.3;68.2;2.62;0;0;0.508594376;887;15
1497;0;8;9.5;50.2;10.82;0.02;0;1.049434049;929;15
1498;0;4.36;36.76;12.42;21.36;3.64;0;1.303959525;1012;8
1499;0;0;0;0.09;63.92;14.51;0;0.487257573;648;0
1500;0;0;0;3.93;55.24;19.34;0;0.74237726;656;2
1501;0;0;0;6.07;70.93;1.53;0;0.366550059;767;0
1502;0;0;0;66.27;12.28;0;0;0.433539738;946;15
1503;0;0;0;77.1;1.41;0;0;0.08998789;1018;15
1504;0;0;0;77.59;0.93;0;0;0.064313296;952;15
1505;0;0;0;76.56;1.95;0;0;0.116311346;981;15
1506;0;0;0;67.56;10.97;0;0;0.404403686;1035;15
1507;0;0;0;61.95;16.58;0;0;0.51544934;977;15
1508;0;0;0;62.59;15.94;0;0;0.504505594;631;15
1509;0;0;0;68.8;9.75;0;0;0.375063516;761;15
1510;0;0;0;78.5;0;0;0;0;843;15
1511;0;0;0;69.17;0;5.26;0;0.255369695;1038;15
1512;0;0;78.55;0;0;0;0;0;187;15
1513;4.11;0;74.41;0;0;0;0;0.205358133;181;15
1514;76.8;0;1.73;0;0;0;0;0.105836933;207;15
