POINT;BCT;BEL;BLA;BRO;CAN;CHA;DOT;DUN;FAL;FAN;GOL;GRE;GRW;GUL;HAR;HOU;KAK;KEA;KIN;LGO;LON;MAG;MAL;MOR;OYS;PHE;PIG;PIP;PLO;PUK;QUA;RCP;RED;RIF;ROB;ROC;SHE;SHI;SIL;SKY;SON;STA;SUL;SWA;TOM;WFH;YCP;YEL
1;0;0;1;0;0;3;0;0;0;0;6;1;2;0;0;0;0;0;0;0;0;0;0;0;0;0;0;0;0;0;0;0;4;0;0;0;0;0;0;0;1;0;0;0;0;0;0;1
2;0;0;0;0;0;3;0;0;0;0;0;1;1;0;0;0;0;0;0;0;0;0;0;0;0;0;0;0;0;0;0;0;3;0;0;0;0;0;4;1;0;0;0;0;0;0;0;1
3;0;0;1;0;0;3;0;0;0;0;0;0;1;0;0;0;0;0;0;0;0;2;0;0;0;0;0;0;0;0;0;0;1;0;0;0;0;0;5;1;0;0;0;0;0;0;0;1
4;0;0;1;0;0;3;0;0;0;0;2;0;0;0;0;0;0;0;0;0;0;0;0;0;0;0;0;0;0;0;0;0;4;0;0;0;0;0;1;0;3;0;0;0;0;0;0;2
5;0;0;0;0;0;4;0;0;0;0;2;1;2;0;0;0;0;0;0;0;0;0;0;0;0;0;0;0;0;0;0;0;6;0;0;0;0;0;3;0;2;0;0;0;0;0;0;0
8;0;0;0;0;0;5;0;1;0;1;1;2;2;0;0;0;0;0;0;0;0;1;0;0;0;0;0;0;0;0;0;0;3;0;0;0;5;1;3;1;1;7;0;0;0;0;0;1
9;0;0;1;0;0;2;0;1;0;0;0;2;1;0;0;0;0;0;0;0;0;1;0;0;0;0;0;0;0;0;0;0;1;0;0;0;0;0;1;0;1;0;0;0;0;0;0;0
10;0;0;1;0;0;5;0;0;0;0;0;2;0;0;0;0;0;0;0;0;0;0;0;0;0;0;0;0;0;0;0;0;4;0;0;0;0;0;0;1;0;0;0;0;0;0;0;1
11;0;0;0;0;0;2;0;1;0;1;1;0;1;0;0;0;0;0;0;0;0;0;0;0;0;0;0;0;0;0;0;0;6;0;0;0;0;1;1;0;0;0;0;0;0;0;0;1
12;0;0;1;0;0;6;0;1;0;0;0;2;1;0;0;0;0;0;0;0;0;2;0;0;0;0;0;0;0;0;0;0;3;0;0;0;0;0;1;0;1;0;0;0;0;0;0;0
13;0;0;3;0;0;4;0;2;0;0;0;1;0;0;0;0;0;0;0;0;0;0;0;0;0;0;0;0;0;0;1;0;3;0;0;0;0;0;6;0;0;0;0;0;0;0;0;0
14;0;0;3;0;0;4;0;1;0;0;0;2;2;0;0;0;0;0;0;0;0;2;0;0;0;0;0;0;0;0;0;0;4;0;0;0;2;0;3;1;2;0;0;0;0;0;0;1
15;0;0;3;0;0;5;0;0;0;0;0;2;1;0;0;0;0;0;0;0;0;0;0;0;0;0;0;0;0;0;0;0;3;0;0;0;0;0;0;0;0;0;0;0;0;0;0;0
16;0;0;2;0;0;3;0;3;0;0;0;3;2;0;0;0;0;0;0;0;0;1;0;0;0;0;0;0;0;0;1;0;4;0;0;0;0;1;1;1;1;0;0;0;0;0;0;0
17;0;0;2;0;0;4;0;1;0;0;6;4;2;0;0;0;0;0;0;0;0;0;0;0;0;0;0;0;0;0;1;0;2;0;0;0;0;1;1;2;1;0;0;0;0;0;0;0
18;0;0;2;0;0;4;0;0;0;0;0;1;2;0;0;0;0;0;0;0;0;2;0;0;0;0;0;0;0;0;0;0;0;0;0;0;0;0;1;0;1;1;0;0;0;0;0;0
19;0;0;0;0;0;3;0;1;0;0;3;4;0;0;1;0;0;0;0;0;0;2;0;0;0;0;0;0;0;0;0;0;7;0;0;0;7;1;0;2;0;0;0;0;0;0;0;0
20;0;0;1;0;0;3;0;0;0;0;2;2;0;0;0;0;0;0;0;0;0;0;0;0;0;0;0;0;0;0;0;0;2;0;0;0;0;0;1;0;1;0;0;0;0;0;0;0
21;0;0;2;0;0;3;0;0;0;0;1;1;1;0;0;0;0;0;0;0;0;1;0;0;0;0;0;0;0;0;1;0;4;0;0;0;0;0;1;1;0;0;0;0;0;0;0;1
51;0;1;0;0;0;1;0;0;0;1;1;1;0;0;0;0;0;0;0;0;0;0;0;0;0;0;0;0;0;0;0;0;0;0;0;0;0;0;3;0;0;0;0;0;1;0;0;0
52;0;2;1;0;0;2;0;0;0;1;0;2;2;0;0;0;0;0;0;0;0;0;0;0;0;0;0;0;0;0;0;0;2;0;0;0;0;0;3;0;1;0;0;0;1;0;0;0
53;0;1;2;0;0;4;0;1;0;0;0;0;1;0;0;0;0;0;0;0;0;0;0;0;0;0;0;0;0;0;0;0;3;0;0;0;2;1;5;0;3;0;0;0;1;0;0;0
54;0;1;0;0;0;4;0;1;0;3;1;0;0;0;0;0;0;0;0;0;0;0;0;0;0;0;0;0;0;0;0;0;2;0;0;0;0;0;9;0;1;1;0;0;1;0;0;0
57;0;2;0;0;0;2;0;1;0;1;0;0;0;0;1;0;0;0;0;0;0;0;0;0;0;0;0;0;0;0;0;0;4;0;0;0;0;0;7;0;0;0;0;0;0;0;0;0
58;0;1;1;0;0;1;0;0;0;0;0;1;1;0;0;0;0;0;0;0;0;0;0;0;0;0;0;0;0;0;1;0;2;0;0;0;0;0;1;0;1;0;0;0;0;0;0;1
59;0;2;1;0;0;3;0;0;0;0;0;1;1;0;0;0;0;0;0;0;0;0;0;0;0;0;0;0;0;0;0;0;3;0;0;0;0;0;4;0;0;0;0;0;0;0;0;0
60;0;1;2;0;0;6;0;0;0;2;0;2;0;0;0;0;0;0;0;0;0;1;0;0;0;0;0;0;0;0;0;0;5;0;0;0;0;0;4;0;1;0;0;0;0;0;0;0
61;0;1;2;0;0;3;0;0;0;1;0;0;2;0;0;0;0;0;0;0;0;0;0;0;0;0;0;0;0;0;0;0;3;0;0;0;0;0;3;0;2;0;0;0;0;0;0;0
62;0;1;2;0;0;0;0;0;0;0;0;0;1;0;0;0;0;0;0;0;0;0;0;0;0;0;0;0;0;0;0;0;2;0;0;0;0;0;4;0;1;0;0;0;0;0;0;0
73;0;0;0;0;0;3;0;0;0;2;9;0;2;0;0;0;0;0;0;0;0;0;0;0;0;0;0;0;0;0;0;0;0;0;0;0;0;0;0;0;0;0;0;0;0;0;0;0
74;0;0;1;0;0;4;0;2;0;3;4;1;2;0;0;0;0;0;0;0;0;0;0;0;0;0;0;0;0;0;1;0;0;0;0;0;0;0;0;0;1;0;0;0;0;0;0;0
75;0;0;1;0;0;5;0;0;0;0;4;4;1;0;0;0;0;0;1;0;0;1;0;0;0;0;0;0;0;0;0;0;0;0;0;0;0;0;0;0;0;0;0;0;0;0;0;0
76;0;0;2;0;0;3;0;0;0;1;5;2;3;0;0;0;0;0;0;0;0;0;0;0;0;0;0;0;0;0;0;0;2;0;0;0;0;0;4;0;0;0;0;0;0;0;0;0
77;0;1;1;0;0;3;0;0;0;0;8;3;1;0;0;0;0;0;0;0;0;0;0;0;0;0;0;0;0;0;0;0;2;0;0;0;0;1;0;0;0;0;0;0;0;0;0;0
78;0;3;1;0;0;2;0;0;0;1;1;0;1;0;0;0;0;0;0;0;0;0;0;0;0;0;0;0;0;0;0;0;2;0;0;0;0;0;1;0;1;0;0;0;0;0;0;0
79;0;1;1;0;0;3;0;1;0;3;2;2;1;0;0;0;0;0;0;0;0;0;0;0;0;0;0;0;0;0;0;0;3;0;0;4;0;0;1;2;0;0;0;0;0;0;0;1
81;0;0;0;0;0;2;0;1;0;1;4;3;0;0;0;0;0;0;0;0;0;0;0;0;0;0;0;0;0;0;1;0;3;0;0;0;0;1;0;0;1;0;0;0;0;0;0;0
82;0;1;0;0;0;2;0;0;0;0;1;0;0;0;0;0;0;0;0;0;0;0;0;0;0;0;0;0;0;0;0;0;0;0;0;0;0;0;1;0;0;0;0;0;0;0;0;0
84;0;2;0;0;0;0;0;0;0;0;0;2;2;0;0;0;0;0;0;0;0;0;0;0;0;0;0;0;0;0;0;0;4;0;0;0;0;1;1;0;1;1;0;4;0;0;0;3
85;0;1;0;0;0;3;0;0;0;1;0;0;0;0;0;0;0;0;0;0;0;0;0;0;0;0;0;0;0;0;0;0;1;0;0;0;0;0;2;0;2;0;0;0;0;0;0;0
87;0;1;1;2;0;2;0;0;0;0;0;0;1;0;0;0;0;0;0;0;0;0;0;0;0;0;0;0;0;0;0;0;2;0;0;0;0;1;0;0;1;0;0;0;0;0;0;2
88;0;4;0;0;0;2;0;0;0;2;0;2;4;0;0;0;0;0;0;0;0;0;0;0;0;0;0;0;0;0;0;0;3;0;0;0;0;1;2;0;2;0;0;0;1;0;0;0
89;0;1;0;0;0;3;0;1;0;0;1;2;1;0;0;0;0;0;0;0;0;0;0;0;0;0;0;0;0;0;0;0;0;0;0;0;0;0;0;0;1;0;0;0;0;0;0;1
90;0;3;1;0;0;1;0;0;0;1;2;0;2;0;0;0;0;0;0;0;0;0;0;0;0;0;1;0;0;0;0;0;1;0;0;0;0;1;4;0;2;0;0;1;1;0;0;0
91;0;3;2;0;0;3;0;0;0;2;0;2;2;0;0;0;0;0;0;0;0;1;0;0;0;0;1;0;0;0;0;0;5;0;0;0;0;0;4;0;1;0;0;0;0;0;0;2
92;0;3;3;0;0;3;0;1;0;0;0;2;2;0;0;0;0;0;0;0;0;0;0;0;0;0;0;0;0;0;0;0;5;0;0;0;0;0;7;0;2;2;0;0;0;0;0;3
95;0;1;1;0;0;2;0;0;0;0;0;2;1;0;0;0;0;0;0;0;0;1;0;0;0;0;0;0;0;0;0;0;3;0;0;0;0;0;0;0;1;0;0;1;0;0;0;2
96;0;4;3;0;0;5;0;1;0;0;0;0;2;0;0;0;0;0;0;0;0;0;0;0;0;0;0;0;0;0;0;0;1;0;0;0;0;0;2;0;2;0;0;0;0;0;0;2
97;0;1;0;0;0;4;0;1;0;2;1;2;3;0;0;0;0;0;0;0;0;0;0;0;0;0;0;0;0;0;2;0;2;0;0;0;0;0;3;0;0;0;0;0;0;0;0;0
98;0;1;0;0;0;4;0;1;0;1;0;1;2;0;1;0;0;0;0;0;0;1;0;0;0;0;1;0;0;0;1;0;3;0;0;0;0;0;2;0;1;0;0;2;1;0;0;2
99;0;2;2;0;0;1;0;0;0;0;1;1;1;0;0;0;0;0;0;0;0;1;0;0;0;0;0;0;0;0;0;0;1;0;0;0;0;0;0;0;0;0;0;0;2;0;0;1
100;0;2;1;0;0;1;0;0;0;0;0;1;3;0;0;0;0;0;0;0;0;1;0;0;0;0;0;0;0;0;0;0;4;0;0;0;0;0;1;0;1;0;0;0;1;0;0;0
101;0;0;0;0;0;3;0;0;0;0;0;1;1;0;0;0;0;0;0;0;0;0;0;0;0;0;0;0;0;0;0;0;4;0;0;0;0;0;1;0;0;3;0;0;0;0;0;2
102;0;1;0;0;0;1;0;0;0;0;0;1;0;0;0;0;0;0;0;0;0;0;0;0;0;0;0;0;0;0;0;0;1;0;0;0;0;0;0;2;0;0;0;0;0;0;0;2
104;0;3;1;0;0;2;0;0;0;0;6;2;0;0;0;0;0;0;0;0;0;0;0;0;0;0;1;0;0;0;0;0;4;0;0;0;0;0;2;0;1;0;0;0;0;0;0;0
105;0;3;2;0;0;3;0;0;0;0;4;0;2;0;0;3;0;0;0;0;0;0;0;0;0;0;0;0;0;0;0;0;0;0;0;0;0;0;4;0;1;0;0;0;0;0;0;1
106;0;2;1;0;0;1;0;0;0;0;4;1;1;0;0;0;0;0;0;0;0;0;0;0;0;0;0;0;0;0;0;0;11;0;0;0;0;0;2;0;1;0;0;0;0;0;0;2
107;0;2;1;0;0;1;0;1;0;1;1;0;1;0;0;0;0;0;0;0;0;0;0;0;0;0;0;0;0;0;0;0;5;0;0;0;0;0;2;0;0;0;0;0;0;0;0;0
108;0;4;5;0;0;0;0;0;0;0;0;0;2;0;0;0;0;0;0;0;0;0;0;0;0;0;0;0;0;0;0;0;1;0;0;0;0;0;5;0;0;0;0;0;1;0;0;0
109;0;0;1;0;0;0;0;0;1;0;0;0;2;0;0;0;0;0;0;0;0;0;0;0;0;0;0;0;0;0;0;0;2;2;0;0;0;0;5;0;1;0;0;0;0;0;0;0
111;0;4;1;0;0;0;0;0;0;0;0;0;0;0;0;0;0;0;2;0;0;0;0;0;0;0;3;0;0;0;0;0;0;0;0;0;0;0;0;0;2;0;0;0;0;0;0;0
112;0;4;2;0;0;3;0;0;0;0;3;0;1;0;0;0;0;0;0;0;0;0;0;0;0;0;1;0;0;0;1;0;4;0;0;0;0;1;2;0;1;0;0;0;0;0;0;2
113;0;6;1;2;0;1;0;0;0;1;4;1;1;0;0;0;0;0;0;0;0;0;0;0;0;0;2;0;0;0;0;0;2;0;0;0;0;0;2;0;0;0;0;0;1;0;0;1
114;0;1;0;0;0;2;0;0;0;1;6;3;1;0;0;0;0;0;0;0;0;0;0;0;0;0;0;0;0;0;0;0;0;1;0;0;0;0;3;0;1;0;0;0;0;0;0;0
115;0;3;2;4;0;1;0;0;0;0;0;1;0;0;0;0;0;0;0;0;0;0;0;0;0;0;0;0;0;0;0;0;1;0;0;0;0;0;3;0;0;0;0;0;1;0;0;0
116;0;3;3;0;0;4;0;2;0;0;2;1;1;0;0;0;0;0;0;0;0;2;0;0;0;0;0;0;0;0;0;0;1;0;0;0;0;0;2;0;1;0;0;0;0;0;0;0
117;0;4;0;5;0;2;0;0;0;2;3;2;1;0;0;0;0;0;0;0;0;0;0;0;0;0;0;0;0;0;0;0;3;0;0;0;0;0;1;0;1;1;0;0;0;0;0;1
118;0;2;1;0;0;4;0;0;0;2;3;1;1;0;0;0;0;0;1;0;0;0;0;0;0;0;0;0;0;0;0;0;2;0;0;0;0;0;4;0;2;0;0;0;0;0;0;2
119;0;0;0;0;0;1;0;0;0;0;0;1;0;0;0;0;0;0;0;0;0;1;0;0;0;0;0;0;0;0;0;0;1;0;0;0;0;0;0;1;0;0;0;0;0;0;0;0
120;0;5;2;0;0;2;0;0;0;1;0;0;1;0;0;0;0;0;0;0;0;0;0;0;0;0;0;0;0;0;0;0;1;0;0;0;0;0;6;2;2;0;0;0;0;0;0;2
121;0;2;1;0;0;3;0;0;0;2;5;2;0;0;0;0;0;0;1;0;0;0;0;0;0;0;0;0;0;0;0;0;0;0;0;0;0;0;2;0;1;3;0;0;0;0;0;0
122;0;1;3;2;0;1;0;1;0;3;1;1;0;0;0;0;0;0;0;0;0;0;0;0;0;0;0;0;0;0;0;0;3;0;0;0;0;0;1;2;0;0;0;0;0;0;0;2
131;0;0;1;2;0;4;0;0;0;2;1;2;1;0;0;0;0;0;0;0;0;0;0;0;0;0;0;0;0;0;0;0;0;0;0;0;0;0;0;0;0;0;0;0;0;0;0;0
132;0;4;0;2;0;1;0;1;0;1;1;3;0;0;0;0;0;0;0;0;0;0;0;0;0;0;0;1;0;0;0;0;6;0;0;0;0;0;2;0;0;0;0;0;0;0;0;0
133;0;0;1;9;0;3;0;0;0;2;0;6;1;0;0;0;0;0;0;0;0;0;0;0;0;0;1;0;0;0;0;0;0;4;0;0;0;0;0;0;0;0;0;0;0;0;0;0
134;0;2;2;4;0;3;0;0;0;1;0;1;2;0;0;0;0;0;0;0;0;0;0;0;0;0;0;0;0;0;0;0;1;0;0;0;0;0;2;0;0;0;0;0;0;0;0;3
135;0;2;1;8;0;3;0;0;0;0;0;5;2;0;0;0;0;0;0;0;0;0;0;0;0;0;0;0;0;0;0;0;5;4;0;0;0;1;1;0;1;0;0;0;1;0;0;0
136;0;2;1;0;0;3;0;0;0;1;5;0;0;0;0;1;0;0;0;0;0;0;0;0;0;0;0;0;0;0;0;0;2;0;0;0;0;1;2;0;0;1;0;0;0;0;0;0
137;0;1;1;2;0;1;0;0;0;2;0;0;3;0;0;0;0;0;0;0;0;1;0;0;0;0;0;0;0;0;0;0;1;0;0;0;0;0;0;1;1;3;0;0;0;0;0;1
138;0;3;1;0;0;2;0;0;0;0;1;0;0;0;0;0;0;0;0;0;0;0;0;0;0;0;1;0;0;0;0;0;1;0;0;0;0;0;0;0;1;0;0;2;0;0;0;0
139;0;0;4;0;0;3;0;0;0;0;0;3;0;0;0;0;0;0;0;0;0;0;0;0;0;0;0;0;0;0;0;0;9;0;0;0;0;0;1;0;1;0;0;0;0;0;0;0
140;0;0;0;0;0;2;0;0;0;0;0;2;0;0;0;0;0;0;0;0;0;2;0;0;0;0;0;0;0;0;0;0;7;0;0;0;0;0;2;0;2;0;0;0;0;0;0;0
141;0;0;0;0;0;1;0;0;0;2;1;2;2;0;0;0;0;0;0;0;0;0;0;0;0;0;0;0;0;0;0;0;3;0;0;0;0;0;2;0;0;0;0;0;0;0;0;1
142;0;0;0;0;0;2;0;0;0;0;1;3;1;0;1;0;0;0;0;0;0;0;0;0;0;0;0;0;0;0;0;0;1;0;0;5;0;0;1;0;0;0;0;0;0;0;0;0
143;0;2;0;0;0;2;0;0;0;1;0;1;0;0;0;0;0;0;0;0;0;0;0;0;0;0;0;0;0;0;0;0;3;0;0;0;0;0;2;0;0;0;0;0;0;0;0;3
144;0;4;1;0;0;2;0;1;0;1;0;0;0;0;0;0;0;0;0;0;0;0;0;0;0;0;0;0;0;0;0;0;2;0;0;0;0;0;1;1;1;0;0;0;0;0;0;0
145;0;3;1;0;0;3;0;0;0;0;0;1;2;0;0;0;0;0;0;0;0;0;0;0;0;0;0;0;0;0;0;0;7;0;0;0;0;0;2;0;0;0;0;0;0;0;0;0
146;0;1;4;0;0;3;0;1;0;3;0;0;2;0;0;0;0;0;0;0;0;0;0;0;0;0;0;0;0;0;0;0;2;0;0;0;0;0;2;0;1;0;0;0;0;0;0;0
147;0;3;1;1;0;3;0;2;0;1;0;0;2;0;0;0;0;0;0;0;0;0;0;0;0;0;1;0;0;0;0;0;4;0;0;0;0;0;6;0;1;0;0;0;0;0;0;0
148;0;1;0;0;0;0;0;0;0;0;0;0;0;0;0;0;0;0;0;0;0;0;0;0;0;0;0;0;0;0;0;0;3;0;0;0;0;0;3;1;0;0;0;0;0;0;0;3
149;0;3;0;0;0;4;0;0;0;0;0;0;3;0;0;0;0;0;0;0;0;0;0;0;0;0;0;0;0;0;0;0;4;0;0;3;0;0;5;0;0;0;0;2;0;0;0;0
150;0;3;1;0;0;2;0;2;0;1;0;2;1;0;0;2;0;0;0;0;0;0;0;0;0;0;0;0;0;0;0;0;2;0;0;0;0;0;5;0;1;0;0;0;0;0;0;0
151;0;2;3;0;0;3;0;1;0;2;0;0;3;0;0;0;0;0;0;0;0;0;0;0;0;0;1;0;0;0;1;0;2;0;0;0;0;0;6;0;1;0;0;0;0;0;0;0
152;0;1;0;0;0;3;0;1;0;0;0;0;0;0;0;0;0;0;0;0;0;0;0;0;0;0;0;3;0;0;0;0;2;0;0;0;0;0;2;3;0;0;0;0;0;0;0;1
153;0;3;1;0;0;3;0;0;0;0;0;1;0;0;0;0;0;0;0;0;0;0;0;0;0;0;0;0;0;0;0;0;2;0;0;0;0;0;4;0;1;0;0;0;0;0;0;0
154;0;0;1;0;0;4;0;2;0;1;0;1;0;0;0;0;0;0;0;0;0;0;0;0;0;0;0;0;0;0;0;0;1;0;0;0;0;0;4;0;2;0;0;0;2;0;0;0
155;0;2;1;0;0;2;0;0;0;0;0;0;1;0;0;0;0;0;0;0;0;3;0;0;0;0;0;0;0;0;0;0;5;0;0;0;0;0;3;1;1;0;0;0;1;0;0;0
156;0;3;1;2;0;2;0;0;0;0;0;0;0;0;0;0;0;0;0;0;0;0;0;0;0;0;0;0;0;0;0;0;5;0;0;0;0;0;6;0;0;0;0;0;0;0;0;0
157;0;7;1;0;0;2;0;0;0;1;0;2;0;0;0;0;0;0;0;0;0;0;0;0;0;0;0;0;0;0;0;0;3;0;0;0;0;0;9;0;0;0;0;0;0;0;0;1
158;0;0;0;0;0;3;0;0;0;0;0;1;1;0;0;0;0;0;0;0;0;0;0;0;0;0;0;0;0;0;0;0;4;0;0;0;0;0;3;0;0;0;0;0;0;0;0;0
159;0;4;1;0;0;3;0;0;0;1;0;0;1;0;0;0;0;0;0;0;0;0;0;0;0;0;0;0;0;0;0;0;1;1;0;0;0;0;7;0;2;0;0;0;0;0;0;0
160;0;4;0;0;0;0;0;0;0;0;2;1;1;0;0;0;0;0;0;0;0;0;0;0;0;0;0;0;0;0;0;0;2;1;0;0;1;0;0;0;2;0;0;0;1;0;0;0
161;0;3;0;0;0;2;0;0;0;0;0;0;0;0;0;0;0;0;0;0;0;0;0;0;0;0;0;0;0;0;0;0;2;0;0;0;0;0;3;0;0;0;0;2;1;0;0;0
162;0;2;1;1;0;2;0;0;0;1;0;0;0;0;0;0;0;0;0;0;0;0;0;0;0;0;0;0;0;0;0;0;8;0;0;0;0;0;6;0;0;0;0;0;0;0;0;0
163;0;3;1;0;0;5;0;1;0;1;0;0;1;0;0;0;0;0;0;0;0;0;0;0;0;0;0;0;0;0;0;0;2;0;0;0;0;0;4;0;3;1;0;0;0;0;0;0
164;0;0;3;0;0;3;0;2;1;4;0;2;0;0;0;0;0;0;0;0;0;2;0;0;0;0;0;0;0;0;0;0;2;0;0;0;0;0;3;0;2;0;0;0;0;0;0;0
165;0;0;1;0;0;1;0;0;0;0;0;1;0;0;0;0;0;0;0;0;0;0;0;0;0;0;0;0;0;0;0;0;0;0;0;0;0;0;6;0;1;0;0;0;0;0;0;0
166;0;0;1;0;0;1;0;0;0;1;0;3;1;0;0;0;0;0;0;0;0;0;0;0;0;0;0;0;0;0;0;0;0;0;0;0;0;0;1;0;1;0;0;0;1;0;0;0
167;0;6;2;0;0;1;0;1;0;0;0;0;0;0;0;0;0;0;0;0;0;0;0;0;0;0;0;0;0;0;0;0;3;0;0;0;0;0;7;0;1;0;0;0;2;0;0;0
168;0;3;0;0;0;1;0;0;0;0;1;0;0;0;0;0;0;0;0;0;0;1;0;0;0;0;0;0;0;0;0;0;5;0;0;0;0;0;4;0;2;0;0;0;0;0;0;0
170;0;3;1;0;0;2;0;0;0;0;0;0;2;0;0;0;0;0;0;0;0;0;0;0;0;0;0;0;0;0;0;0;5;0;0;0;0;0;3;0;0;0;0;0;0;0;0;1
171;0;3;2;0;0;1;0;0;0;0;0;1;1;0;0;0;0;0;0;0;0;1;0;0;0;0;0;0;0;0;0;0;0;0;0;0;0;0;4;0;0;0;0;0;0;0;0;0
190;0;2;1;0;0;4;0;0;0;3;0;0;2;0;0;0;0;0;1;0;0;0;0;0;0;0;0;0;0;0;0;0;5;0;0;0;0;0;4;0;0;0;0;0;0;0;0;1
191;0;0;0;0;0;3;0;0;0;1;1;1;1;0;0;0;0;0;0;0;0;1;0;0;0;0;1;0;0;0;0;0;0;0;0;0;0;0;0;0;0;0;0;0;0;0;0;0
192;0;1;2;0;0;0;0;0;0;0;1;1;0;0;0;0;0;0;0;0;0;0;0;0;0;0;0;0;0;0;0;0;0;0;0;0;0;0;0;0;1;0;0;1;0;0;0;2
193;0;0;1;0;0;1;0;0;0;0;0;1;0;0;0;0;0;0;0;0;0;0;0;0;0;0;0;0;0;0;0;0;0;0;0;0;0;0;0;1;0;0;0;0;0;0;0;1
194;0;0;1;2;0;2;0;0;0;1;0;0;2;0;0;0;0;0;0;0;0;2;0;0;0;0;0;0;0;0;0;0;3;0;0;0;0;1;2;0;2;0;0;0;1;0;0;0
195;0;0;1;0;0;2;0;0;0;1;2;2;1;0;0;0;0;0;0;0;0;1;0;0;0;0;1;0;0;0;2;0;1;0;0;0;0;0;1;0;1;0;0;0;0;0;0;0
196;0;0;0;0;0;3;0;0;0;2;0;0;1;0;0;0;0;0;0;0;0;3;0;0;0;0;0;0;0;0;0;0;0;0;0;0;0;0;2;0;2;3;0;3;0;0;0;3
217;0;0;0;0;0;2;0;0;0;1;6;2;0;0;1;0;0;0;0;0;0;0;0;0;0;0;0;0;0;0;0;0;5;0;0;0;0;0;3;0;0;0;0;0;0;0;0;0
218;0;0;0;0;0;2;0;0;0;0;0;1;0;0;0;0;0;0;0;0;0;0;0;0;0;0;0;0;0;0;0;0;4;0;0;0;0;0;0;0;0;0;0;0;0;0;0;3
219;0;0;0;0;0;1;0;0;0;0;2;2;0;0;0;0;0;0;0;0;0;0;0;0;0;0;0;0;0;0;0;0;8;0;0;0;0;0;2;0;0;0;0;0;0;0;0;0
222;0;0;0;0;0;0;0;0;0;0;3;2;0;0;1;0;0;0;0;0;0;1;0;0;0;0;0;0;0;0;0;0;2;0;0;0;4;0;0;6;0;0;0;0;0;0;0;1
223;0;0;0;0;0;4;0;0;0;1;0;0;1;0;0;0;0;0;0;0;0;0;0;0;0;0;0;0;0;0;0;0;3;0;0;0;0;0;0;0;0;0;0;0;0;0;0;1
224;0;0;0;0;0;2;0;0;0;2;2;3;1;0;0;0;0;0;0;0;0;1;0;0;0;0;0;0;0;0;0;0;1;0;0;0;0;0;2;0;0;0;0;0;0;0;0;0
226;0;0;0;0;0;3;0;0;0;0;2;3;1;0;0;2;0;0;0;0;0;0;0;0;0;0;0;0;0;0;0;0;5;0;0;0;0;0;0;0;0;0;0;0;0;0;0;0
227;0;0;1;0;0;3;0;0;0;1;2;0;1;0;0;0;0;0;0;0;0;0;0;0;0;0;0;0;0;0;1;0;7;0;0;0;0;0;0;2;0;1;0;0;0;0;0;1
228;0;0;0;0;0;1;0;0;0;1;3;0;0;0;0;5;0;0;0;0;0;0;0;0;0;0;0;0;0;0;0;0;5;0;0;0;0;0;0;3;0;0;0;1;0;0;0;2
229;0;0;1;0;0;8;0;0;0;0;1;0;2;0;0;0;0;0;0;0;0;2;0;0;0;0;0;0;0;0;0;0;5;0;0;5;0;0;2;0;1;0;0;0;0;0;0;1
230;0;0;0;0;0;3;0;0;0;0;1;3;3;0;1;4;0;0;0;0;0;2;0;0;0;0;0;0;0;0;0;0;8;0;0;0;0;0;4;2;0;0;0;0;0;0;0;4
231;0;0;1;0;0;6;0;0;0;0;3;3;1;0;0;0;0;0;0;0;0;0;0;0;0;0;0;0;0;0;0;0;3;0;0;0;0;0;1;0;0;0;0;0;0;0;0;0
233;0;0;1;0;0;4;0;1;0;0;1;3;2;0;0;0;0;0;0;0;0;1;0;0;0;0;0;0;0;0;0;0;3;0;0;0;0;0;0;0;0;1;0;0;0;0;0;1
235;0;3;0;0;0;3;0;1;0;0;2;2;1;0;0;0;0;0;0;0;0;0;0;0;0;0;0;0;0;0;0;0;4;0;0;0;0;0;0;1;1;0;0;1;0;0;0;2
236;0;1;1;0;0;2;0;1;0;0;0;0;2;0;0;0;0;0;0;0;0;1;0;0;0;0;0;0;0;0;0;0;2;0;0;0;0;0;3;0;1;0;0;0;0;0;0;1
237;0;3;2;5;0;1;0;0;0;0;0;1;1;0;0;0;0;0;0;0;0;0;0;0;0;0;0;0;0;0;0;0;2;0;0;0;0;0;5;0;1;0;0;0;0;0;0;0
240;0;2;0;0;0;2;0;0;0;0;4;1;2;0;0;0;0;0;0;0;0;0;0;0;0;0;1;0;0;0;0;0;2;0;0;0;0;0;6;1;0;0;0;0;0;0;0;2
241;0;6;0;1;0;3;0;2;0;0;0;1;1;0;0;0;0;0;0;0;0;0;0;0;0;0;0;0;0;0;0;0;3;0;0;0;0;0;1;0;3;1;0;0;0;0;0;0
243;0;0;0;0;0;2;0;0;0;2;3;8;0;0;1;0;0;0;0;0;0;0;0;0;0;0;0;0;0;0;0;0;0;0;0;0;0;0;0;0;0;0;0;0;0;0;0;2
250;0;1;1;0;0;0;0;1;0;0;4;1;0;0;0;0;0;0;0;0;0;0;0;0;0;0;0;0;0;0;0;0;3;0;0;0;0;0;4;0;0;0;0;0;0;0;0;2
251;0;1;1;0;0;2;0;0;0;1;1;0;2;0;0;0;0;0;0;0;0;0;0;0;0;0;1;0;0;0;0;0;1;1;0;0;0;1;1;0;1;0;0;0;0;0;0;0
252;0;1;3;2;0;2;0;0;0;3;3;5;0;0;0;2;0;0;0;0;0;0;0;0;0;0;2;0;0;0;1;0;0;0;0;0;0;0;2;0;2;0;0;0;0;0;0;0
253;0;3;3;1;0;3;0;0;0;0;2;0;1;0;0;0;0;0;0;0;0;0;0;0;0;0;1;0;0;0;0;0;2;0;0;0;0;0;1;0;1;0;0;0;0;0;0;3
254;0;3;1;0;0;2;0;2;0;0;0;0;1;0;0;0;0;0;0;0;0;0;0;0;0;0;0;0;0;0;0;0;2;0;0;0;0;0;2;0;1;0;0;0;0;0;0;2
255;0;4;0;3;0;4;0;0;0;1;0;1;2;0;0;0;0;0;0;0;0;0;0;0;0;0;0;0;0;0;0;0;8;0;0;0;0;1;0;0;1;0;0;0;0;0;0;1
256;0;0;0;1;0;1;0;1;0;2;2;3;2;0;0;0;0;0;0;0;0;0;0;0;0;0;0;0;0;0;0;0;1;0;0;0;0;1;2;0;0;2;0;0;0;0;0;2
257;0;3;0;3;0;2;0;0;0;3;2;0;1;0;0;0;0;0;0;0;0;0;0;0;0;0;1;0;0;0;0;0;2;2;0;0;0;0;4;0;1;0;0;0;0;0;0;0
259;0;3;2;0;0;0;0;1;0;1;0;0;3;0;0;0;0;0;0;0;0;0;0;0;0;0;0;0;0;0;0;0;3;0;0;0;0;1;6;0;1;0;0;0;0;0;0;0
261;0;1;1;0;0;2;0;0;0;4;4;3;6;0;0;0;0;0;0;0;0;0;0;0;0;0;0;0;0;0;0;0;2;0;0;0;0;0;2;0;0;0;0;0;0;0;0;0
262;0;2;1;0;0;1;0;0;0;0;0;0;1;0;0;0;0;0;0;0;0;0;0;0;0;0;0;0;0;0;0;0;7;0;0;0;0;0;3;0;0;1;0;0;2;0;0;0
263;0;3;3;0;0;0;0;2;0;2;1;3;1;0;0;0;0;0;0;0;0;0;0;0;0;0;0;0;0;0;0;0;2;0;0;0;0;0;4;0;3;0;0;0;2;0;0;0
265;0;4;2;1;0;2;0;0;0;1;0;1;1;0;0;0;0;0;0;0;0;0;0;0;0;0;0;0;0;0;0;0;3;0;0;0;0;0;3;0;0;0;0;0;1;0;0;0
266;0;2;1;2;0;2;0;2;0;0;2;2;1;0;0;0;0;0;0;0;0;1;0;0;0;0;0;0;0;0;0;0;2;0;0;0;0;0;0;0;0;0;0;0;0;0;0;1
267;0;2;2;0;0;0;0;0;0;1;3;0;1;0;0;0;0;0;0;0;0;0;0;0;0;0;0;0;0;0;0;0;0;1;0;0;0;0;3;0;0;0;0;0;1;0;0;2
268;0;2;2;4;0;1;0;0;0;0;0;0;1;0;0;0;0;0;0;0;0;0;0;0;0;0;0;0;0;0;0;0;1;0;0;0;0;0;2;0;1;0;0;0;2;0;0;0
269;0;1;1;7;0;0;0;0;0;0;0;0;1;0;0;0;0;0;1;0;0;0;0;0;0;0;1;0;0;0;0;0;0;0;0;0;0;1;4;0;1;0;0;0;0;0;0;0
270;0;1;2;1;0;1;0;0;0;1;0;0;2;0;0;0;0;0;0;0;0;0;0;0;0;0;0;0;0;0;0;0;0;0;0;0;0;2;7;0;1;0;0;0;0;0;0;0
271;0;1;2;0;0;1;0;1;0;2;1;1;1;0;0;0;0;0;0;0;0;0;0;0;0;0;1;0;0;0;0;0;2;0;0;0;0;0;4;0;0;0;0;0;2;0;0;0
272;0;0;1;1;0;1;0;1;0;0;0;1;0;0;0;0;0;0;0;0;0;0;0;0;0;0;0;0;0;0;0;0;1;0;0;0;0;0;4;0;0;0;0;0;0;0;0;0
273;0;4;1;0;0;0;0;1;0;0;0;4;2;0;0;0;0;0;0;0;0;0;0;0;0;0;1;0;0;0;0;0;5;0;0;0;0;0;2;0;1;0;0;0;2;0;0;0
274;0;2;2;3;0;0;0;0;0;1;0;0;0;0;0;0;0;0;0;0;0;0;0;1;0;0;1;0;0;0;0;0;0;0;0;0;0;0;5;0;1;0;0;0;2;0;0;0
275;0;0;1;0;0;2;0;0;0;0;2;0;0;0;0;0;0;0;0;0;0;0;0;0;0;0;1;0;0;0;0;0;3;0;0;0;0;0;0;1;0;0;0;1;0;0;0;2
276;0;3;1;3;0;3;0;4;0;0;0;1;2;0;1;0;0;0;0;0;0;1;0;0;0;0;2;0;0;0;0;0;2;0;0;0;0;0;3;0;1;0;0;1;0;0;0;1
278;0;0;0;0;0;0;0;1;0;0;0;0;0;0;0;0;0;0;0;0;0;1;0;0;0;0;0;0;0;0;0;0;1;0;0;0;0;0;5;2;0;0;0;0;0;0;0;0
280;0;0;3;0;0;3;0;0;0;0;0;0;2;0;0;0;0;0;0;0;0;0;0;0;0;0;0;0;0;0;2;0;3;0;0;0;0;0;3;0;0;0;0;0;0;0;0;0
282;0;0;2;0;0;4;0;1;0;0;0;2;2;0;0;0;0;0;0;0;0;0;0;0;0;0;0;0;0;0;0;0;3;0;0;0;0;0;0;0;1;0;0;0;0;0;0;0
283;0;0;1;0;0;3;0;0;0;0;0;3;2;0;0;0;0;0;0;0;0;0;0;0;0;0;0;0;0;0;0;0;10;0;0;0;0;0;0;0;0;0;0;0;0;0;0;0
284;0;0;1;0;0;8;0;1;0;0;0;2;3;0;0;0;0;0;0;0;0;0;0;0;0;0;0;0;0;0;0;0;4;0;0;0;0;0;0;1;0;0;0;0;0;0;0;0
285;0;0;2;0;0;5;0;0;0;0;5;4;2;0;0;0;0;0;0;0;0;0;0;0;0;0;0;0;0;0;0;0;6;0;0;0;0;0;0;2;0;0;0;0;0;0;0;2
286;0;0;0;0;0;3;0;0;0;0;3;3;1;0;0;2;0;0;0;0;0;0;0;0;0;0;0;0;0;0;1;0;4;0;0;0;0;0;0;1;0;0;0;0;0;0;0;2
287;0;0;0;0;0;4;0;1;0;2;0;2;1;0;1;1;0;0;0;0;0;0;0;0;0;0;0;0;0;0;0;0;3;0;0;0;0;0;4;0;0;0;0;0;0;0;0;2
288;0;0;1;0;0;3;0;0;0;0;2;1;1;0;0;0;0;0;0;0;0;0;0;0;0;0;0;0;0;0;1;0;2;0;0;0;0;0;0;0;0;0;0;0;0;0;0;2
289;0;0;0;0;0;2;0;0;0;1;7;1;1;0;0;0;0;0;0;0;0;0;0;0;0;0;0;0;0;0;0;0;4;0;0;0;0;1;0;0;0;0;0;0;0;0;0;0
290;0;0;0;0;0;2;0;0;0;0;6;2;1;0;0;0;0;0;0;0;0;0;0;0;0;0;0;0;0;0;0;0;1;0;0;0;0;2;0;0;1;0;0;0;1;0;0;0
291;0;0;1;0;0;1;0;0;0;1;4;2;4;0;0;0;0;0;0;0;0;0;0;0;0;0;0;0;0;0;0;0;2;0;0;0;0;0;1;0;1;0;0;0;0;0;0;1
292;0;0;0;0;0;2;0;0;0;0;1;3;0;0;0;0;0;0;0;0;0;1;0;0;0;0;0;0;0;0;0;0;1;0;0;0;0;0;0;0;0;0;0;0;0;0;0;1
293;0;1;1;0;0;3;0;0;0;0;2;4;3;0;0;0;0;0;0;0;0;0;0;0;0;0;0;0;0;0;0;0;7;0;0;0;0;0;1;0;0;0;0;0;0;0;0;0
294;0;0;0;0;0;3;0;1;0;0;1;2;1;0;0;0;0;0;0;0;0;0;0;0;0;0;0;0;0;0;0;0;7;0;0;0;0;1;1;0;0;0;0;0;0;0;0;0
295;0;0;1;0;0;2;0;0;0;1;4;2;2;0;0;0;0;0;0;0;0;0;0;0;0;0;0;0;0;0;0;0;3;0;0;0;0;0;3;0;0;0;0;0;0;0;0;0
296;0;0;1;0;0;4;0;1;0;2;2;1;3;0;0;0;0;0;0;0;0;0;0;0;0;0;0;0;0;0;0;0;1;0;0;0;0;0;1;0;0;0;0;0;0;0;0;0
297;0;0;1;0;0;2;0;0;0;1;2;2;0;0;0;0;0;0;0;0;0;0;0;0;0;0;0;0;0;0;0;0;7;0;0;0;0;0;1;0;2;0;0;0;0;0;0;0
298;0;0;1;0;0;1;0;0;0;1;1;1;0;0;0;0;0;0;0;0;0;0;0;0;0;0;0;0;0;0;0;0;1;0;0;0;0;0;0;0;1;0;0;0;0;0;0;0
299;0;0;1;0;0;2;0;0;0;2;1;1;1;0;1;0;0;0;0;0;0;0;0;0;0;0;0;0;0;0;0;0;0;0;0;0;0;0;2;0;0;0;0;0;0;0;0;1
300;0;0;1;0;0;4;0;0;0;1;0;0;1;0;0;0;0;0;0;0;0;0;0;0;0;0;0;0;0;0;0;0;8;0;0;0;0;0;0;1;0;0;0;0;0;0;0;1
301;0;2;2;0;0;5;0;1;0;1;0;0;0;0;0;0;0;0;0;0;0;0;0;0;0;0;0;0;0;0;0;0;1;0;0;0;0;0;4;0;1;1;0;0;0;0;0;0
308;0;1;2;0;0;4;0;0;0;0;4;1;3;0;1;0;0;0;0;0;0;0;0;0;0;0;0;0;0;0;1;0;3;0;0;0;0;0;9;0;0;0;0;1;0;0;0;1
309;0;1;0;0;0;3;0;0;0;2;1;0;3;0;0;0;0;0;1;0;0;1;0;0;0;0;0;0;0;0;0;0;1;0;0;0;0;1;2;0;0;0;0;0;0;0;0;0
310;0;0;0;0;0;3;0;0;0;0;6;2;1;0;0;0;0;0;0;0;0;2;0;0;0;0;0;0;0;0;0;0;2;0;0;0;0;0;0;1;0;0;0;0;0;0;0;2
311;0;1;0;0;0;2;0;0;0;1;4;3;1;0;0;0;0;0;0;0;0;1;0;0;0;0;0;0;0;0;0;0;1;0;0;0;0;0;0;0;0;0;0;0;0;0;0;0
312;0;2;2;0;0;3;0;0;0;1;0;2;2;0;0;0;0;0;0;0;0;0;0;0;0;0;0;0;0;0;0;0;2;0;0;0;0;0;3;1;0;0;0;0;0;0;0;1
317;0;3;0;0;0;3;0;1;0;0;1;1;2;0;0;0;0;0;0;0;0;0;0;0;0;0;0;0;0;0;1;0;5;0;0;0;0;0;8;0;1;0;0;2;0;0;0;2
318;0;2;3;0;0;4;0;0;0;0;5;4;0;0;0;0;0;0;0;0;0;0;0;0;0;0;0;0;0;0;1;0;1;0;0;0;0;1;2;0;0;0;0;0;0;0;0;1
319;0;0;1;0;0;2;0;1;0;0;0;3;2;2;0;0;0;0;0;0;0;0;0;0;0;0;0;0;0;0;0;0;6;0;0;0;0;0;5;1;1;0;0;0;0;0;0;1
321;0;0;1;0;0;3;0;0;0;0;0;0;2;0;0;0;0;0;0;0;0;0;0;0;0;0;0;0;0;0;0;0;1;0;0;0;0;0;1;0;0;0;0;0;0;0;0;0
322;0;0;1;0;0;3;0;1;0;0;0;3;1;0;0;0;0;0;0;0;0;0;0;0;0;0;0;0;0;0;0;0;5;0;0;0;0;0;2;0;1;0;0;0;0;0;0;1
323;0;2;2;0;0;4;0;1;0;0;0;0;0;0;0;0;0;0;0;0;0;0;0;0;0;0;0;0;0;0;0;0;5;0;0;0;0;0;6;1;1;0;0;0;0;0;0;1
325;0;2;1;0;0;0;0;2;0;0;0;0;1;0;0;0;0;0;0;0;0;0;0;0;0;0;0;0;0;0;2;0;5;0;0;0;0;0;2;0;1;0;0;1;1;0;0;1
327;0;2;1;0;0;2;0;0;0;0;0;0;1;0;0;0;0;0;0;0;0;0;0;0;0;0;0;0;0;0;1;0;1;0;0;0;0;0;3;0;1;0;0;0;2;0;0;0
329;0;7;0;0;0;3;0;2;0;0;0;0;0;0;0;0;0;0;0;0;0;0;0;0;0;0;1;0;0;0;0;0;1;0;0;0;0;0;4;0;0;0;0;0;2;0;0;0
331;0;6;0;0;0;3;0;2;0;0;1;0;1;0;0;0;0;0;0;0;0;0;0;0;0;0;0;0;0;0;0;0;4;0;0;0;0;0;4;0;1;0;0;0;0;0;0;0
333;0;3;2;0;0;2;0;1;0;2;0;2;0;0;0;0;0;0;0;0;0;0;0;0;0;0;1;0;0;0;0;0;2;0;0;0;0;0;6;2;0;0;0;0;0;0;0;0
335;0;1;1;0;0;1;0;1;0;0;0;0;1;0;0;0;0;0;0;0;0;0;0;0;0;0;0;0;0;0;1;0;4;0;0;0;0;0;5;1;1;0;0;0;0;0;0;0
337;0;2;1;0;0;3;0;3;0;0;0;0;0;0;0;0;0;0;0;0;0;0;0;0;0;0;0;0;0;0;4;0;2;0;0;0;0;0;9;1;1;1;0;0;0;0;0;1
340;0;1;2;0;0;3;0;3;0;1;0;2;0;0;1;0;0;0;0;0;0;0;0;0;0;0;2;0;0;0;2;0;3;0;0;0;0;0;5;3;1;0;0;0;0;0;0;2
342;0;3;0;0;0;2;0;0;0;0;0;0;3;0;0;0;0;0;0;0;0;0;0;0;0;0;0;0;0;0;0;0;2;0;0;0;0;0;5;3;1;0;0;0;0;0;0;1
344;0;3;1;0;0;0;0;4;0;0;0;0;0;0;0;0;0;0;0;0;0;0;0;0;0;0;1;0;0;0;0;0;3;0;0;0;0;0;3;0;0;0;0;1;0;0;0;0
346;0;4;0;0;0;2;0;2;0;0;0;0;0;0;0;0;0;0;0;0;0;0;0;0;0;0;0;0;0;0;0;0;0;1;0;0;0;0;5;1;1;0;0;0;0;0;0;0
348;0;7;0;0;0;1;0;0;0;0;0;0;0;0;0;0;0;0;0;0;0;0;0;0;0;0;0;0;0;0;0;0;3;0;0;0;0;0;9;0;1;0;0;0;0;0;0;0
350;0;3;0;0;0;3;0;0;0;1;0;0;1;0;0;0;0;0;0;0;0;0;0;0;0;0;0;0;0;0;0;0;2;0;0;0;0;0;1;0;1;0;0;0;1;0;0;0
352;0;2;1;1;0;2;0;0;0;0;0;2;1;0;0;0;0;0;1;0;0;0;0;0;0;0;0;0;0;0;0;0;2;1;0;0;0;0;1;0;0;0;0;0;1;0;0;0
354;0;1;1;1;0;3;0;0;0;0;0;0;1;0;0;0;0;0;0;0;0;0;0;0;0;0;0;0;0;0;0;0;0;1;0;0;0;0;0;0;1;0;0;0;1;0;0;0
356;0;2;0;0;0;2;0;0;0;0;0;0;1;0;0;0;0;0;0;0;0;0;0;0;0;0;0;0;0;0;0;0;0;1;0;0;0;0;4;0;0;0;0;0;1;0;0;0
358;0;4;1;0;0;2;0;0;0;0;0;0;2;0;0;0;0;0;0;0;0;0;0;0;0;0;0;0;0;0;0;0;2;0;0;0;0;0;5;0;3;0;0;0;0;0;0;0
359;0;5;2;0;0;1;0;0;0;0;0;0;2;0;0;0;0;0;0;0;0;0;0;0;0;0;0;0;0;0;0;0;3;0;0;0;0;0;9;0;2;0;0;0;0;0;0;0
360;0;3;0;0;0;2;0;0;0;0;0;1;0;0;0;0;0;0;0;0;0;0;0;0;0;0;0;0;0;0;0;0;1;1;0;0;0;0;8;0;1;0;0;0;3;0;0;0
361;0;1;2;0;0;2;0;1;0;0;0;1;2;0;0;0;0;0;0;0;0;0;0;0;0;0;0;0;0;0;0;0;5;0;0;0;0;1;2;0;1;0;0;0;0;0;0;0
362;0;3;0;0;0;2;0;2;0;0;0;0;0;0;0;0;0;0;0;0;0;0;0;0;0;0;0;0;0;0;0;0;0;0;0;0;0;0;4;1;1;0;0;0;3;0;0;0
364;0;3;1;2;0;1;0;0;0;0;0;0;0;0;0;0;0;0;0;0;0;0;0;0;0;0;0;0;0;0;0;0;1;0;0;0;0;0;7;0;0;0;0;0;0;0;0;0
366;0;3;0;0;0;0;0;2;0;1;0;0;1;0;0;0;0;0;0;0;0;0;0;0;0;0;0;0;0;0;0;0;2;2;0;0;0;0;6;0;2;0;0;0;0;0;0;0
367;0;2;3;0;0;6;0;1;0;1;1;0;4;0;0;0;0;0;0;0;0;0;0;0;0;0;0;0;0;0;0;0;0;0;0;0;0;0;5;0;2;0;0;0;0;0;0;0
368;0;3;2;0;0;1;0;0;0;0;0;0;0;0;0;0;0;0;0;0;0;0;0;0;0;0;0;0;0;0;0;0;0;0;0;0;0;0;4;0;1;0;0;0;0;0;0;0
369;0;1;0;0;0;2;0;1;0;0;1;1;2;0;0;0;0;0;0;0;0;0;0;0;0;0;0;0;0;0;0;0;3;0;0;0;0;0;0;0;0;1;0;0;0;0;0;0
370;0;2;0;1;0;2;0;2;0;0;0;0;0;0;0;0;0;0;0;0;0;0;0;0;0;0;0;0;0;0;0;0;1;0;0;0;0;0;9;0;0;0;0;0;0;0;0;0
371;0;3;1;0;0;5;0;0;0;1;0;2;2;0;0;0;0;0;0;0;0;0;0;0;0;0;1;0;0;0;0;0;5;0;0;0;0;0;1;0;0;0;0;0;2;0;0;1
374;0;1;0;0;0;1;0;0;0;0;0;0;1;0;0;0;0;0;0;0;0;0;0;0;0;0;0;0;0;0;0;0;2;0;0;0;0;0;3;4;0;0;0;0;0;0;0;0
375;0;3;3;0;0;5;0;2;0;3;0;0;1;0;0;0;0;0;0;0;0;0;0;0;0;0;2;0;0;0;0;0;5;0;0;0;0;0;6;0;0;0;0;0;0;0;0;2
376;0;1;0;0;0;2;0;1;0;0;0;0;0;0;0;0;0;0;0;0;0;0;0;0;0;0;1;0;0;0;0;0;5;0;0;0;0;0;8;1;1;0;0;0;0;0;0;0
377;0;4;2;0;0;5;0;1;0;2;3;1;4;0;0;0;0;0;0;0;0;0;0;0;0;0;2;0;0;0;0;0;1;0;0;0;0;0;4;0;1;0;0;3;0;0;0;1
378;0;4;0;0;0;4;0;0;0;1;0;1;0;0;0;0;0;0;0;0;0;0;0;0;0;0;0;0;0;0;0;0;2;0;0;0;0;0;9;0;1;0;0;0;1;0;0;0
380;0;4;1;0;0;1;0;3;0;2;0;0;4;0;0;0;0;0;0;0;0;0;0;0;0;0;1;0;0;0;1;0;2;0;0;0;0;0;13;0;0;0;0;0;0;0;0;0
382;0;7;1;3;0;2;0;0;0;1;0;1;0;0;0;0;0;0;0;0;0;0;0;0;0;0;0;0;0;0;1;0;2;0;0;0;0;0;2;0;0;0;0;0;0;0;0;0
384;0;2;1;0;0;3;0;0;0;1;0;2;0;0;0;0;0;0;0;0;0;0;0;0;0;0;0;0;0;0;0;0;2;0;0;0;0;0;8;0;0;0;0;0;0;0;0;0
386;0;2;1;4;0;2;0;0;0;1;0;2;4;0;0;0;0;0;0;0;0;0;0;0;0;0;0;0;0;0;0;0;2;0;0;0;0;0;6;1;0;0;0;0;0;0;0;0
388;0;2;2;0;0;1;0;0;0;0;0;0;2;0;0;0;0;0;0;0;0;0;0;0;0;0;1;0;0;0;0;0;3;0;0;0;0;0;3;1;1;0;0;0;0;0;0;1
390;0;0;2;0;0;3;0;1;0;2;3;1;2;0;0;0;0;0;0;0;0;1;0;0;0;0;0;0;0;0;2;0;7;0;0;0;0;0;3;0;2;0;0;0;0;0;0;0
392;0;1;2;0;0;3;0;0;0;0;0;4;0;0;0;0;0;0;0;0;0;0;0;0;0;0;0;0;0;0;0;0;0;0;0;0;0;0;3;1;0;0;0;0;0;0;0;0
400;0;0;1;0;0;4;0;0;0;0;0;1;2;0;0;0;0;0;0;0;0;1;0;0;0;0;0;0;0;0;0;0;1;0;0;0;0;0;0;1;0;0;0;0;0;0;0;0
401;0;3;1;0;0;2;0;0;0;4;0;0;3;0;1;0;0;0;0;0;0;0;0;0;0;0;1;0;0;0;0;0;1;0;0;0;0;1;5;0;0;0;0;0;0;0;0;0
402;0;2;2;0;0;3;0;1;0;5;0;0;3;0;1;0;0;0;0;0;0;0;0;0;0;0;1;0;0;0;0;0;5;0;0;0;0;0;7;0;0;0;0;0;0;0;0;1
403;0;4;1;0;0;3;0;0;0;3;0;1;0;0;0;0;0;0;0;0;0;0;0;0;0;0;0;0;0;0;0;0;7;0;0;0;0;0;4;0;1;0;0;0;1;0;0;3
404;0;2;0;0;0;3;0;0;0;2;4;0;0;0;0;0;0;0;0;0;0;0;0;0;0;0;1;0;0;0;0;0;1;0;0;0;0;0;3;0;1;1;0;0;0;0;0;1
405;0;4;1;4;0;4;0;0;0;2;3;0;1;0;0;0;0;0;0;0;0;1;0;0;0;0;1;0;0;0;0;0;7;0;0;0;0;0;1;0;0;0;0;0;0;0;0;0
408;0;3;3;0;0;6;0;0;0;0;3;3;2;0;0;0;0;0;0;0;0;0;0;0;0;0;0;0;0;0;1;0;4;0;0;0;0;1;6;0;2;0;0;0;0;0;0;2
409;0;5;1;0;0;5;0;2;0;2;2;0;2;0;1;0;0;0;0;0;0;0;0;0;0;0;2;0;0;0;0;0;2;0;0;0;0;0;5;0;2;0;0;0;0;0;0;5
411;0;0;1;0;0;2;0;1;0;0;2;2;2;0;0;0;0;0;0;0;0;0;0;0;0;0;0;0;0;0;0;0;10;0;0;0;0;1;0;0;1;0;0;0;0;0;0;0
412;0;0;1;0;0;2;0;0;0;2;0;3;2;0;0;0;0;0;0;0;0;3;0;0;0;0;0;0;0;0;0;0;3;0;0;0;0;0;0;0;0;0;0;0;0;0;0;1
420;0;3;1;0;0;2;0;1;0;0;0;0;2;0;0;0;0;0;0;0;0;0;0;0;0;0;2;1;0;0;0;0;4;0;0;0;0;1;0;0;0;0;0;0;0;0;0;0
421;0;5;0;0;0;4;0;0;0;1;0;0;1;0;0;0;0;0;0;0;0;0;0;0;0;0;3;0;0;0;0;0;5;0;0;0;0;1;5;0;1;0;0;0;0;0;0;1
422;0;1;0;0;0;2;0;0;0;0;1;2;1;0;0;0;0;0;0;0;0;0;0;0;0;0;0;0;0;0;0;0;1;0;0;0;0;0;1;0;0;0;0;0;0;0;0;1
423;0;2;1;0;0;2;0;0;0;1;1;2;2;0;0;0;0;0;0;0;0;0;0;0;0;0;0;0;0;0;0;0;2;0;0;0;0;0;2;0;2;0;0;0;0;0;0;0
424;0;1;0;0;0;3;0;0;0;0;1;1;0;0;0;0;0;0;0;0;0;0;0;0;0;0;0;0;0;0;0;0;3;0;0;0;0;0;0;0;1;0;0;0;0;0;0;0
425;0;0;1;0;0;1;0;0;0;1;1;2;0;0;0;0;0;0;0;0;0;0;0;0;0;0;0;0;0;0;0;0;1;0;0;0;0;0;1;0;0;0;0;0;0;0;0;0
426;0;0;1;0;0;3;0;0;0;1;1;1;1;0;0;0;0;0;0;0;0;0;0;0;0;0;0;0;0;0;0;0;1;0;0;0;0;0;0;0;0;0;0;0;0;0;0;0
427;0;0;2;0;0;2;0;0;0;0;1;1;0;0;0;0;0;0;0;0;0;0;0;0;0;0;0;0;0;0;0;0;2;0;0;0;0;0;1;0;1;0;0;0;0;0;0;0
428;0;0;1;0;0;2;0;2;0;0;0;0;3;0;0;0;0;0;0;0;0;0;0;0;0;0;0;0;0;0;0;0;1;0;0;0;0;0;3;0;0;0;0;0;0;0;0;0
430;0;3;2;0;0;4;0;2;0;4;2;0;9;1;0;0;0;0;0;0;0;0;0;0;0;0;0;0;5;0;0;0;3;0;0;0;0;0;4;0;2;0;0;0;0;0;0;0
431;0;2;0;0;0;3;0;0;0;1;1;0;2;0;0;0;0;0;0;0;0;0;0;0;0;0;0;0;0;0;0;0;1;0;0;0;0;0;3;1;1;0;0;0;0;0;0;0
432;0;3;0;0;0;2;0;0;0;1;1;0;1;0;0;0;0;0;0;0;0;0;0;0;0;0;0;0;0;0;0;0;1;0;0;0;0;0;2;0;2;0;0;0;0;0;0;0
433;0;1;1;0;0;1;0;0;0;0;0;1;0;0;0;0;0;0;0;0;0;0;0;0;0;0;0;0;0;0;0;0;3;0;0;0;0;0;0;0;1;0;0;0;0;0;0;0
434;0;0;4;0;2;3;0;0;0;0;0;1;1;0;0;0;0;0;0;0;0;0;0;0;0;0;0;0;0;0;0;0;0;0;0;0;0;0;5;1;0;4;0;0;0;0;0;2
435;0;2;2;0;0;3;0;1;0;1;2;0;1;0;0;3;0;0;0;0;0;0;0;0;0;0;0;0;0;0;0;0;1;0;0;0;0;1;1;0;0;3;0;0;0;0;0;1
436;0;2;0;0;0;2;0;0;0;1;1;1;1;0;0;0;0;0;0;0;0;0;0;0;0;0;0;0;0;0;0;0;0;0;0;0;0;1;0;0;1;0;0;0;0;0;0;1
437;0;1;2;1;0;3;0;1;0;0;1;1;1;1;1;0;0;0;0;0;0;0;0;0;0;0;0;0;0;0;0;0;1;0;0;0;0;0;2;3;0;0;0;0;0;0;0;3
438;0;1;1;0;0;2;0;0;0;1;0;1;5;0;0;0;0;0;0;0;0;1;0;0;0;0;0;0;0;0;0;0;5;0;0;0;0;0;5;1;0;0;0;0;0;0;0;1
439;0;4;3;0;0;5;0;3;0;3;0;0;2;0;0;0;0;0;1;0;0;0;0;0;0;0;0;0;0;0;1;0;4;0;0;0;0;1;2;0;3;0;0;0;0;0;0;2
451;0;2;2;0;0;1;0;0;0;0;1;0;1;0;0;0;0;0;0;0;0;1;0;0;0;0;0;0;0;0;0;0;1;0;0;0;0;0;0;1;1;5;0;0;0;0;0;0
452;0;0;1;0;0;1;0;0;0;1;0;1;0;0;0;0;0;0;0;0;0;0;0;0;0;0;0;0;0;0;0;0;3;0;0;0;0;0;0;0;1;0;0;0;0;0;0;1
460;0;2;1;0;0;2;0;0;0;1;0;1;2;0;0;0;0;0;0;0;0;0;0;0;0;0;0;0;0;0;0;0;9;0;0;0;0;1;2;0;0;1;0;0;2;0;0;2
461;0;3;0;0;0;3;0;0;0;2;1;2;2;0;0;0;0;0;0;0;0;0;0;0;0;0;0;0;0;0;0;0;2;0;0;0;0;0;0;0;2;4;0;0;1;0;0;1
462;0;2;1;0;0;2;0;0;0;1;0;1;0;0;0;0;0;0;0;0;0;0;0;0;0;0;0;0;0;0;0;0;7;0;0;0;0;0;2;0;3;0;0;1;3;0;0;1
463;0;2;1;0;0;4;0;0;0;1;0;0;1;0;0;0;0;0;0;0;0;0;0;0;0;0;0;0;0;0;0;0;10;0;0;0;0;1;0;0;2;4;0;0;2;0;0;0
464;0;0;0;0;0;2;0;0;0;0;0;3;0;0;0;0;0;0;0;0;0;0;0;0;0;0;0;0;0;0;0;0;3;0;0;0;0;0;0;0;0;20;0;0;0;0;0;0
466;0;1;2;1;0;0;0;2;0;0;0;0;2;0;0;0;0;0;0;0;0;0;0;0;0;0;0;0;0;0;0;0;2;0;0;0;0;0;2;0;0;0;0;0;2;0;0;0
467;0;2;2;0;0;2;0;3;0;0;0;4;2;0;0;0;0;0;0;0;0;0;0;0;0;0;0;0;0;0;0;0;4;0;0;0;0;0;3;0;0;0;0;0;2;0;0;0
468;0;2;4;0;0;0;0;1;0;1;1;3;2;0;0;0;0;0;0;0;0;0;0;0;0;0;0;0;0;0;0;0;4;0;0;0;0;0;4;0;0;0;0;0;1;0;0;0
469;0;3;0;1;0;0;0;0;0;1;0;0;1;0;0;0;0;0;0;0;0;0;0;0;0;0;0;0;0;0;0;0;2;0;0;0;0;0;5;0;0;0;0;0;3;0;0;0
470;0;0;2;0;0;2;0;0;0;0;4;2;0;0;0;0;0;0;0;0;0;0;0;0;0;0;0;0;0;0;0;0;3;0;0;0;0;0;4;0;1;0;0;0;0;0;0;0
471;0;1;3;0;0;3;0;0;0;1;0;0;2;0;0;0;0;0;0;0;0;0;0;0;0;0;0;0;1;0;0;0;2;0;0;0;0;0;3;0;0;0;0;0;0;0;0;3
476;0;5;0;0;0;2;0;0;0;1;0;0;1;0;0;0;0;0;0;0;0;0;0;0;0;0;0;0;0;0;0;0;0;0;0;0;0;0;2;0;4;0;0;0;0;0;0;0
477;0;4;1;0;0;4;0;0;0;2;0;0;2;0;0;0;0;0;0;0;0;0;0;0;0;0;0;0;0;0;0;0;1;0;0;0;0;0;6;0;1;2;0;0;0;0;0;0
478;0;1;0;0;0;3;0;0;0;1;5;2;1;0;0;0;0;0;0;0;0;1;0;0;0;0;0;0;0;0;0;0;15;0;0;0;0;0;3;1;2;0;0;1;0;0;0;3
480;0;1;2;0;0;0;0;0;0;0;1;2;1;0;0;0;0;0;0;0;0;0;0;0;0;0;2;0;0;0;0;0;1;0;0;0;0;0;3;0;1;1;0;0;2;0;0;0
481;0;1;1;1;0;1;0;0;0;3;1;2;0;0;0;0;0;0;0;0;0;0;0;0;0;0;2;0;0;0;0;0;0;1;0;0;0;0;3;0;0;0;0;0;2;0;0;0
482;0;3;1;2;0;0;0;0;0;0;0;0;2;0;0;0;0;0;0;0;0;0;0;0;0;0;0;0;0;0;0;0;0;0;0;0;0;0;8;0;2;0;0;0;1;0;0;0
483;0;1;1;1;0;1;0;0;0;2;0;0;3;0;0;0;0;0;0;0;0;0;0;0;0;0;1;0;0;0;0;0;1;0;0;0;0;0;6;0;2;0;0;0;1;0;0;0
484;0;3;1;2;0;2;0;0;0;3;0;0;1;0;0;0;0;0;0;0;0;0;0;0;0;0;2;0;0;0;0;0;1;0;0;0;0;0;7;0;2;0;0;0;3;0;0;0
485;0;0;2;2;0;3;0;0;0;2;0;0;3;0;0;0;0;0;0;0;0;0;0;0;0;0;1;0;0;0;0;0;2;2;0;0;0;0;0;0;4;0;0;0;3;0;0;0
486;0;3;1;1;0;2;0;0;0;1;0;2;0;0;0;0;0;0;0;0;0;0;0;0;0;0;1;0;0;0;0;0;0;0;0;0;0;0;3;0;1;0;0;0;2;0;0;0
490;0;4;0;2;0;4;0;1;0;0;0;1;2;0;1;0;0;0;0;0;0;1;0;0;0;0;0;0;0;0;0;0;4;0;0;0;0;1;1;0;1;0;0;0;0;0;0;3
491;0;1;1;0;11;4;0;0;0;0;1;2;0;2;2;0;0;0;0;0;0;3;0;0;0;0;0;0;2;0;0;0;1;0;0;0;0;0;1;2;1;1;0;3;0;0;0;4
492;0;4;0;0;0;3;0;1;0;1;3;0;2;0;0;0;0;0;0;0;0;0;0;0;0;0;0;0;0;0;0;0;8;0;0;0;0;0;2;1;2;0;0;0;0;0;0;3
493;0;1;0;0;0;2;0;0;0;1;3;0;1;0;0;0;0;0;0;0;0;0;0;0;0;0;0;0;0;0;0;0;1;0;0;0;0;0;4;0;0;0;0;0;0;0;0;3
494;0;3;1;0;0;4;0;0;0;1;4;2;0;0;0;0;0;0;0;0;0;0;0;0;0;0;0;0;0;0;0;0;0;0;0;0;0;0;1;0;0;0;0;0;0;0;0;2
495;0;2;1;0;0;2;0;0;0;1;1;0;0;0;0;0;0;0;0;0;0;0;0;0;0;0;0;0;0;0;0;0;2;0;0;0;0;0;2;1;0;0;0;0;0;0;0;2
496;0;1;1;0;0;2;0;0;0;1;2;1;1;0;0;0;0;0;0;0;0;0;0;0;0;0;0;0;0;0;0;0;0;0;0;0;0;1;0;0;0;0;0;1;0;0;0;2
510;0;2;1;0;0;1;0;0;0;2;1;0;1;0;0;0;0;0;0;0;0;0;0;0;0;0;0;0;0;0;0;0;1;0;0;0;0;0;1;2;1;0;0;0;0;0;0;1
511;0;6;3;0;0;1;0;0;0;0;0;0;4;0;0;0;0;0;0;0;0;0;0;0;0;0;1;0;0;0;0;0;2;0;0;0;0;0;2;0;1;0;0;0;0;0;0;0
512;0;3;1;0;0;4;0;0;0;1;1;1;1;0;0;0;0;0;0;0;0;0;0;0;0;0;1;0;0;0;0;0;7;0;0;0;0;0;4;0;1;0;0;0;0;0;0;1
513;0;3;1;0;0;0;0;0;0;1;7;3;2;0;0;0;0;0;0;0;0;0;0;0;0;0;1;0;0;0;1;0;2;0;0;0;0;0;3;0;0;0;0;0;0;0;0;1
514;0;0;1;4;0;1;0;0;0;1;5;3;3;0;0;0;0;0;0;0;0;0;0;0;0;0;0;0;0;0;0;0;0;0;0;0;0;0;1;0;2;0;0;0;1;0;0;0
515;0;2;1;2;0;1;0;0;0;1;2;1;2;0;1;0;0;0;0;0;0;0;0;0;0;0;1;0;0;0;0;0;0;0;0;0;0;0;1;0;1;0;0;0;0;0;0;1
516;0;4;3;0;0;4;0;0;0;0;5;0;1;0;0;0;0;0;0;0;0;0;0;0;0;0;2;0;0;0;0;0;2;0;0;0;0;0;0;0;3;0;0;0;0;0;0;1
519;0;1;0;0;0;0;0;0;0;0;2;1;0;0;0;0;0;0;0;0;0;1;0;0;0;0;0;0;0;0;0;0;0;0;0;0;0;0;2;3;1;0;0;0;0;0;0;1
520;0;3;2;2;0;2;0;0;0;0;3;1;1;0;0;0;0;0;0;0;0;1;0;0;0;0;0;0;0;0;0;0;0;2;0;0;0;0;1;0;3;0;0;0;0;0;0;1
521;0;0;0;0;0;4;0;0;0;0;5;1;0;0;0;0;0;0;0;0;0;0;0;0;0;0;0;0;0;0;0;0;1;0;0;0;0;0;0;0;0;0;0;1;0;0;0;0
522;0;0;2;0;0;2;0;0;0;0;1;1;2;0;1;0;0;0;1;0;0;2;0;0;0;0;0;0;0;0;0;0;5;0;0;0;0;0;0;2;0;1;0;0;0;0;0;2
523;0;0;1;0;0;5;0;0;0;1;7;0;1;0;0;5;0;0;0;0;0;0;0;0;0;0;0;0;0;0;3;0;2;0;0;0;0;0;0;0;0;0;0;0;0;0;0;0
524;0;0;1;0;0;5;0;0;0;0;4;0;2;0;0;0;0;0;0;0;0;1;0;0;1;0;0;0;0;0;0;0;4;0;0;0;0;0;2;0;0;0;0;0;0;0;0;0
525;0;0;2;0;0;6;0;0;0;0;0;3;2;0;0;0;0;0;0;0;0;0;0;0;0;0;0;0;0;0;0;0;4;0;0;0;0;0;1;1;0;0;0;0;0;0;0;1
530;0;0;0;2;0;3;0;1;0;5;1;2;2;0;0;0;0;0;0;0;0;0;0;0;0;0;0;0;0;0;1;0;10;0;0;0;0;0;2;0;3;0;0;2;2;0;0;2
531;0;0;2;6;0;3;0;0;0;6;0;1;4;0;0;0;0;0;0;0;0;0;0;0;0;0;0;0;0;0;0;0;0;0;0;0;0;0;5;0;2;0;0;0;2;0;0;0
532;0;2;3;2;0;2;0;1;0;0;0;0;1;0;0;0;0;0;0;0;0;0;0;0;0;0;1;0;0;0;0;0;3;0;0;0;0;0;2;0;2;0;0;0;2;0;0;0
540;0;1;0;0;0;3;0;1;0;2;1;0;1;0;0;0;0;0;0;0;0;2;0;0;0;0;3;0;0;0;0;0;1;0;0;0;0;0;3;0;1;0;0;0;0;0;0;1
541;0;3;1;0;0;4;0;0;0;4;1;2;2;0;0;0;0;0;0;0;0;0;0;0;0;0;0;0;0;0;0;0;0;0;0;0;0;0;1;0;2;0;0;0;1;0;0;0
542;0;2;1;0;0;1;0;0;0;1;0;0;0;0;0;0;0;0;1;0;0;0;0;0;0;0;0;0;0;0;0;0;1;0;0;0;0;0;1;0;2;0;0;0;1;0;0;1
543;0;3;1;0;0;4;0;0;0;1;4;0;2;0;1;0;0;0;1;0;0;0;0;0;0;0;1;0;0;0;0;0;0;0;0;0;0;0;0;0;1;0;0;0;0;0;0;1
544;0;3;2;0;0;3;0;0;0;2;0;0;1;0;0;0;0;0;0;0;0;0;0;0;0;0;1;0;0;0;0;0;1;0;0;0;0;0;3;0;1;0;0;0;1;0;0;1
545;0;3;2;4;0;2;0;0;0;1;0;0;2;0;0;0;0;0;0;0;0;0;0;0;0;0;1;0;0;0;0;0;0;0;0;0;0;0;2;0;3;0;0;0;0;0;0;0
546;0;1;1;2;0;2;0;0;0;1;0;0;1;0;0;0;0;0;0;0;0;1;0;0;0;0;0;0;0;0;0;0;2;0;0;0;0;0;1;0;1;0;0;0;1;0;0;1
547;0;0;1;2;0;2;0;0;0;0;0;2;1;0;0;0;0;0;0;0;0;1;0;0;0;0;0;0;0;0;0;0;2;0;0;0;0;0;0;0;1;0;0;0;1;0;0;2
548;0;2;2;0;0;2;0;0;0;0;0;2;2;0;0;0;0;0;0;0;0;0;0;0;0;0;0;0;0;0;1;0;2;0;0;0;0;0;2;0;2;0;0;1;0;0;0;1
550;0;0;0;0;0;0;0;0;0;2;0;5;0;0;0;0;0;0;0;0;0;0;0;0;0;0;0;0;0;0;0;0;4;0;0;0;0;0;3;0;2;0;0;0;0;0;0;0
551;0;3;2;0;0;2;0;0;0;3;3;0;0;0;0;0;0;0;0;0;0;0;0;0;0;0;0;0;0;0;0;0;0;0;0;0;0;0;1;0;0;0;0;0;1;0;0;0
552;0;3;1;0;0;2;0;0;0;1;1;0;2;0;0;0;0;0;0;0;0;0;0;0;0;0;0;0;0;0;0;0;7;0;0;0;0;0;3;0;2;0;0;0;0;0;0;0
553;0;0;0;1;0;2;0;0;0;0;0;0;0;0;0;0;0;0;0;0;0;0;0;0;0;0;0;0;0;0;0;0;1;1;0;0;0;0;0;0;1;0;0;0;0;0;0;0
554;0;2;0;0;0;3;0;0;0;1;0;1;1;0;0;0;0;0;0;0;0;0;0;0;0;0;0;0;0;0;0;0;0;0;0;0;0;0;0;0;0;0;0;0;1;0;0;1
555;0;0;0;0;1;1;0;0;0;0;5;5;0;0;0;0;0;0;0;0;0;0;0;0;0;0;0;0;0;0;0;0;2;0;0;0;0;0;1;0;0;4;0;2;0;0;0;2
556;0;0;0;0;0;0;0;0;0;0;0;0;0;0;0;0;0;0;0;0;0;1;0;0;0;0;0;0;1;0;0;0;0;0;0;0;0;0;0;3;1;4;0;6;0;0;0;4
560;0;4;1;0;0;2;0;1;0;0;1;0;2;0;0;0;0;0;0;0;0;0;0;0;0;0;2;0;0;0;0;0;4;0;0;0;0;0;5;0;0;2;0;0;2;0;0;0
561;0;4;2;2;0;1;0;2;0;0;2;0;3;0;0;0;0;0;0;0;0;0;0;0;0;0;0;0;0;0;0;0;5;0;0;0;0;0;6;0;0;0;0;0;0;0;0;0
562;0;0;2;1;0;1;0;0;0;1;0;0;3;0;0;0;0;0;0;0;0;0;0;0;0;0;0;0;0;0;1;0;2;0;0;0;0;0;4;0;1;0;0;0;0;0;0;0
563;0;1;2;0;0;2;0;0;0;1;0;1;3;0;0;0;0;0;0;0;0;0;0;0;0;0;0;0;0;0;0;0;3;0;0;0;0;0;6;0;0;0;0;0;0;0;0;0
570;0;2;1;1;0;1;0;0;0;0;0;0;1;0;0;0;0;0;0;0;0;0;0;0;0;0;0;0;0;0;0;0;1;0;0;0;0;0;1;0;2;0;0;0;0;0;0;0
571;0;3;1;0;0;2;0;0;0;1;0;0;1;0;0;0;0;0;0;0;0;0;0;0;0;0;0;0;0;0;0;0;5;0;0;0;0;0;6;0;1;0;0;0;2;0;0;0
572;0;2;1;3;0;1;0;0;0;4;0;0;2;0;0;0;0;0;0;0;0;0;0;0;0;0;0;0;0;0;0;0;2;2;0;0;0;0;12;0;0;0;0;0;0;0;0;0
573;0;3;3;1;0;0;0;0;0;0;0;0;0;0;0;0;0;0;0;0;0;0;0;0;0;0;0;0;0;0;0;0;2;1;0;0;0;0;3;0;1;0;0;0;1;0;0;0
574;0;3;2;0;0;1;0;0;0;1;0;1;1;0;0;0;0;0;0;0;0;0;0;0;0;0;0;0;0;0;0;0;2;0;0;0;0;0;5;1;1;0;0;0;1;0;0;0
575;0;4;3;3;0;0;0;0;0;3;0;0;2;0;0;0;0;0;0;0;0;0;0;0;0;0;0;0;0;0;0;0;2;0;0;0;0;0;4;0;0;0;0;0;2;0;0;0
576;0;0;1;0;0;0;0;0;0;0;1;0;0;0;0;0;0;0;0;0;0;0;0;0;0;0;0;0;0;0;0;0;4;0;0;0;0;0;1;1;0;0;0;0;0;0;0;0
577;0;1;1;0;0;1;0;0;0;0;2;0;4;0;0;0;0;0;0;0;0;0;0;0;0;0;1;0;0;0;0;0;0;0;0;0;0;0;6;0;2;0;0;0;1;0;0;1
578;0;1;1;0;0;2;0;0;0;1;2;1;2;0;0;0;0;0;0;0;0;0;0;0;0;0;1;0;0;0;0;0;6;0;0;0;0;0;0;0;2;1;0;0;0;0;0;2
579;0;2;1;0;0;2;0;0;0;1;0;0;4;0;0;0;0;0;0;0;0;0;0;0;0;0;0;0;0;0;0;0;2;0;0;0;0;0;1;0;1;0;0;0;0;0;0;1
580;0;3;1;0;0;2;0;0;0;0;0;3;3;0;0;0;0;0;1;0;0;0;0;0;0;0;0;0;0;0;0;0;3;0;0;0;0;0;3;0;1;0;0;0;0;0;0;1
581;0;1;0;2;0;3;0;1;0;2;1;1;1;0;0;0;0;0;0;0;0;0;0;0;0;0;0;0;0;0;0;0;3;0;0;0;0;0;0;0;1;0;0;0;0;0;0;1
582;0;0;1;1;0;0;0;0;0;1;0;1;2;0;0;0;0;0;0;0;0;0;0;0;0;0;0;0;0;0;0;0;1;1;0;0;0;0;0;0;1;0;0;0;2;0;0;0
583;0;0;2;2;0;2;0;0;0;8;1;0;1;0;0;0;0;0;0;0;0;0;0;0;0;0;1;0;0;0;0;0;1;1;0;0;0;0;0;0;2;0;0;0;1;0;0;0
584;0;0;2;0;0;2;0;0;0;0;0;1;1;0;0;0;0;0;0;0;0;0;0;0;0;0;0;0;0;0;0;0;1;0;0;0;0;0;1;0;1;0;0;0;1;0;0;0
585;0;0;1;7;0;2;0;0;0;6;0;0;1;0;0;0;0;0;0;0;0;0;0;0;0;0;0;0;0;0;0;0;0;2;0;0;0;0;0;0;1;0;0;0;1;0;0;0
590;0;0;1;0;0;4;0;0;0;0;0;2;2;0;0;0;0;0;0;0;0;2;0;0;0;0;0;0;0;0;0;0;7;0;0;0;0;0;7;0;0;0;0;0;0;0;0;1
591;0;1;2;0;0;2;0;1;0;0;0;1;3;0;0;0;0;0;0;0;0;0;0;0;0;0;0;0;0;0;0;0;2;1;0;0;0;0;0;0;1;0;0;0;1;0;0;0
595;0;2;3;0;0;3;0;0;0;1;0;0;1;0;0;0;0;0;0;0;0;0;0;0;0;0;1;0;0;0;0;0;3;0;0;0;0;0;5;0;0;0;0;0;0;0;0;0
596;0;3;1;0;0;2;0;3;0;1;0;0;2;0;0;0;0;0;0;0;0;0;0;0;0;0;0;0;0;0;0;0;3;0;0;0;0;0;4;0;1;0;0;0;0;0;0;1
597;0;0;1;0;0;2;0;0;0;1;2;1;2;0;0;0;0;0;0;0;0;0;0;0;0;0;0;0;0;0;0;0;6;0;0;0;0;0;3;0;1;0;0;0;0;0;0;2
598;0;1;1;0;0;4;0;0;0;2;3;2;1;0;0;0;0;0;0;0;0;0;0;0;0;0;0;0;0;0;0;0;3;1;0;0;0;0;0;0;1;0;0;0;2;0;0;0
599;0;0;0;0;0;3;0;0;0;0;4;1;3;0;0;0;0;0;1;0;0;0;0;0;0;0;0;0;0;0;0;0;0;0;0;0;0;1;0;0;0;0;0;0;0;0;0;1
600;0;0;0;0;0;3;0;0;0;0;4;1;0;0;0;12;0;0;0;0;0;3;0;0;0;0;0;0;0;0;0;0;0;0;0;0;1;0;0;2;0;6;0;0;0;0;0;0
601;0;0;2;0;0;1;0;0;0;0;1;8;0;0;0;0;0;0;0;0;0;0;0;0;0;0;0;0;0;0;0;0;8;0;0;0;0;0;3;1;1;0;0;0;0;0;0;2
602;0;0;0;0;0;2;0;0;0;1;1;3;1;0;0;0;0;0;0;0;0;0;0;0;0;0;0;0;0;0;0;0;2;0;0;0;0;0;0;1;0;0;0;0;0;0;0;1
603;0;0;1;0;0;2;0;0;0;1;0;5;1;0;0;0;0;0;0;0;0;0;0;0;0;0;0;0;0;0;0;0;3;0;0;0;0;0;0;0;0;0;0;0;0;0;0;0
604;0;0;1;0;0;1;0;0;0;0;0;0;0;0;0;0;0;0;0;0;0;0;0;0;0;0;0;0;2;0;0;0;3;0;0;0;0;0;0;4;0;0;0;0;0;0;0;3
605;0;0;1;0;0;1;0;1;0;0;4;9;2;0;0;0;0;0;0;0;0;0;0;0;0;0;0;0;0;0;0;0;11;0;0;0;0;0;2;1;0;0;0;0;0;0;0;0
607;0;0;0;0;0;2;0;1;0;0;3;2;1;0;0;0;0;0;0;0;0;0;0;0;0;0;0;0;0;0;0;0;2;0;0;0;0;0;1;0;0;0;0;0;0;0;0;1
608;0;0;2;0;0;3;0;0;0;1;1;2;1;0;0;0;0;0;0;0;0;1;0;0;0;0;0;0;0;0;0;0;2;0;0;0;0;0;0;0;0;0;0;0;0;0;0;0
609;0;0;0;0;0;3;0;0;0;0;6;2;0;0;0;0;0;0;0;0;0;0;0;0;0;0;0;0;0;0;0;0;5;0;0;0;0;0;3;0;0;0;0;0;0;0;0;2
610;0;0;0;0;0;2;0;0;0;0;3;0;0;0;0;0;0;0;0;0;0;0;0;0;0;0;0;0;0;0;0;0;4;0;0;0;0;0;0;1;0;0;0;0;0;0;0;3
611;0;0;2;0;0;7;0;0;0;0;0;0;1;0;0;0;0;0;0;0;0;1;0;0;0;0;0;0;0;0;0;0;4;0;0;0;0;0;0;0;1;0;0;0;0;0;0;0
615;0;0;1;0;0;3;0;0;0;0;5;3;0;0;2;0;0;0;0;0;0;0;0;0;0;0;0;0;0;0;0;0;6;0;0;0;0;0;0;1;1;0;0;0;0;0;0;0
616;0;0;1;0;0;1;0;1;0;2;5;10;1;0;0;0;0;0;0;0;0;0;0;0;0;0;0;0;0;0;0;0;5;0;0;0;0;0;0;0;1;0;0;1;0;0;0;1
618;0;0;1;0;0;0;0;6;0;0;0;3;0;0;0;0;0;0;0;0;0;0;0;0;0;1;0;0;0;0;2;0;6;0;0;0;0;0;0;4;0;0;0;0;0;0;0;0
619;0;0;1;0;0;3;0;1;0;1;1;2;1;0;0;0;0;0;0;0;0;2;0;0;0;0;0;0;0;0;0;0;3;0;0;0;0;0;1;0;0;0;0;0;0;0;0;0
630;0;0;1;0;0;1;0;0;0;0;2;4;0;0;0;3;0;0;0;0;0;0;0;0;0;0;0;0;0;0;0;0;1;0;0;0;0;0;0;2;0;3;0;0;0;0;0;1
634;0;0;1;0;0;2;0;2;0;1;3;2;1;1;0;2;0;0;0;0;0;1;0;0;0;0;0;0;0;0;0;0;4;0;0;0;0;0;0;1;2;0;0;0;0;0;0;1
635;0;0;1;0;0;3;0;0;0;1;5;2;1;0;0;2;0;0;0;0;0;4;0;0;0;0;0;0;0;0;0;0;3;0;0;0;0;0;1;1;2;3;0;0;0;0;0;3
636;0;0;0;0;0;2;0;0;0;2;3;3;1;0;0;2;0;0;0;0;0;1;0;0;0;0;0;0;1;1;2;0;3;0;0;0;0;0;0;0;0;1;0;0;0;2;0;1
637;0;0;1;0;0;3;0;0;0;0;3;4;3;0;0;1;0;0;0;0;0;1;0;0;0;1;0;0;0;0;0;0;3;0;0;0;0;0;0;1;0;1;0;0;0;0;0;4
638;0;0;2;0;0;0;0;0;0;0;2;3;3;1;0;2;0;0;0;0;0;1;0;0;0;2;0;0;0;0;0;0;3;0;0;0;0;0;1;0;2;0;0;0;0;0;0;5
640;0;0;1;0;0;4;0;3;0;0;2;3;1;0;0;2;0;0;0;0;0;2;0;0;0;0;0;0;0;0;0;0;3;0;0;0;0;0;1;0;0;0;0;0;0;0;0;0
644;0;0;0;0;0;0;0;0;0;0;3;7;0;1;1;2;0;0;0;0;0;0;0;0;0;0;0;0;3;0;0;0;0;0;0;0;0;0;0;4;0;1;0;0;0;0;0;3
647;0;0;0;0;0;1;0;1;0;0;2;8;0;1;1;3;0;0;0;0;0;0;0;0;0;0;0;0;0;0;0;0;2;0;0;0;0;0;0;4;0;1;0;0;0;0;0;2
649;0;0;1;0;0;1;0;2;0;0;2;2;1;0;0;2;0;0;0;0;0;1;0;0;0;0;0;0;2;0;0;0;1;0;0;0;0;0;0;4;0;3;0;0;0;0;0;3
660;0;0;1;0;0;2;0;0;0;1;3;11;0;0;0;0;0;0;0;0;0;0;0;0;0;0;0;0;0;0;0;0;10;0;0;0;0;1;0;0;0;0;0;0;0;0;0;0
661;0;0;0;0;0;5;0;0;0;1;2;6;1;0;0;1;0;0;0;0;0;0;0;0;0;0;0;0;0;0;0;0;4;0;0;0;0;0;0;0;0;0;0;0;0;0;0;0
662;0;0;1;0;0;6;0;0;0;1;1;3;0;0;0;7;0;0;0;0;0;0;0;0;0;0;0;0;0;0;0;0;1;0;0;0;0;0;0;0;1;0;0;0;0;0;0;1
663;0;0;1;0;0;0;0;0;0;0;0;4;0;0;0;3;0;0;0;0;0;0;0;0;0;0;0;0;0;0;0;0;2;0;0;0;0;0;2;1;1;2;0;0;0;0;0;1
671;0;0;4;0;0;5;0;2;0;3;1;1;1;0;1;0;0;0;0;0;0;2;0;0;0;0;0;0;0;0;0;0;2;0;0;0;0;1;0;0;1;2;0;0;0;0;0;0
672;0;0;3;0;0;4;0;2;0;1;1;2;2;0;1;1;0;0;0;0;0;3;0;0;0;0;0;0;0;0;0;0;1;0;0;0;0;0;1;0;1;0;0;0;0;0;0;0
675;0;0;0;0;0;1;0;1;0;0;0;1;0;1;0;0;0;0;0;0;0;1;0;0;0;0;0;0;1;0;0;0;2;0;0;0;0;0;0;8;1;1;0;0;0;0;0;1
700;0;0;0;0;0;3;0;0;0;0;2;4;1;0;0;0;0;0;0;0;0;0;0;0;0;0;0;0;0;0;0;0;4;0;0;0;0;0;3;0;1;0;0;0;0;0;0;0
701;0;0;1;0;0;1;0;0;0;2;7;2;0;0;0;0;0;0;0;0;0;0;0;0;0;0;0;0;0;0;0;0;2;0;0;0;0;0;3;0;0;1;0;0;0;0;0;0
702;0;0;0;0;0;3;0;0;0;0;4;3;2;0;0;0;0;0;0;0;0;0;0;0;0;0;0;0;0;0;0;0;3;0;0;0;0;0;1;0;0;0;0;0;0;0;0;0
703;0;0;2;0;0;2;0;0;0;1;1;2;2;0;0;0;0;0;0;0;0;0;0;0;0;0;0;0;0;0;0;0;2;0;0;0;0;0;9;0;0;0;0;0;0;0;0;0
704;0;0;3;0;0;2;0;0;0;2;1;3;1;0;0;0;0;0;0;0;0;0;0;0;0;0;0;0;0;0;0;0;2;0;0;0;0;1;2;0;1;0;0;0;0;0;0;0
705;0;0;0;0;0;3;0;0;0;0;2;0;0;0;0;0;0;0;0;0;0;0;0;0;0;0;0;0;0;0;0;0;3;0;0;0;0;0;4;0;0;0;0;0;0;0;0;0
706;0;0;0;0;0;2;0;0;0;1;1;1;1;0;0;0;0;0;0;0;0;0;0;0;0;0;0;0;0;0;0;0;2;0;0;0;0;0;4;0;0;0;0;0;0;0;0;0
707;0;1;1;0;0;0;0;0;0;2;0;0;4;0;0;0;0;0;0;0;0;0;0;0;0;0;0;0;0;0;0;0;3;0;0;0;0;0;3;0;1;0;0;0;0;0;0;0
708;0;0;1;0;0;2;0;0;0;2;0;3;2;0;0;0;0;0;0;0;0;0;0;0;0;0;0;0;0;0;0;0;1;0;0;0;0;0;6;0;1;0;0;0;0;0;0;0
709;0;0;2;0;0;4;0;0;0;3;0;2;0;0;0;0;0;0;0;0;0;0;0;0;0;0;0;0;0;0;0;0;4;0;0;0;0;0;2;0;3;0;0;0;0;0;0;0
710;0;0;7;0;0;4;0;0;0;2;0;1;2;0;0;0;0;0;0;0;0;0;0;0;0;0;0;0;0;0;0;0;3;0;0;0;0;0;2;0;0;0;0;0;0;0;0;0
711;0;1;1;0;0;2;0;0;0;0;0;0;3;0;0;0;0;0;0;0;0;0;0;0;0;0;0;0;0;0;0;0;3;0;0;0;0;0;6;0;0;0;0;0;0;0;0;0
712;0;0;1;0;0;1;0;1;0;2;0;3;2;0;0;0;0;0;0;0;0;0;0;0;0;0;0;0;0;0;0;0;5;0;0;0;0;1;1;0;1;0;0;0;0;0;0;0
713;0;0;1;0;0;4;0;2;0;0;3;1;3;0;0;0;0;0;0;0;0;0;0;0;0;0;0;0;0;0;0;0;2;0;0;0;0;0;0;0;0;0;0;0;0;0;0;0
901;0;0;0;0;0;0;0;0;0;0;0;11;0;0;0;0;0;0;0;0;0;0;0;0;0;0;0;0;1;0;0;0;0;0;0;0;0;0;0;8;0;0;0;0;0;0;0;1
902;0;0;0;0;0;5;0;0;0;0;0;0;0;0;0;0;0;0;0;0;0;0;0;0;0;0;0;0;0;0;0;0;0;0;0;0;0;0;0;5;0;0;0;0;0;0;0;1
903;0;0;0;0;0;1;0;0;0;0;0;0;0;0;0;0;0;0;0;0;0;0;0;0;0;0;0;0;0;0;0;0;0;0;0;0;0;0;0;10;0;0;0;0;0;0;0;0
1001;0;1;1;0;0;2;0;0;0;0;5;1;0;1;0;1;0;0;2;0;0;0;2;0;0;0;0;0;2;5;0;0;4;0;0;0;0;0;1;0;0;0;0;0;0;0;0;0
1002;0;0;1;0;0;0;0;0;0;0;33;0;0;0;0;0;0;0;0;0;0;0;0;0;0;0;0;0;0;0;0;0;10;0;0;0;0;0;0;4;1;10;0;0;0;0;0;0
1003;0;0;1;0;0;3;0;0;0;1;9;1;0;0;0;0;0;0;0;0;0;0;0;0;0;0;0;0;0;0;2;0;4;0;0;0;0;0;5;0;0;0;0;0;0;0;0;2
1004;0;0;0;0;0;0;0;0;0;0;0;0;0;0;0;0;0;0;0;0;0;0;0;0;0;0;0;0;0;0;0;0;8;0;0;9;0;0;0;2;0;0;0;0;0;0;0;0
1005;0;1;1;0;0;1;0;0;0;0;5;1;1;0;0;0;0;0;0;0;0;1;0;0;0;0;0;0;0;0;0;0;6;0;0;0;0;0;3;0;1;0;0;0;0;0;0;2
1006;0;3;2;0;0;4;0;0;0;2;0;1;2;0;0;0;0;0;1;0;0;0;0;0;0;0;0;0;0;0;1;0;3;0;0;0;0;1;9;0;0;0;0;0;0;0;0;0
1007;0;2;1;0;0;2;0;0;0;0;0;0;1;0;0;0;0;0;0;0;0;0;0;0;0;0;0;0;0;0;1;0;7;0;0;0;0;0;5;0;0;0;0;0;0;0;0;0
1008;0;1;1;0;0;3;0;0;0;1;13;1;3;0;0;0;0;0;1;0;0;0;0;0;0;0;0;0;0;0;1;0;4;0;0;0;0;0;5;0;1;0;0;0;0;0;0;1
1009;0;0;1;0;0;4;0;3;0;0;8;1;0;0;0;0;0;0;0;0;0;0;0;0;0;0;0;0;0;0;0;0;2;0;0;0;0;0;0;0;0;0;0;0;0;0;0;0
1010;0;0;9;0;0;1;0;0;0;0;6;2;0;0;0;0;0;0;0;0;0;0;0;0;0;0;0;0;4;3;0;0;0;0;0;0;0;0;0;0;3;0;0;0;0;0;0;2
1011;0;0;0;0;0;0;0;0;0;0;28;5;0;0;0;0;0;0;0;0;0;0;0;0;0;1;0;3;0;0;0;0;1;0;0;0;0;0;0;3;0;1;0;0;0;0;0;0
1012;0;0;0;0;0;0;0;0;0;0;5;0;0;0;0;0;0;0;0;0;0;2;0;0;0;0;0;0;0;0;0;0;0;0;0;0;0;0;0;1;0;4;0;0;0;0;0;1
1013;0;0;0;0;0;0;0;0;0;0;10;2;0;0;0;0;0;0;0;0;0;0;0;0;0;0;0;0;0;0;0;0;0;0;0;1;0;0;0;1;0;0;0;0;0;0;0;1
1014;0;0;2;0;0;2;0;3;0;0;0;3;1;0;0;0;0;0;0;0;0;0;0;0;0;0;0;0;0;0;0;0;4;0;0;0;0;0;2;2;0;0;0;0;0;0;0;0
1015;0;0;2;0;0;8;0;1;0;1;0;2;2;0;0;0;0;0;0;0;0;0;0;0;0;0;0;0;0;0;0;0;3;0;0;0;0;0;0;0;3;0;0;0;0;0;0;0
1016;0;0;3;0;0;0;0;1;0;0;7;0;0;0;0;0;0;0;0;0;0;0;0;0;0;0;0;0;1;1;0;0;1;0;0;0;0;0;3;2;0;2;0;0;0;0;0;0
1017;0;0;0;0;0;1;0;1;0;0;4;3;0;0;0;1;0;0;0;0;0;0;0;0;0;0;0;0;0;0;0;0;2;0;0;0;0;0;0;2;1;10;0;0;0;0;0;0
1018;0;0;1;0;0;0;0;0;0;0;9;24;0;0;1;0;0;0;0;0;0;0;0;0;0;0;0;0;0;0;0;0;2;0;0;0;0;0;0;1;0;5;0;0;0;0;0;0
1019;0;0;1;0;0;1;0;0;0;0;0;1;0;0;0;5;0;0;0;0;0;4;0;0;0;0;0;0;0;0;0;0;3;0;0;0;0;0;0;1;0;4;0;0;0;0;0;0
1020;0;0;6;0;0;5;0;3;0;0;0;0;0;0;0;5;0;0;0;0;0;0;0;0;0;0;0;0;0;0;0;0;0;0;0;0;0;0;0;0;0;2;0;0;0;0;0;0
1021;0;0;0;0;0;0;0;0;0;0;3;0;0;0;0;0;0;0;0;0;0;3;0;0;0;0;0;0;0;0;1;0;2;0;0;0;0;0;0;1;0;3;0;0;0;0;0;0
1022;0;0;5;0;0;1;0;0;0;0;0;0;0;0;0;6;0;0;0;0;0;0;3;0;0;0;0;0;0;0;0;0;8;0;0;0;0;0;4;0;3;6;0;0;0;0;0;0
1023;0;0;3;0;0;1;0;0;0;0;0;0;0;0;0;0;0;0;0;0;0;0;0;0;0;0;0;0;0;0;0;0;5;0;0;0;2;0;0;0;0;1;0;0;0;0;0;0
1024;0;0;0;0;0;1;0;0;0;0;14;0;0;0;1;1;0;0;0;0;0;0;0;0;0;0;0;0;0;0;0;0;3;0;0;0;0;0;0;3;0;0;0;0;0;0;0;2
1025;0;0;1;0;0;0;0;0;0;0;4;0;0;0;0;0;0;0;0;0;0;0;0;0;0;0;0;0;0;0;0;0;11;0;0;0;0;0;0;3;1;0;0;0;0;0;0;0
1026;0;0;0;0;0;3;0;0;0;2;2;0;1;0;0;0;0;0;0;0;0;0;0;0;0;0;0;0;0;0;0;0;2;0;0;0;0;0;5;0;2;0;0;0;0;0;0;0
1027;0;0;0;0;0;0;0;0;0;0;6;0;0;0;0;0;0;0;0;0;0;0;0;0;0;0;0;0;0;0;0;0;5;0;0;0;0;0;0;1;0;0;0;0;0;1;0;0
1028;0;0;0;0;0;3;0;0;0;1;1;0;2;0;0;0;0;0;0;0;0;0;0;0;0;0;0;0;0;0;0;0;6;0;0;0;0;0;1;0;1;0;0;0;0;0;0;0
1029;0;1;0;4;0;1;0;0;0;1;0;2;2;0;0;0;0;0;0;0;0;0;0;0;0;0;0;0;0;0;0;0;0;0;0;0;0;1;0;0;1;0;0;0;0;0;0;0
1030;0;0;1;0;0;1;0;0;0;1;0;0;0;0;0;0;0;0;0;0;0;0;0;0;0;0;0;0;0;0;0;0;0;0;0;0;0;0;0;0;0;0;0;0;0;0;0;0
1031;0;1;2;2;0;3;0;2;0;0;0;0;1;0;0;0;0;0;0;0;0;0;0;0;0;0;0;0;0;0;0;0;2;0;0;0;0;0;2;0;1;0;0;0;1;0;0;1
1032;0;0;0;0;0;2;0;0;0;0;4;3;0;0;0;0;0;0;0;0;0;0;0;0;0;0;0;0;0;0;0;0;0;0;0;0;0;0;0;2;1;0;0;0;0;0;0;1
1033;0;0;0;0;0;3;0;1;0;0;0;0;0;0;0;0;0;0;0;0;0;0;0;0;0;0;0;0;0;0;0;0;0;0;0;0;0;0;0;1;0;0;0;0;0;0;0;1
1034;0;0;0;0;0;2;0;0;0;0;1;1;0;0;0;0;0;0;0;0;0;2;0;0;0;0;0;0;0;0;0;0;4;0;0;0;0;0;0;0;0;1;0;1;0;0;0;0
1035;0;5;1;2;0;3;0;0;0;0;0;1;0;0;0;0;0;0;0;0;0;0;0;0;0;0;0;0;0;0;0;0;0;0;0;0;0;0;1;0;1;0;0;0;0;0;0;0
1036;0;5;0;0;0;0;0;0;0;1;0;0;1;0;0;0;0;0;0;0;0;0;0;0;0;0;0;0;0;0;0;0;0;0;0;0;0;1;3;0;1;1;0;0;0;0;0;0
1037;0;0;0;0;0;0;0;0;0;0;11;0;0;0;0;0;0;0;0;0;0;0;2;0;0;0;0;0;5;1;0;0;3;0;0;0;0;0;0;1;0;2;0;1;0;0;0;0
1038;0;0;0;0;0;0;0;0;0;0;1;0;0;0;1;0;0;0;0;0;0;0;0;0;0;0;0;0;0;1;0;0;0;0;0;0;0;0;0;3;0;0;0;1;0;0;0;0
1039;0;0;1;0;0;0;0;0;0;0;7;3;0;0;0;0;0;0;0;0;0;0;0;0;0;0;0;0;0;0;0;0;0;0;0;0;0;0;0;0;2;0;0;0;0;0;0;0
1040;0;0;2;0;0;0;0;0;1;0;2;0;0;0;0;0;0;0;0;0;0;2;0;0;0;0;0;0;0;0;0;0;0;0;0;0;0;0;0;2;4;1;0;0;0;0;0;1
1041;0;0;0;0;0;0;0;0;0;0;2;2;0;0;0;0;0;0;0;0;0;0;0;0;0;0;0;0;0;0;0;0;0;0;0;0;0;0;0;0;0;0;0;0;0;0;0;0
1042;0;3;1;0;0;1;0;0;0;1;0;0;3;0;0;0;0;0;0;0;0;0;0;0;0;0;0;0;0;0;0;0;4;2;0;0;0;0;1;0;1;0;0;0;0;0;0;0
1043;0;0;0;0;0;2;0;0;0;0;4;1;0;0;0;0;0;0;0;0;0;2;0;0;0;0;0;0;0;0;0;0;0;0;0;0;0;0;0;0;0;0;0;0;0;0;0;0
1044;0;4;2;0;0;4;0;0;0;0;2;0;2;0;0;0;0;0;0;0;0;0;0;0;0;0;0;0;0;0;0;0;0;3;0;0;0;1;2;0;1;0;0;0;0;0;0;0
1045;0;0;0;0;0;2;0;0;0;0;0;0;0;0;0;0;0;0;0;0;0;0;0;0;0;0;0;0;0;0;2;0;0;0;0;0;0;0;0;0;0;0;0;0;0;0;0;0
1046;0;0;0;0;0;0;0;0;0;0;0;0;0;0;0;0;0;0;0;0;0;0;0;0;0;0;0;0;0;0;0;0;2;0;0;0;0;0;0;0;0;0;0;0;0;0;0;2
1047;0;0;0;0;0;0;0;0;0;0;1;3;0;0;2;0;0;0;0;0;0;1;0;0;0;0;0;0;0;0;0;0;0;0;0;0;0;0;0;0;0;3;0;0;0;0;0;0
1048;0;0;0;0;0;0;0;0;0;0;3;1;0;0;0;0;0;0;0;0;0;0;0;0;0;0;0;0;0;0;0;0;1;0;0;0;0;0;0;0;0;0;0;0;0;0;0;2
1049;0;0;0;0;0;2;0;0;0;0;2;3;0;0;0;0;0;0;0;0;0;0;0;0;0;0;0;0;0;0;0;0;0;0;0;0;0;0;0;2;0;2;0;0;0;0;0;0
1050;0;2;2;2;0;4;0;0;0;2;0;1;1;0;0;0;0;0;0;0;0;0;0;0;0;0;0;0;0;0;1;0;1;0;0;0;0;0;9;0;1;0;0;0;0;0;0;0
1051;0;0;0;0;0;0;0;0;0;0;3;0;0;0;0;0;0;0;0;0;0;0;0;0;0;0;0;0;0;0;0;0;1;0;0;0;0;0;0;0;0;1;0;0;0;0;0;0
1052;0;0;0;0;0;0;0;0;0;0;4;0;0;0;0;0;0;0;0;0;0;0;0;0;0;0;0;0;0;0;0;0;1;0;0;0;0;0;0;0;0;0;0;0;0;0;0;2
1053;0;0;0;0;0;2;0;0;0;0;6;0;0;0;0;0;0;0;0;0;0;0;0;0;0;0;0;0;0;0;0;0;2;0;0;0;0;0;0;0;0;0;0;0;0;0;0;7
1054;0;2;1;4;0;1;0;2;0;0;0;0;2;0;0;0;0;0;0;0;0;0;0;0;0;0;1;0;0;0;0;0;6;0;0;0;0;0;7;0;1;0;0;0;0;0;0;0
1055;0;1;0;0;0;3;0;1;0;0;0;2;0;0;0;0;0;0;2;0;0;1;1;0;0;0;0;0;2;5;0;0;0;0;0;0;0;0;1;0;1;0;0;0;0;0;0;1
1056;0;0;0;0;0;0;0;0;0;0;5;8;0;0;0;0;0;0;0;0;0;0;0;0;0;0;0;0;0;0;0;0;4;0;0;0;0;0;0;2;0;0;0;2;0;0;0;1
1057;0;0;2;0;0;2;0;0;0;0;0;3;3;0;0;0;0;0;0;0;0;1;0;0;0;0;0;0;0;0;1;0;4;0;0;0;0;0;3;0;0;0;0;0;0;0;0;0
1058;0;1;1;0;0;1;0;1;0;2;2;3;2;0;0;0;0;0;0;0;0;0;0;0;0;0;0;0;0;0;1;0;9;0;0;0;0;0;1;0;0;0;0;0;0;0;0;1
1059;0;0;1;0;0;2;0;1;0;2;1;2;4;0;0;0;0;0;0;0;0;0;0;0;0;0;0;0;0;0;1;0;4;0;0;0;0;0;1;0;0;0;0;0;0;0;0;0
1060;0;2;1;0;0;5;0;1;0;1;0;0;3;0;0;0;0;0;0;0;0;0;0;0;0;0;0;0;0;0;0;0;1;0;0;0;0;0;3;0;0;0;0;0;0;0;0;0
1061;0;2;0;0;0;1;0;0;0;0;0;0;2;0;0;0;0;0;0;0;0;0;0;0;0;1;0;0;0;0;0;0;2;0;0;0;0;1;2;0;0;0;0;0;0;0;0;1
1062;0;0;1;4;0;1;0;0;0;2;2;0;1;0;0;0;0;0;0;0;0;0;0;0;0;0;0;0;0;0;1;0;2;0;0;0;0;0;1;0;0;0;0;0;0;0;0;0
1063;0;0;0;0;0;0;0;0;0;0;0;0;0;0;0;0;0;0;0;0;0;0;0;0;0;0;0;0;0;0;0;0;2;0;0;0;0;0;0;2;0;0;0;0;0;0;0;0
1064;0;0;0;0;0;1;0;0;0;0;0;0;0;0;0;0;0;0;0;0;0;0;0;0;0;0;0;0;0;0;0;0;3;0;0;0;0;0;1;1;0;0;0;0;0;0;0;1
1065;0;0;0;0;0;0;0;0;0;0;2;0;0;0;0;0;0;0;0;0;0;0;0;0;0;0;0;0;0;0;0;0;0;0;0;0;0;0;0;0;0;0;0;0;0;0;0;1
1066;0;0;0;0;0;0;0;1;0;0;2;0;0;0;0;0;0;0;0;0;0;0;0;0;0;0;0;0;0;0;0;0;9;0;0;0;0;0;8;0;0;0;0;0;0;0;0;0
1067;0;2;0;5;0;2;0;0;0;1;2;0;2;0;0;0;0;0;0;0;0;0;0;0;0;0;0;0;0;0;0;0;3;0;0;0;0;1;3;0;1;0;0;0;0;0;0;1
1068;0;0;0;0;0;0;0;0;0;0;1;0;0;0;0;0;0;0;0;0;0;0;0;0;0;0;0;0;0;0;0;0;2;0;0;0;0;0;0;0;0;2;0;0;0;0;0;1
1069;0;0;0;0;0;0;0;0;0;0;2;0;0;0;0;0;0;0;0;0;0;0;0;0;0;0;0;0;0;0;0;0;0;0;0;0;0;0;0;0;0;0;0;0;0;0;0;0
1070;0;2;0;2;0;4;0;0;0;1;2;0;2;0;0;0;0;0;0;0;0;0;0;0;0;0;0;0;0;0;1;0;1;0;0;0;0;0;1;0;0;0;0;0;0;0;0;0
1071;0;0;2;1;0;3;0;0;0;0;2;0;1;0;0;0;0;0;0;0;0;0;0;0;0;0;1;0;0;0;0;0;0;0;0;0;0;1;1;0;0;0;0;0;0;0;0;0
1072;0;0;0;0;0;0;0;0;0;0;0;1;0;0;0;0;0;0;0;0;0;0;0;0;0;0;0;0;0;0;0;0;1;0;0;0;0;0;0;8;0;4;0;0;0;0;0;0
1073;0;0;0;0;0;0;0;0;0;0;0;0;0;0;0;0;0;0;0;0;0;0;0;0;0;0;0;0;0;0;0;0;8;0;0;0;0;0;0;3;0;0;0;0;0;0;0;0
1074;0;0;0;0;0;1;0;0;0;0;2;1;0;2;0;0;0;0;0;0;0;2;0;0;0;0;0;0;0;0;0;0;2;0;0;0;0;0;0;2;0;1;0;0;0;0;0;6
1075;0;1;0;0;0;1;0;0;0;0;0;0;0;0;0;0;0;0;0;0;0;0;0;0;0;0;0;0;0;0;0;0;8;0;0;0;0;0;1;3;0;0;0;0;1;0;0;1
1076;0;1;0;0;0;1;0;0;0;0;8;0;0;0;1;0;0;0;0;0;0;0;0;0;0;0;0;0;0;0;0;0;1;0;0;0;0;0;0;1;0;1;0;0;0;0;0;3
1077;0;2;0;0;0;2;0;0;0;0;0;0;0;0;0;0;0;0;0;0;0;0;0;0;0;0;0;0;0;0;0;0;1;0;0;0;0;0;0;4;0;4;0;0;0;0;0;2
1078;0;0;0;0;0;2;0;0;0;1;0;0;2;0;0;0;0;0;0;0;0;0;0;0;0;0;0;0;0;0;0;0;0;0;0;0;0;0;3;0;0;0;0;0;0;0;0;0
1079;0;3;1;0;0;0;0;0;0;2;1;0;0;0;0;0;0;0;0;0;0;2;0;0;0;0;0;0;0;0;0;0;0;0;0;0;0;0;2;0;0;0;0;0;0;0;0;0
1080;0;1;1;0;0;3;0;1;0;0;0;0;0;0;0;0;0;0;0;0;0;0;0;0;0;0;0;0;0;0;0;0;4;0;0;0;0;0;5;0;1;0;0;0;0;0;0;0
1081;0;0;0;0;0;0;0;0;0;0;0;0;0;0;0;0;0;0;0;0;0;0;0;0;0;0;0;0;0;0;0;0;0;0;0;0;0;0;0;0;0;0;0;0;0;0;0;1
1082;0;0;0;0;0;0;0;0;0;0;2;0;0;0;0;0;0;0;0;0;0;2;0;0;0;0;0;0;1;0;0;0;0;0;0;0;0;0;0;4;0;0;0;0;0;0;0;1
1083;0;0;0;0;0;0;0;0;0;0;0;0;0;0;0;0;0;0;0;0;0;0;0;0;0;0;0;0;0;0;0;0;0;0;0;0;0;0;0;3;0;1;0;0;0;0;0;0
1084;0;0;0;0;0;2;0;0;0;0;0;0;0;0;0;0;0;0;0;0;0;1;0;0;0;0;0;0;0;0;0;0;2;0;0;0;0;0;1;0;1;0;0;0;0;0;0;0
1085;0;2;0;0;0;1;0;0;0;0;5;0;2;0;0;0;0;0;0;0;0;0;0;0;0;0;0;0;0;0;0;0;0;0;0;0;0;0;7;0;0;0;0;0;0;0;0;0
1086;0;0;0;0;0;1;0;0;0;0;3;0;1;0;0;0;0;0;0;0;0;0;0;0;0;0;0;0;0;0;0;0;0;0;0;0;0;1;1;0;0;0;0;0;0;0;0;0
1087;0;0;0;0;0;0;0;0;0;0;2;0;0;0;0;0;0;0;0;0;0;0;0;0;0;0;0;0;0;0;0;0;2;0;0;0;0;0;0;0;0;0;0;0;0;0;0;3
1088;0;0;0;0;0;0;0;0;0;0;5;0;0;0;0;0;0;0;0;0;0;0;0;0;0;0;0;0;0;0;0;0;0;0;0;0;0;0;0;1;0;0;0;0;0;0;0;0
1089;0;0;0;0;0;1;0;0;0;1;3;3;1;0;0;0;0;0;0;0;0;0;0;0;0;0;0;0;0;0;0;0;2;0;0;0;0;0;8;0;1;0;0;0;0;0;0;0
1090;0;0;0;0;0;0;0;0;0;0;0;2;0;0;1;0;0;0;0;0;0;0;0;0;0;0;0;0;0;0;0;0;0;0;0;0;0;0;0;5;0;0;0;0;0;0;0;0
1091;0;0;0;0;0;2;0;0;0;0;0;1;0;0;0;0;0;0;0;0;0;0;0;0;0;0;0;0;0;0;0;0;0;0;0;0;0;0;0;1;0;4;0;0;0;0;0;3
1092;0;0;0;0;0;1;0;0;0;0;0;0;1;0;0;0;0;0;0;0;0;0;0;0;0;0;0;0;0;0;0;0;0;0;0;0;0;0;4;0;0;0;0;0;0;0;0;1
1093;0;0;0;0;0;1;0;0;0;0;4;0;0;0;0;0;0;0;0;0;0;0;0;0;0;0;0;0;0;0;0;0;0;0;0;0;1;0;0;0;0;0;0;1;0;0;0;0
1094;0;0;2;0;0;2;0;0;0;0;0;2;3;0;0;0;0;0;0;0;0;0;0;0;0;0;0;0;0;0;0;0;0;0;0;0;0;0;4;0;0;0;0;0;0;0;0;0
1095;0;0;0;0;0;2;0;0;0;0;0;1;2;0;1;0;0;0;0;0;0;0;0;0;0;0;0;0;0;0;0;0;0;0;0;0;2;0;3;0;0;0;0;0;0;0;0;1
1096;0;0;0;0;0;2;0;0;0;0;4;0;0;1;0;0;0;0;0;0;0;0;0;0;0;0;0;0;0;0;0;0;0;0;0;0;2;0;0;2;0;0;0;0;0;0;0;2
1097;0;2;0;0;0;3;0;0;0;0;1;2;1;0;0;0;0;0;0;0;0;0;0;0;0;0;0;0;0;0;0;0;4;0;0;0;0;0;5;0;1;0;0;0;0;0;0;0
1098;0;0;3;0;0;4;0;1;0;1;0;4;0;0;0;0;0;0;0;0;0;0;0;0;0;0;0;0;0;1;0;0;0;0;0;0;0;0;8;0;1;3;0;0;0;0;0;0
1099;0;0;1;0;0;2;0;0;0;0;2;2;2;0;0;0;0;0;0;0;0;0;0;0;0;0;0;0;0;0;2;0;2;0;0;0;0;0;4;0;0;1;0;0;0;0;0;0
1100;0;0;2;0;0;1;0;0;0;0;0;2;0;0;2;0;0;0;0;0;0;0;0;0;0;0;0;0;0;0;1;0;6;0;0;0;0;0;3;2;2;5;0;0;0;0;0;0
1101;0;0;4;0;0;0;0;0;0;0;0;0;0;0;0;0;0;0;0;0;0;0;0;0;0;0;0;0;0;0;1;0;2;0;0;0;0;0;7;1;0;0;0;0;0;0;0;0
1102;0;0;3;0;0;2;0;0;0;0;0;1;0;0;0;0;0;0;0;0;0;0;0;0;0;0;0;0;0;0;0;0;7;0;0;0;0;0;6;0;0;0;0;0;0;0;0;0
1103;0;0;1;0;0;3;0;0;0;1;0;3;1;0;0;0;0;0;0;0;0;0;0;0;0;0;0;0;0;0;0;0;4;0;0;0;0;0;1;0;1;0;0;0;0;0;0;0
1104;0;0;2;0;0;2;0;0;0;1;1;1;1;0;0;0;0;0;0;0;0;0;0;0;0;0;0;0;0;0;0;0;7;0;0;0;0;0;1;0;0;0;0;0;0;0;0;0
1105;0;0;0;0;0;1;0;0;0;0;0;2;0;0;0;0;0;0;0;0;0;0;0;0;0;0;0;0;0;0;0;0;1;0;0;0;0;0;0;0;0;0;0;0;0;0;0;0
1106;0;0;0;0;0;0;0;0;0;0;1;0;0;0;0;0;0;0;0;0;0;0;0;0;0;0;0;1;0;0;0;0;0;0;0;0;0;0;0;3;0;0;0;0;0;0;0;0
1107;0;0;0;0;0;0;0;1;0;0;2;1;0;0;0;0;0;0;0;0;0;0;0;0;0;0;0;0;0;0;0;0;1;0;0;0;0;0;0;1;0;0;0;0;0;0;0;0
1108;0;0;0;0;0;1;0;2;0;0;0;0;0;0;0;0;0;0;0;0;0;0;0;0;0;0;0;0;0;0;0;0;0;0;0;0;0;0;0;2;0;0;0;0;0;0;0;0
1109;0;0;0;0;0;0;0;0;0;0;0;0;0;0;0;0;0;0;0;0;0;0;0;0;0;0;0;0;0;0;0;0;1;0;0;0;0;0;0;1;0;0;0;0;0;0;0;1
1110;0;0;0;0;0;0;0;0;0;0;0;0;0;0;0;0;0;0;0;0;0;0;0;0;0;0;0;0;0;0;0;0;2;0;0;0;0;0;0;1;0;0;0;0;0;0;0;1
1111;0;0;0;0;0;0;0;0;0;0;1;0;0;0;0;0;0;0;0;0;0;4;0;0;0;0;0;0;0;0;0;0;0;0;0;0;0;0;0;1;0;2;0;0;0;0;0;1
1112;0;0;0;0;0;0;0;0;0;0;2;2;0;0;0;0;0;0;0;0;0;0;0;0;0;0;0;0;0;0;0;0;3;0;0;0;0;0;1;8;0;0;0;0;0;0;0;2
1113;0;0;0;0;0;2;0;0;0;0;2;2;0;0;0;0;0;0;0;0;0;0;0;0;0;0;0;0;0;0;0;0;6;0;0;0;0;0;0;2;0;0;0;0;0;0;0;2
1114;0;0;0;0;0;0;0;0;0;0;0;0;0;0;0;0;0;0;0;0;0;1;0;0;0;0;0;0;0;0;0;0;0;0;0;0;0;0;0;0;0;0;0;0;0;0;0;1
1115;0;0;0;0;0;0;0;0;0;0;5;0;0;0;0;0;0;0;0;0;0;0;0;0;0;0;0;0;0;0;0;0;0;0;0;0;0;0;0;1;0;0;0;0;0;0;0;1
1116;0;0;0;0;0;0;0;0;0;0;1;0;0;0;0;0;0;0;0;0;0;1;0;0;0;0;0;0;2;0;0;0;2;0;0;0;0;0;0;0;0;0;0;0;0;0;0;0
1117;0;0;0;0;0;0;0;0;0;0;0;0;0;0;0;0;0;0;0;0;0;0;0;0;0;0;0;0;0;0;0;0;0;0;0;0;0;0;0;0;0;2;0;0;0;0;0;0
1118;0;0;0;0;0;1;0;0;0;0;2;1;0;0;0;0;0;0;0;0;0;1;0;0;0;0;0;0;0;0;0;0;0;0;0;0;0;0;0;1;0;0;0;0;0;0;0;1
1119;0;0;0;0;0;0;0;0;0;0;1;0;0;0;0;0;0;0;0;0;0;0;0;0;0;0;0;0;0;0;0;0;1;0;0;0;0;0;0;0;0;0;0;0;0;0;0;5
1120;0;0;0;0;0;0;0;0;0;0;0;0;0;0;0;0;0;0;0;0;0;0;0;0;0;0;0;0;0;0;0;0;0;0;0;0;0;0;0;1;0;0;0;0;0;0;0;1
1121;0;0;0;0;0;0;0;0;0;0;3;0;0;0;0;0;0;0;0;0;0;0;0;0;0;0;0;0;0;0;0;0;2;0;0;0;0;0;0;0;0;0;0;0;0;0;0;3
1122;0;0;0;0;0;0;0;0;0;0;4;0;0;0;0;0;0;0;0;0;0;0;0;0;0;0;0;0;0;0;0;0;0;0;0;0;0;0;0;1;0;3;0;0;0;0;0;2
1123;0;0;0;0;0;0;0;0;0;0;2;5;0;0;0;0;0;0;0;0;0;0;0;0;0;0;0;0;0;0;0;0;2;0;0;0;0;0;0;0;0;0;0;0;0;0;0;1
1124;0;0;0;0;0;1;0;0;0;0;3;1;0;0;0;0;0;0;0;0;0;0;0;0;0;0;0;0;0;0;0;0;1;0;0;0;0;0;0;3;0;0;0;2;0;0;0;1
1125;0;0;0;0;0;0;0;0;0;0;5;2;0;0;0;0;0;0;0;0;0;0;0;0;0;0;0;0;0;0;0;0;0;0;0;0;0;0;0;1;0;0;0;0;0;0;0;1
1126;0;3;2;0;0;3;0;0;0;1;1;0;1;0;0;0;0;0;1;0;0;0;0;0;0;0;0;0;0;0;0;0;3;0;0;0;0;0;2;0;2;0;0;0;0;0;0;0
1127;0;0;1;0;0;1;0;1;0;0;2;0;1;0;0;0;0;0;0;0;0;0;0;0;0;0;0;0;0;0;0;0;9;0;0;0;0;0;0;1;0;0;0;0;0;0;0;0
1128;0;0;0;0;0;0;0;0;0;0;2;0;0;0;2;0;0;0;0;0;0;2;0;0;0;0;0;0;0;0;0;0;2;0;0;0;0;0;0;1;0;0;0;0;0;0;0;1
1129;0;0;0;0;0;0;0;0;0;0;18;0;0;0;1;0;0;0;0;0;0;1;0;0;0;0;0;0;2;0;0;0;0;0;0;0;0;0;0;2;0;10;0;0;0;0;0;0
1130;0;0;0;0;0;3;0;0;0;0;3;2;0;0;0;0;0;0;0;0;0;0;0;0;0;0;0;0;0;0;0;0;0;0;0;0;0;0;0;0;0;2;0;3;0;0;0;2
1131;0;0;0;0;0;1;0;0;0;0;4;2;0;0;1;0;0;0;0;0;0;0;0;0;0;0;0;0;0;0;0;0;2;0;0;0;0;0;0;2;0;1;0;0;0;0;0;4
1132;0;0;0;0;0;3;0;0;0;0;2;0;0;0;1;0;0;0;0;0;0;1;0;0;0;0;0;0;0;0;0;0;0;0;0;0;0;0;2;2;0;5;0;3;0;0;0;1
1133;0;0;1;0;0;2;0;1;0;1;1;0;1;0;0;0;0;0;0;0;0;0;0;0;0;0;0;0;0;0;0;0;3;0;0;0;0;0;3;0;1;0;0;0;0;0;0;0
1134;0;0;0;0;0;1;0;0;0;0;5;0;0;0;0;0;0;0;0;0;0;0;0;0;0;0;0;0;0;0;0;0;1;0;0;0;0;0;0;1;0;4;0;0;0;0;0;4
1135;0;0;0;0;0;0;0;0;0;0;13;0;0;0;0;0;0;0;0;0;0;0;0;0;0;0;0;0;0;0;0;0;1;0;0;0;0;0;0;0;0;0;0;0;0;0;0;3
1136;0;1;1;0;0;2;0;0;0;0;0;1;1;0;0;0;0;0;0;0;0;0;0;0;0;0;0;0;0;0;0;0;5;0;0;0;0;0;7;0;0;0;0;0;0;0;0;1
1137;0;0;1;0;0;0;0;1;0;0;0;1;0;0;1;1;0;0;0;0;0;2;0;0;0;0;0;0;0;0;0;0;1;0;0;0;0;0;0;2;0;0;0;0;0;0;0;0
1138;0;0;0;0;0;0;0;0;0;0;2;4;0;0;0;0;0;0;0;0;0;1;0;0;0;0;0;0;2;0;0;0;1;0;0;0;0;0;0;2;0;4;0;0;0;0;0;0
1139;0;0;0;0;0;0;0;0;0;0;6;0;0;0;0;0;0;0;0;0;0;0;0;0;0;0;0;0;0;0;0;0;0;0;0;0;0;0;0;1;0;0;0;0;0;0;0;1
1140;0;0;0;0;0;0;0;0;0;0;12;0;0;0;0;0;0;0;0;0;0;0;0;0;0;1;0;0;1;0;0;0;7;0;0;0;2;0;0;1;0;17;0;1;0;0;0;0
1141;0;0;0;0;0;1;0;0;0;0;9;2;0;0;1;0;0;0;0;0;0;0;0;0;0;0;0;0;0;0;0;0;2;0;0;0;0;0;1;0;0;0;0;0;0;0;0;0
1142;0;0;0;0;0;1;0;0;0;0;1;0;0;0;0;0;0;0;0;0;0;1;0;0;0;0;0;0;0;0;0;0;1;0;0;0;0;0;2;0;0;6;0;1;0;0;0;2
1143;0;0;0;0;0;0;0;0;0;0;3;0;0;0;0;0;0;0;0;0;0;0;0;0;0;0;0;0;0;0;0;0;0;0;0;0;0;0;0;0;0;1;0;0;0;0;0;0
1144;0;0;0;0;0;0;0;0;0;0;6;0;0;0;0;0;0;0;0;0;0;0;0;0;0;0;0;2;0;0;0;0;0;0;0;0;0;0;0;1;0;0;0;0;0;0;0;1
1145;0;0;1;0;0;1;0;3;0;0;6;0;1;0;0;0;0;0;0;0;0;0;0;0;0;0;0;0;0;0;0;0;3;0;0;0;0;0;3;0;1;0;0;0;0;0;0;1
1146;0;0;0;0;0;0;0;0;0;0;0;2;0;0;0;0;0;0;0;0;0;0;0;0;0;0;0;0;0;0;0;0;0;0;0;0;0;0;0;5;0;0;0;0;0;0;0;2
1147;0;0;0;0;0;1;0;0;0;0;0;1;0;0;0;0;0;0;0;0;0;0;0;0;0;0;0;0;0;0;0;0;0;0;0;0;0;0;0;1;0;1;0;0;0;0;0;0
1148;0;0;1;0;0;0;0;0;0;0;2;2;0;2;0;0;0;0;0;0;0;0;0;0;0;0;0;0;0;0;0;0;0;0;0;0;0;0;0;2;0;0;0;0;0;0;0;2
1149;0;0;0;0;0;0;0;2;0;0;0;5;0;0;0;0;0;0;0;0;0;0;0;0;0;0;0;0;2;0;0;0;1;0;0;0;0;0;0;7;0;0;0;0;0;0;0;0
1150;0;0;0;0;0;0;0;0;0;0;0;2;0;0;0;0;0;0;0;0;0;0;0;0;0;0;0;0;0;0;0;0;1;0;0;0;0;0;0;2;0;5;0;0;0;0;0;0
1151;0;0;1;0;0;1;0;0;0;0;0;2;0;0;0;2;0;0;0;0;0;0;0;0;0;0;0;0;0;0;0;0;3;0;0;0;0;0;2;0;0;0;0;0;0;0;0;0
1152;0;0;5;0;0;2;0;0;0;0;13;5;1;1;2;0;0;0;0;0;0;0;0;0;0;0;0;0;0;0;0;0;8;0;0;0;0;0;4;0;1;0;0;0;0;0;0;1
1153;0;0;0;0;0;0;0;0;0;0;17;0;0;0;0;0;0;0;0;0;0;0;0;0;0;0;0;0;0;0;0;0;3;0;0;0;0;0;0;4;0;1;0;0;0;0;0;1
1154;0;0;0;0;0;3;0;0;0;0;1;14;0;0;0;4;0;0;0;0;0;0;0;0;0;0;0;0;0;0;0;0;4;0;0;0;0;0;1;0;1;0;0;0;0;0;0;0
1155;0;0;0;0;0;0;0;0;0;0;0;2;0;0;0;0;0;0;0;0;0;1;0;0;0;0;0;0;2;0;0;0;1;0;0;0;0;0;0;5;0;0;0;0;0;0;0;2
1156;0;0;0;0;0;0;0;1;0;0;5;0;0;0;0;0;0;0;0;0;0;2;0;0;0;0;0;0;2;0;0;0;3;0;0;0;0;0;0;3;0;0;0;0;0;0;0;1
1157;0;0;0;0;0;0;0;0;0;0;7;0;0;0;1;0;0;0;0;0;0;0;0;0;0;0;0;0;0;0;0;0;2;0;0;0;0;0;0;1;0;0;0;0;0;0;0;3
1158;0;0;1;0;0;3;0;0;0;1;1;7;0;0;0;1;0;0;0;0;0;0;0;0;0;0;0;0;0;0;0;0;7;0;0;0;0;0;3;0;2;2;0;0;0;0;0;0
1159;0;0;1;0;0;1;0;0;0;0;0;3;1;1;0;1;0;0;0;0;0;0;0;0;0;0;0;0;0;0;0;0;6;0;0;0;0;0;0;0;1;1;0;0;0;0;0;1
1160;0;0;1;0;0;3;0;0;0;0;3;2;0;1;0;1;0;0;0;0;0;0;0;0;0;0;0;0;0;0;0;0;0;0;0;0;0;0;0;0;3;2;0;0;0;0;0;0
1161;0;0;0;0;0;1;0;0;0;0;0;4;0;1;0;4;0;0;0;0;0;1;0;0;0;0;0;0;0;0;0;0;0;0;0;0;0;0;0;1;0;7;0;0;0;0;0;3
1162;0;0;0;0;0;1;0;0;0;0;0;1;0;0;0;1;0;0;0;0;0;1;0;0;0;0;0;0;0;0;0;0;0;0;0;0;0;0;2;0;2;13;0;0;0;0;0;0
1163;0;0;2;0;0;2;0;0;0;1;3;7;0;0;0;17;0;0;0;0;0;0;0;0;0;0;0;0;0;0;0;0;7;0;0;0;0;0;1;0;2;4;0;0;0;0;0;0
1164;0;0;0;0;0;2;0;0;0;0;12;8;2;0;0;1;0;0;0;0;0;0;0;0;0;0;0;0;0;0;0;0;6;0;0;0;0;0;1;0;1;0;0;0;0;0;0;0
1165;0;0;0;0;0;1;0;0;0;0;0;0;0;0;0;3;0;0;0;0;0;0;0;0;0;0;0;0;0;0;0;0;0;0;0;0;0;0;0;0;0;1;0;0;0;0;0;0
1166;0;0;1;0;0;2;0;0;0;0;0;1;0;2;0;2;0;0;0;0;0;3;0;0;0;0;0;0;0;0;0;0;4;0;0;0;0;0;1;0;0;2;0;0;0;0;0;0
1167;0;0;0;0;0;4;0;0;0;1;0;4;0;0;0;0;0;0;0;0;0;0;0;0;0;0;0;0;0;0;2;0;6;0;0;0;0;0;2;0;2;10;0;0;0;0;0;0
1168;0;0;0;0;0;7;0;1;0;0;0;1;0;0;0;0;0;0;0;0;0;0;0;0;0;0;0;0;0;0;0;0;2;0;0;0;0;0;0;0;1;0;0;0;0;0;0;0
1169;0;0;3;0;0;3;0;2;0;0;2;0;0;0;0;0;0;0;0;0;0;0;0;0;0;0;0;0;0;0;0;0;0;0;0;0;0;0;0;2;1;2;0;0;0;0;0;1
1170;0;0;1;0;0;3;0;0;0;0;0;1;0;0;0;0;0;0;0;0;0;0;0;0;0;0;0;0;0;0;0;0;3;0;0;2;0;0;0;0;3;6;0;0;0;0;0;1
1171;0;0;1;0;0;7;0;2;0;0;0;0;0;0;0;0;0;0;0;0;0;0;0;0;0;0;0;0;0;0;0;0;1;0;0;0;0;0;0;0;0;0;0;0;0;0;0;1
1172;0;0;1;0;0;3;0;0;0;2;1;1;0;0;0;1;0;0;0;0;0;0;0;0;0;0;0;0;0;0;0;0;3;0;0;0;0;0;0;0;2;0;0;0;0;0;0;1
1173;0;0;1;0;0;3;0;0;0;1;0;9;0;0;0;0;0;0;0;0;0;0;0;0;0;0;0;0;0;0;0;0;8;0;0;0;0;0;2;0;1;0;0;0;0;0;0;0
1174;0;0;0;0;0;1;0;0;0;0;2;3;0;1;0;0;0;0;0;0;0;0;0;0;0;0;0;0;0;0;0;0;1;0;0;0;0;0;0;3;0;0;0;0;0;0;0;3
1175;0;0;1;0;0;2;0;0;0;0;0;2;0;0;0;0;0;0;0;0;0;0;0;0;0;0;0;0;0;1;0;0;0;0;0;0;0;0;0;2;0;8;0;0;0;0;0;2
1176;0;0;2;0;0;1;0;0;0;0;0;4;0;0;0;4;0;0;0;0;0;0;0;0;0;0;0;0;0;0;0;0;6;0;0;0;0;0;0;0;0;0;0;0;0;0;0;0
1177;0;0;1;0;0;3;0;0;0;0;0;4;1;0;0;0;0;0;0;0;0;0;0;0;0;0;0;0;0;0;4;0;8;0;0;0;0;0;0;0;2;0;0;0;0;0;0;0
1178;0;0;0;0;0;0;0;0;0;0;2;0;0;0;0;0;0;0;0;0;0;0;0;0;0;0;0;0;0;0;0;0;1;0;0;0;0;0;0;1;0;0;0;0;0;0;0;0
1179;0;0;0;0;0;0;0;0;0;0;0;1;0;0;0;0;0;0;0;0;0;2;0;0;0;0;0;0;0;0;0;0;0;0;0;0;0;0;0;2;0;0;0;0;0;0;0;0
1180;0;0;2;0;0;1;0;0;0;1;0;1;1;0;0;7;0;0;0;0;0;0;0;0;0;0;0;0;0;0;0;0;8;0;0;0;0;0;0;0;0;0;0;0;0;0;0;0
1181;0;0;1;0;0;9;0;1;0;0;11;4;0;0;0;0;0;0;0;0;0;0;0;0;0;0;0;0;0;0;0;0;2;0;0;0;0;0;2;0;0;0;0;0;0;0;0;0
1182;0;0;0;0;0;5;0;0;0;0;3;3;1;0;0;0;0;0;0;0;0;0;0;0;0;0;0;0;0;0;0;0;6;0;0;0;0;0;0;0;0;2;0;0;0;0;0;0
1183;0;0;0;0;0;3;0;0;0;0;6;0;0;0;0;0;0;0;0;0;0;0;0;0;0;0;0;0;0;0;0;0;3;0;0;0;0;0;0;1;0;1;0;0;0;0;0;0
1184;0;0;0;0;0;0;0;0;0;0;3;0;0;0;0;0;0;0;0;0;0;0;0;0;0;0;0;0;0;0;0;0;1;0;0;0;0;0;0;0;1;0;0;0;0;0;0;1
1185;0;0;0;0;0;0;0;0;0;0;2;1;0;3;0;0;0;0;0;0;0;0;0;0;0;0;0;0;0;0;0;0;0;0;0;0;0;0;0;5;0;2;0;0;0;0;0;0
1186;0;0;0;0;0;12;0;0;0;1;0;2;1;0;0;0;0;0;0;0;0;0;0;0;0;0;0;0;0;0;0;0;9;0;0;0;0;0;0;0;1;0;0;0;0;0;0;0
1187;0;0;2;0;0;3;0;1;0;2;6;2;0;0;0;0;0;0;0;0;0;0;0;0;0;0;0;0;0;0;0;0;2;0;0;0;0;0;2;0;0;0;0;0;0;0;0;2
1188;0;0;3;0;0;2;0;1;0;0;1;7;0;0;0;0;0;0;0;0;0;0;0;0;0;0;0;0;0;0;0;0;6;0;0;0;0;0;4;0;1;0;0;0;0;0;0;0
1189;0;0;3;0;0;2;0;0;0;0;2;0;1;0;0;2;0;0;0;0;0;0;0;0;0;0;0;0;0;0;0;0;0;0;0;0;0;0;1;0;0;1;0;0;0;0;0;1
1190;0;0;2;0;0;7;0;0;0;1;2;4;0;0;0;0;0;0;0;0;0;2;0;0;0;1;0;0;0;0;0;0;4;0;0;0;0;0;0;0;0;0;0;0;0;0;0;0
1191;0;0;2;0;0;1;0;1;0;0;6;2;3;1;0;0;0;0;0;0;0;0;0;0;0;0;0;0;0;0;0;0;4;0;0;0;0;0;3;0;3;0;0;0;0;0;0;2
1192;0;0;0;0;0;0;0;0;0;0;3;1;0;0;0;0;0;0;0;0;0;0;0;0;0;0;0;0;0;0;0;0;1;0;0;0;0;0;0;2;0;0;0;0;0;0;0;0
1193;0;0;0;0;0;0;0;0;0;0;3;0;0;1;0;0;0;0;0;0;0;1;5;0;0;0;0;0;0;0;0;0;1;0;0;0;0;0;0;2;0;2;0;0;0;0;0;0
1194;0;0;0;0;0;0;0;0;0;0;24;2;0;0;0;0;0;0;0;0;0;0;0;0;0;0;0;0;0;0;0;0;4;0;0;0;0;0;0;1;0;1;0;0;0;0;0;0
1195;0;0;1;0;0;2;0;0;0;0;9;1;0;0;0;0;0;0;0;0;0;0;0;0;0;0;0;0;0;0;0;0;7;0;0;0;0;0;0;0;1;2;0;0;0;0;0;0
1196;0;0;0;0;0;4;0;0;0;0;0;4;1;0;0;0;0;0;0;0;0;0;0;0;0;0;0;0;0;0;0;0;4;0;0;0;0;0;3;0;0;0;0;0;0;0;0;0
1197;0;0;0;0;0;0;0;0;0;0;1;0;0;0;0;0;0;0;0;0;0;2;0;0;0;0;0;0;0;0;0;0;0;0;0;0;0;0;0;2;0;0;0;0;0;0;0;0
1198;0;0;1;0;0;1;0;3;0;0;1;4;1;0;1;0;0;0;0;0;0;0;0;0;0;0;0;0;0;0;0;0;4;0;0;0;0;0;0;2;1;0;0;0;0;0;0;1
1199;0;0;0;0;0;0;0;0;0;0;2;5;0;0;0;0;0;0;0;0;0;0;0;0;0;0;0;0;0;0;0;0;5;0;0;0;0;0;0;1;0;0;0;0;0;0;0;0
1200;0;0;0;0;0;0;0;0;0;0;0;0;0;2;0;0;0;0;0;0;0;0;0;0;0;0;0;0;2;0;0;0;0;0;0;0;0;0;0;1;0;0;0;0;0;0;0;0
1201;0;0;0;0;0;0;0;0;0;0;1;1;0;0;0;0;0;0;0;0;0;0;0;0;0;0;0;0;0;0;0;0;0;0;0;0;0;0;0;2;0;3;0;0;0;0;0;0
1202;0;0;0;0;0;0;0;1;0;0;8;3;1;0;0;5;0;0;0;0;0;0;0;0;0;0;0;0;0;0;1;0;5;0;0;0;0;0;0;0;2;0;0;0;0;0;0;0
1203;0;0;1;0;0;4;0;0;0;0;3;6;0;0;0;7;0;0;0;0;0;0;0;0;0;0;0;0;0;0;0;0;4;0;0;0;0;0;1;0;0;1;0;0;0;0;0;0
1204;0;0;1;0;0;0;0;0;0;0;2;4;0;0;0;0;0;0;0;0;0;0;0;0;0;0;0;0;0;0;0;0;5;0;0;0;0;0;0;0;2;0;0;0;0;0;0;1
1205;0;0;0;0;0;3;0;0;0;0;2;5;0;1;0;0;0;0;0;0;0;2;17;0;0;0;0;0;1;0;0;0;0;0;0;0;0;0;0;1;0;3;0;0;0;0;0;0
1206;0;0;0;0;0;1;0;0;0;0;1;4;0;0;0;0;0;0;0;0;0;3;12;0;0;0;0;0;0;0;0;0;0;0;0;0;0;0;0;1;0;4;0;0;0;0;0;0
1207;0;0;0;0;0;0;0;0;0;0;2;3;0;0;0;0;0;0;0;0;0;0;0;0;0;0;0;0;3;0;0;0;0;0;0;0;0;0;0;7;0;17;0;0;0;0;0;0
1208;0;0;2;0;0;2;0;0;0;0;2;1;1;0;0;0;0;0;0;0;0;0;0;0;0;0;0;0;0;0;0;0;9;0;0;0;0;0;0;0;2;0;0;0;0;0;0;0
1209;0;0;2;0;0;4;0;0;0;0;4;2;1;0;0;4;0;0;0;0;0;1;0;0;0;0;0;0;0;0;0;0;5;0;0;0;0;0;0;0;0;0;0;0;0;0;0;0
1210;0;0;1;0;0;2;0;0;0;0;4;7;1;0;0;1;0;0;0;0;0;0;0;0;0;0;0;0;0;0;0;0;5;0;0;0;0;0;0;0;1;0;0;0;0;0;0;0
1211;0;0;2;0;0;2;0;0;0;0;2;6;0;0;0;1;0;0;0;0;0;0;0;0;0;0;0;0;0;0;0;0;9;0;0;0;0;0;0;0;3;0;0;0;0;0;0;3
1212;0;0;1;0;0;3;0;0;0;0;3;2;1;0;0;2;0;0;0;0;0;1;0;0;0;0;0;0;0;0;0;0;16;0;0;0;0;0;0;0;2;0;0;0;0;0;0;0
1213;0;0;1;0;0;1;0;0;0;0;2;0;0;0;0;0;0;0;0;0;0;2;0;0;0;0;0;0;0;0;0;0;3;0;0;0;0;0;0;0;3;3;0;0;0;0;0;1
1214;0;0;5;0;0;1;0;0;0;0;4;0;0;0;0;0;0;0;0;0;0;0;0;0;0;0;0;0;0;0;0;0;4;0;0;0;0;0;0;1;1;0;0;0;0;0;0;3
1215;0;0;0;0;0;3;0;0;0;0;7;0;0;0;0;0;0;0;0;0;0;0;0;0;0;0;0;0;0;0;0;0;4;0;0;0;0;0;0;1;1;1;0;0;0;0;0;1
1216;0;0;0;0;0;0;0;0;0;0;39;0;0;0;0;0;0;0;0;0;0;0;0;0;0;0;0;0;0;0;0;0;0;0;0;0;0;0;0;2;0;1;0;0;0;0;0;0
1217;0;0;0;0;0;0;0;0;0;0;0;0;0;0;0;0;0;0;0;0;0;0;0;0;0;0;0;0;2;0;0;0;2;0;0;0;0;0;0;8;0;0;0;0;0;0;0;0
1218;0;0;0;0;0;0;0;0;0;0;4;0;0;0;0;0;0;0;0;0;0;0;0;0;1;0;0;0;2;0;0;0;1;0;0;0;2;0;0;0;0;0;0;0;0;0;0;1
1219;0;0;0;0;0;0;0;0;0;0;1;0;0;0;0;0;0;0;0;0;0;2;0;0;0;0;0;0;2;0;0;0;0;0;0;0;0;0;0;0;0;16;0;0;0;0;0;1
1220;0;0;0;0;0;1;0;0;0;0;2;0;0;0;0;0;0;0;0;0;0;0;0;0;0;0;0;0;2;0;0;0;2;0;0;0;0;0;0;2;0;0;0;0;0;0;0;3
1221;0;0;0;0;0;0;0;0;0;0;3;0;0;0;0;0;0;0;0;0;0;0;0;0;0;0;0;0;2;0;0;0;4;0;0;0;0;0;0;0;0;0;0;0;0;0;0;1
1222;0;0;0;0;0;0;0;0;0;0;3;0;0;0;0;0;0;0;0;0;0;0;0;0;0;0;0;0;5;0;0;0;0;0;0;0;0;0;0;3;0;1;0;1;0;0;0;0
1223;0;0;0;0;0;2;0;0;0;0;3;0;0;1;0;0;0;0;0;0;0;0;0;0;2;0;0;0;0;0;0;0;0;0;0;0;0;0;2;2;0;0;0;0;0;0;0;3
1224;0;0;1;0;0;2;0;0;0;0;4;0;0;0;0;0;0;0;0;0;0;0;0;0;0;0;0;0;0;0;0;0;3;0;0;0;0;0;4;0;3;1;0;0;0;0;0;1
1225;0;0;0;0;0;2;0;0;0;0;1;2;0;0;0;0;0;0;0;0;0;0;0;0;0;0;0;0;0;0;0;0;2;0;0;0;0;0;0;0;7;9;0;0;0;0;0;3
1226;0;0;0;0;0;0;0;0;0;0;0;0;0;0;0;0;0;0;0;0;0;3;2;0;0;0;0;0;0;0;0;0;2;0;0;0;0;0;0;1;0;0;0;0;0;0;0;2
1227;0;0;0;0;0;0;0;0;0;0;5;0;0;0;0;0;0;0;0;0;0;0;15;0;0;0;0;0;0;0;0;0;15;0;0;0;4;0;0;0;0;0;0;0;0;0;0;0
1228;0;0;0;0;0;0;0;0;0;0;0;0;0;0;0;0;0;0;0;0;0;4;0;0;0;0;0;0;0;0;0;0;1;0;0;0;0;0;0;0;0;1;0;0;0;0;0;1
1229;0;0;0;0;0;0;0;0;0;0;6;0;0;0;0;0;0;0;0;0;0;0;0;0;0;0;0;0;0;0;0;0;0;0;0;0;0;0;0;1;0;1;0;0;0;0;0;2
1230;0;0;0;0;0;0;0;0;0;0;1;0;0;0;0;0;0;0;0;0;0;51;0;0;0;0;0;0;0;0;0;0;0;0;0;0;0;0;0;1;0;1;0;0;0;0;0;0
1231;0;0;0;0;0;0;0;0;0;0;4;2;0;0;0;0;0;0;0;0;0;0;0;0;0;0;0;0;0;0;0;0;1;0;0;0;2;0;0;1;3;0;0;0;0;0;0;0
1232;0;0;0;0;0;0;0;0;0;0;0;0;0;0;0;0;0;0;0;0;0;0;0;0;0;0;0;1;0;0;0;0;0;0;0;0;0;0;0;3;0;0;0;0;0;0;0;0
1233;0;0;0;0;0;0;0;0;0;0;0;0;0;1;0;0;0;0;0;0;0;0;0;0;0;0;0;0;0;0;0;0;0;0;0;0;0;0;0;4;0;0;0;0;0;0;0;0
1234;0;0;0;0;0;2;0;0;0;0;0;0;2;0;0;0;0;0;0;0;0;0;0;0;0;0;0;0;0;0;0;0;3;0;0;0;0;1;0;0;0;0;0;0;0;0;0;0
1235;0;1;2;0;0;2;0;0;0;0;0;0;1;0;0;0;0;0;0;0;0;0;0;0;0;0;0;0;0;0;0;0;1;1;2;0;0;0;0;0;0;0;0;0;0;0;0;0
1236;0;1;1;0;0;2;0;0;0;0;0;0;1;0;0;0;1;0;0;0;0;0;0;0;0;0;0;0;0;0;0;0;1;1;3;0;0;0;0;0;1;0;0;0;0;0;0;0
1237;0;1;1;0;0;2;0;0;0;0;0;2;2;0;0;0;0;0;0;0;0;0;0;0;0;0;0;0;0;0;0;0;0;1;1;0;0;0;0;0;0;0;0;0;1;0;2;0
1238;0;0;1;0;0;2;0;0;0;0;0;0;3;0;0;0;0;0;0;0;0;0;0;0;0;0;0;0;0;0;0;0;0;1;0;0;0;0;0;0;0;0;0;0;0;0;1;0
1239;0;1;0;0;0;3;0;0;0;0;0;0;3;0;0;0;0;0;0;0;0;0;0;0;0;0;0;0;0;0;0;0;0;0;0;0;0;1;0;0;0;0;0;0;0;0;0;0
1240;0;0;0;0;0;2;0;0;0;0;0;0;0;0;0;0;0;0;0;0;0;0;0;0;0;0;0;2;0;0;0;0;0;0;0;0;0;0;0;1;0;2;0;0;0;0;0;1
1241;0;0;0;0;0;0;9;0;0;0;0;0;0;4;0;0;0;0;0;0;0;0;0;0;0;0;0;3;0;0;0;0;0;0;0;0;2;0;0;6;0;0;0;0;0;0;0;0
1242;0;0;0;0;0;0;0;0;0;0;0;0;0;0;0;0;0;0;0;0;0;0;0;0;0;0;0;0;0;0;0;0;0;0;0;0;0;0;0;6;0;0;0;0;0;0;0;0
1243;0;0;0;0;0;0;0;0;0;0;0;0;0;0;0;0;0;0;0;0;0;0;0;0;0;0;0;0;0;0;0;0;0;0;0;0;0;0;2;4;0;0;0;0;0;0;0;0
1244;0;0;0;0;0;0;0;0;0;0;0;0;0;0;0;0;0;0;0;0;0;0;0;0;0;0;0;0;0;0;0;0;0;0;0;0;0;0;0;3;0;3;0;0;0;0;0;0
1245;0;0;0;0;0;1;0;0;0;0;0;0;0;0;0;0;0;0;0;0;0;0;0;0;0;0;0;1;6;0;0;0;0;0;0;0;0;0;0;2;0;2;0;0;0;0;0;1
1246;0;0;0;0;0;2;0;0;0;0;0;0;0;1;0;0;0;0;0;0;0;0;0;0;0;0;0;0;0;0;0;0;1;0;0;0;0;0;1;0;1;1;0;0;0;0;0;0
1247;0;0;2;0;0;1;0;0;0;0;0;0;1;0;0;0;0;0;0;0;0;0;0;0;0;0;0;0;0;0;0;0;0;0;3;0;0;0;0;0;1;0;0;0;0;0;0;0
1248;0;0;3;0;0;4;0;0;0;0;0;0;4;0;0;0;0;0;0;0;0;0;0;0;0;0;0;0;0;0;0;0;0;0;0;0;0;0;2;0;2;0;0;0;0;0;0;0
1249;0;0;0;0;0;2;0;0;0;0;0;0;0;0;0;0;0;0;0;0;0;0;0;0;0;0;0;0;0;0;0;0;1;0;0;0;0;0;0;1;0;0;0;0;0;0;0;0
1250;0;0;0;0;0;3;0;0;0;0;0;0;0;0;0;0;0;0;0;0;0;0;0;0;0;0;0;0;0;0;0;0;2;0;0;0;0;0;0;0;0;0;0;0;0;0;0;0
1251;0;0;0;3;0;1;0;0;0;0;0;0;0;0;0;0;0;0;0;0;0;0;0;0;0;0;0;0;0;0;0;0;0;0;0;0;0;0;0;0;0;0;0;0;1;0;0;0
1252;0;0;0;6;0;2;0;0;0;0;0;0;0;0;0;0;0;0;0;0;0;0;0;0;0;0;0;0;0;0;0;0;2;2;0;0;0;0;6;0;1;0;0;0;0;0;0;0
1253;0;1;0;0;0;3;0;0;0;0;0;0;0;0;0;0;0;0;0;0;1;0;0;0;0;0;0;0;0;0;0;0;0;2;0;0;0;0;0;0;0;0;0;0;1;0;0;0
1254;0;0;0;0;0;2;0;0;0;0;0;0;1;0;0;0;0;1;0;0;0;0;0;0;0;0;0;0;0;0;0;2;3;0;0;0;0;0;0;0;0;0;0;0;0;0;0;0
1255;0;1;1;0;0;2;0;0;0;0;0;0;2;0;0;0;0;0;0;0;1;0;0;0;0;0;0;0;0;0;0;0;2;0;0;0;0;0;4;0;1;0;0;0;2;0;0;0
1256;0;0;1;0;0;1;0;0;0;0;0;0;1;0;0;0;0;0;0;0;0;0;0;0;0;0;0;0;0;0;0;0;3;0;0;0;0;0;4;0;1;0;0;0;0;0;0;0
1257;0;2;0;0;0;0;0;0;0;0;0;0;1;0;0;0;0;0;0;0;0;0;0;0;0;0;0;0;0;0;0;0;2;0;0;0;0;0;3;0;0;0;0;0;0;0;0;0
1258;0;0;1;1;0;3;0;0;0;0;0;0;0;0;0;0;0;0;0;0;0;0;0;0;0;0;0;0;0;0;0;0;2;0;0;0;0;1;5;0;1;0;0;0;0;0;0;0
1259;0;0;1;1;0;1;0;0;0;0;0;0;0;0;0;0;0;0;0;0;0;0;0;0;0;0;0;0;0;0;0;0;0;1;0;0;0;0;2;0;0;0;0;0;0;0;0;0
1260;0;2;1;0;0;5;0;0;0;0;0;0;0;0;0;0;0;1;0;0;0;0;0;0;0;0;0;0;0;0;0;0;0;2;0;0;0;0;0;0;0;0;0;0;0;0;0;0
1261;0;0;1;0;0;4;0;0;0;0;0;0;0;0;0;0;0;1;0;0;0;0;0;0;0;0;0;0;0;0;0;0;0;0;0;0;0;0;5;0;0;0;0;0;0;0;0;0
1262;0;1;1;0;0;1;0;0;0;0;0;0;1;0;0;0;0;0;0;0;0;0;0;0;0;0;0;0;0;0;0;0;0;0;0;0;0;0;3;0;0;0;0;0;0;0;0;0
1263;0;0;0;0;0;3;0;0;0;0;0;0;1;0;0;0;0;0;0;0;0;0;0;0;0;0;0;0;0;0;0;0;1;0;0;0;0;0;4;0;0;0;0;0;1;0;1;0
1264;0;0;0;0;0;0;0;0;0;0;0;0;0;0;0;0;0;0;0;0;0;0;0;0;0;0;0;0;0;0;0;0;10;0;0;0;0;0;0;2;0;0;0;0;0;0;0;2
1265;0;2;2;0;0;2;0;0;0;1;0;0;1;0;1;0;0;0;0;0;0;0;0;0;0;0;0;0;0;0;0;0;1;0;0;0;0;0;4;0;0;0;0;0;1;0;0;0
1266;0;2;2;0;0;2;0;0;0;0;0;0;1;0;0;0;0;0;0;0;0;0;0;0;0;0;0;1;0;0;1;0;3;0;0;0;0;1;3;2;0;0;0;0;0;0;0;3
1267;0;0;0;0;0;0;0;0;0;0;0;0;0;0;1;0;0;0;0;0;0;0;0;0;0;0;0;0;0;0;0;0;3;0;0;0;0;0;0;3;0;0;0;0;0;0;0;1
1268;0;0;0;0;0;0;0;0;0;0;2;0;0;0;0;0;0;0;0;0;0;0;0;0;0;0;0;0;0;0;0;0;9;0;0;0;0;0;0;4;0;0;0;0;0;0;0;0
1269;0;0;0;0;0;0;0;0;0;0;0;0;0;2;0;0;0;0;0;0;0;0;0;0;0;0;0;0;0;0;0;0;2;0;0;0;0;0;0;1;0;0;0;0;0;0;0;1
1270;0;0;0;0;0;0;0;0;0;0;0;2;0;0;0;0;0;0;0;0;0;0;0;0;0;0;0;0;0;0;0;0;3;0;0;0;0;0;0;0;0;0;0;0;0;0;0;0
1271;0;1;2;0;0;2;0;0;0;1;2;0;1;0;0;0;0;0;1;0;0;0;0;0;0;0;2;0;0;0;0;0;0;0;0;0;0;0;0;0;1;1;4;0;0;0;0;0
1272;0;0;2;0;0;2;0;0;0;0;0;1;2;0;0;0;0;0;0;0;0;0;0;0;0;0;0;0;0;0;1;0;3;0;0;0;0;1;7;0;1;0;0;0;0;0;0;0
1273;0;0;0;0;0;0;0;0;0;0;4;0;0;0;0;0;0;0;0;0;0;0;0;0;0;0;0;0;0;0;0;0;2;0;0;0;0;0;0;2;0;0;0;0;0;0;0;0
1274;0;0;0;0;0;0;0;0;0;0;0;0;0;0;0;0;0;0;0;0;0;0;0;0;0;0;0;2;0;0;0;0;0;0;0;0;0;0;0;9;0;0;0;0;0;0;0;0
1275;0;0;0;0;0;0;0;0;0;0;0;2;0;0;0;0;0;0;0;0;0;0;0;0;0;0;0;0;0;0;0;0;1;0;0;0;0;0;0;6;0;0;0;0;0;0;0;0
1276;0;2;2;2;0;4;0;0;0;0;0;0;4;0;0;0;0;0;0;0;0;0;0;0;0;0;0;0;0;0;0;0;3;0;0;0;0;0;3;0;1;0;0;0;5;0;0;0
1277;0;2;1;0;0;0;0;0;0;0;0;0;2;0;0;0;0;0;0;0;0;0;0;0;0;0;0;0;0;0;0;0;2;0;0;0;0;0;3;0;0;0;0;0;3;0;0;0
1278;0;0;0;0;0;0;0;0;0;0;3;4;0;0;0;0;0;0;0;0;0;0;0;0;0;0;0;0;0;0;0;0;2;0;0;0;0;0;0;1;0;0;0;0;0;0;0;3
1279;0;1;1;0;0;3;0;1;0;1;4;2;0;0;0;0;0;0;0;0;0;0;0;0;0;0;0;0;0;0;0;0;0;0;0;0;0;0;0;0;1;0;0;0;0;0;0;1
1280;0;3;1;3;0;0;0;0;0;0;0;0;0;0;0;0;0;0;0;0;0;0;0;0;0;0;0;0;0;0;0;0;0;0;0;0;0;0;1;0;0;0;0;0;2;0;0;0
1281;0;0;0;0;0;0;0;0;0;0;2;2;0;0;0;0;0;0;0;0;0;0;0;0;0;0;0;0;0;0;0;0;0;0;0;0;0;0;0;3;0;0;0;0;0;0;0;0
1282;0;0;0;0;0;0;0;0;0;0;1;0;0;0;0;0;0;0;0;0;0;0;0;0;0;0;0;0;0;0;0;0;1;0;0;0;0;0;0;1;0;0;0;0;0;0;0;1
1283;0;0;0;0;0;0;0;0;0;0;0;2;0;0;0;0;0;0;0;0;0;0;0;0;0;0;0;0;0;0;0;0;2;0;0;0;0;0;0;5;0;0;0;0;0;0;0;0
1284;0;0;0;0;0;2;0;0;0;0;2;1;0;0;0;0;0;0;0;0;0;0;0;0;0;0;0;0;0;0;0;0;1;0;0;2;0;0;0;7;0;3;0;0;0;0;0;3
1285;0;0;0;0;0;0;0;0;0;0;0;0;0;0;0;0;0;0;0;0;0;3;0;0;0;0;0;0;0;0;0;0;0;0;0;5;1;0;0;0;0;4;0;0;0;0;0;2
1286;0;0;1;0;0;3;0;0;0;0;2;0;1;0;0;0;0;0;0;0;0;0;0;0;0;0;0;0;0;0;1;0;4;0;0;0;0;0;1;0;0;0;0;0;0;0;0;0
1287;0;0;1;0;0;3;0;0;0;0;0;1;1;0;0;0;0;0;0;0;0;0;0;0;0;0;0;0;0;0;0;0;3;0;0;0;0;0;1;0;0;0;0;0;0;0;0;0
1288;0;0;2;0;0;5;0;0;0;0;1;2;1;0;0;0;0;0;0;0;0;0;0;0;0;0;0;0;0;0;0;0;3;0;0;0;0;0;0;0;0;0;0;0;0;0;0;0
1289;0;0;0;0;0;4;0;0;0;0;3;1;1;0;0;0;0;0;0;0;0;0;0;0;0;0;0;0;0;0;0;0;2;0;0;0;0;0;0;0;0;0;0;0;0;0;0;1
1290;0;0;0;0;0;1;0;0;0;0;2;2;0;0;0;2;0;0;0;0;0;1;0;0;0;0;0;0;0;0;0;0;1;0;0;0;0;0;0;5;0;0;0;0;0;0;0;0
1291;0;0;0;0;0;0;0;0;0;0;0;3;0;3;0;0;0;0;0;0;0;1;0;0;0;0;0;0;0;0;0;0;0;0;0;0;0;0;0;2;0;6;0;0;0;0;0;0
1292;0;0;0;0;0;0;0;0;0;0;1;1;0;5;0;0;0;0;0;0;0;1;0;0;0;0;0;1;0;0;0;0;0;0;0;0;0;0;0;3;0;0;0;0;0;0;0;0
1293;0;0;0;0;0;0;0;1;0;0;0;18;0;0;0;0;0;0;0;0;0;3;0;0;0;0;0;0;0;0;0;0;0;0;0;0;0;0;0;1;0;0;0;0;0;0;0;0
1294;0;0;1;0;0;4;0;1;0;0;0;4;0;0;0;0;0;0;0;0;0;0;0;0;0;0;0;0;0;0;0;0;0;0;0;0;0;0;0;0;1;0;0;0;0;0;0;0
1295;0;0;2;0;0;4;0;0;0;0;2;3;1;0;0;0;0;0;0;0;0;0;0;0;0;0;0;0;0;0;0;0;1;0;0;0;0;0;0;0;0;0;0;0;0;0;0;0
1296;0;0;1;0;0;4;0;0;0;2;0;1;1;0;0;0;0;0;0;0;0;0;0;0;0;0;0;0;0;0;0;0;4;0;0;0;0;1;2;0;0;0;0;0;0;0;0;0
1297;0;0;0;0;0;3;0;2;0;0;1;3;3;0;0;0;0;0;0;0;0;0;0;0;0;0;0;0;0;0;0;0;4;0;0;0;0;0;0;0;1;0;0;0;0;0;0;0
1298;0;0;0;0;0;0;0;0;0;0;0;5;0;0;0;0;0;0;0;0;0;1;0;0;0;0;0;0;0;0;0;0;0;0;0;0;0;0;0;3;0;1;0;0;0;0;0;0
1299;0;0;0;0;0;0;0;0;0;0;0;1;0;5;0;0;0;0;0;0;0;3;0;0;0;0;0;0;1;0;0;0;0;0;0;0;0;0;0;6;0;2;0;0;0;0;0;0
1300;0;0;0;0;0;3;0;0;0;0;1;1;0;0;0;4;0;0;0;0;0;1;0;0;1;0;0;0;4;0;0;0;1;0;0;1;2;0;0;0;0;10;0;0;0;0;0;0
1301;0;0;0;0;0;5;0;0;0;0;0;1;1;0;0;1;0;0;0;1;0;0;0;0;0;0;0;0;0;0;0;0;2;0;0;0;0;0;1;0;0;0;0;0;0;0;0;0
1302;0;0;0;0;0;0;0;0;0;0;0;0;0;0;0;0;0;0;0;0;0;10;0;0;0;0;0;0;0;0;0;0;0;0;0;0;0;0;0;1;0;3;0;0;0;0;0;2
1303;0;0;2;0;0;5;0;1;0;0;0;1;1;0;0;0;0;0;0;0;0;0;0;0;0;0;0;0;0;0;0;0;3;0;0;0;0;0;2;0;0;0;0;0;0;0;0;0
1304;0;0;1;0;0;2;0;0;0;0;7;5;0;0;0;0;0;0;0;0;0;0;0;0;0;0;0;0;0;0;0;0;6;0;0;0;0;0;2;0;1;0;0;0;0;0;0;0
1305;0;0;1;0;0;3;0;0;0;0;3;3;1;0;0;0;0;0;0;0;0;0;0;0;0;0;0;0;0;0;0;0;11;0;0;0;0;0;5;0;2;0;0;0;0;0;0;0
1306;0;0;0;0;0;0;0;0;0;0;2;0;0;0;0;0;0;0;0;0;0;5;0;0;0;0;0;0;0;0;0;0;2;0;0;0;27;0;0;2;0;6;0;0;0;0;0;1
1307;0;0;1;0;0;3;0;2;0;0;2;4;1;0;0;0;0;0;0;0;0;0;0;0;0;0;0;0;0;0;0;0;2;0;0;0;0;0;3;0;0;0;0;0;0;0;0;0
1308;0;0;0;0;0;0;0;0;0;0;0;0;0;0;1;0;0;0;0;0;0;0;0;0;0;0;0;0;3;0;0;0;1;0;0;0;0;0;0;0;0;4;0;0;0;0;0;1
1309;0;0;0;0;0;0;0;0;0;0;3;0;0;0;0;0;0;0;0;0;0;3;0;0;0;0;0;0;0;0;0;0;0;0;0;0;0;0;0;5;0;0;0;0;0;0;0;0
1310;0;0;0;0;0;0;0;0;0;0;6;0;0;0;0;0;0;0;0;0;0;0;0;0;0;0;0;0;0;0;0;0;0;0;0;0;0;0;0;2;0;0;0;0;0;0;0;0
1311;0;0;0;0;0;0;0;0;0;0;3;0;0;2;0;0;0;0;0;0;0;0;5;0;4;0;0;0;3;0;0;0;0;0;0;0;0;0;0;1;0;0;0;0;0;0;0;0
1312;0;0;0;0;0;0;0;0;0;0;2;0;0;0;0;0;0;0;0;0;0;0;0;0;0;0;0;0;0;0;0;0;0;0;0;0;0;0;0;0;0;0;0;0;0;0;0;0
1313;0;0;2;0;0;2;0;0;0;1;5;3;1;0;0;0;0;0;0;0;0;0;0;0;0;0;0;0;0;0;1;0;2;0;0;0;0;1;0;0;0;0;0;0;0;0;0;0
1314;0;0;0;0;0;3;0;0;0;0;9;3;1;0;0;0;0;0;0;0;0;0;0;0;0;0;0;0;0;0;0;0;5;0;0;0;0;0;0;0;0;0;0;0;0;0;0;0
1315;0;0;1;0;0;3;0;1;0;0;7;0;0;0;0;0;0;0;0;0;0;0;0;0;0;0;0;0;0;0;0;0;3;0;0;0;0;1;0;0;0;0;0;0;0;0;0;0
1316;0;0;2;0;0;3;0;0;0;3;0;0;1;0;0;0;0;0;0;0;0;1;0;0;0;0;0;0;0;0;0;0;7;0;0;0;0;0;2;0;0;0;0;0;0;0;0;0
1317;0;0;1;0;0;4;0;0;0;1;0;1;2;0;0;0;0;0;1;0;0;0;0;0;0;0;0;0;0;0;0;0;0;0;0;0;0;1;4;0;0;0;0;0;0;0;0;1
1318;0;0;0;0;0;0;0;0;0;0;25;6;0;0;0;0;0;0;0;0;0;0;0;0;0;0;0;0;4;0;0;0;0;0;0;0;0;0;0;5;0;0;0;0;0;0;0;0
1319;0;0;1;0;0;4;0;1;0;0;4;2;1;0;0;0;0;0;0;0;0;0;0;0;0;0;0;0;0;0;0;0;2;0;0;0;0;0;3;0;0;0;0;0;0;0;0;0
1320;0;0;2;0;0;4;0;0;0;0;6;2;2;0;0;0;0;0;1;0;0;0;0;0;0;0;0;0;0;0;0;0;2;0;0;0;0;0;0;0;0;0;0;0;0;0;0;0
1321;0;0;3;0;0;3;0;0;0;0;1;0;2;0;0;0;0;0;0;0;0;0;0;0;0;0;0;0;0;0;0;0;7;0;0;0;0;0;1;0;0;0;0;0;0;0;0;0
1322;0;0;0;0;0;4;0;0;0;0;3;0;1;0;0;0;0;0;0;0;0;0;0;0;0;0;0;0;0;0;2;0;3;0;0;0;0;0;4;1;3;0;0;0;0;0;0;1
1323;0;0;0;0;0;0;0;0;0;0;6;0;0;0;0;0;0;0;0;0;0;3;0;0;0;0;0;0;3;0;0;0;0;0;0;0;0;0;0;0;0;0;0;0;0;0;0;0
1324;0;0;2;0;0;3;0;0;0;3;3;2;1;0;0;0;0;0;0;0;0;0;0;0;0;0;0;0;0;0;3;0;5;0;0;0;0;0;4;0;1;0;0;0;0;0;0;0
1325;0;0;1;0;0;2;0;2;0;0;0;0;1;0;1;0;0;0;0;0;0;0;0;0;0;0;0;0;0;0;0;0;9;0;0;0;0;0;1;0;1;0;0;0;0;0;0;0
1326;0;0;0;0;0;5;0;1;0;1;1;0;1;0;0;0;0;0;0;0;0;0;0;0;0;0;0;0;0;0;0;0;4;0;0;0;0;0;0;0;2;0;0;0;0;0;0;0
1327;0;0;1;0;0;3;0;2;0;0;1;0;1;0;0;0;0;0;0;0;0;0;0;0;0;0;0;0;0;0;0;0;6;0;0;0;0;0;0;0;0;0;0;0;0;0;0;0
1328;0;0;1;0;0;1;0;1;0;0;2;0;0;0;0;0;0;0;0;0;0;0;0;0;0;0;0;0;0;0;0;0;0;0;0;0;0;0;0;0;0;0;0;0;0;0;0;1
1329;0;0;0;0;0;3;0;1;0;0;0;0;0;0;0;0;0;0;0;0;0;0;0;0;0;0;0;0;0;0;0;0;0;0;0;0;0;0;2;0;0;0;0;0;0;0;0;3
1330;0;0;1;0;0;2;0;2;0;0;1;0;1;0;0;0;0;0;0;0;0;0;0;0;0;0;0;0;0;0;0;0;3;0;0;0;0;0;1;0;0;0;0;0;0;0;0;2
1331;0;0;0;0;0;1;0;0;0;0;0;1;0;0;0;0;0;0;0;0;0;0;0;0;0;0;0;1;0;0;0;0;0;0;0;0;0;0;0;2;0;0;0;0;0;0;0;2
1332;0;0;0;0;0;0;0;0;0;0;6;2;0;0;0;0;0;0;0;0;0;0;0;0;0;0;0;1;0;0;0;0;0;0;0;0;0;0;3;1;0;0;0;0;0;0;0;2
1333;0;0;0;0;0;0;0;0;0;0;2;0;0;0;0;0;0;0;0;0;0;3;0;0;0;0;0;0;0;0;0;0;0;0;0;0;0;0;0;1;0;0;0;0;0;0;0;0
1334;0;0;0;0;0;1;0;0;0;0;3;0;0;0;0;0;0;0;0;0;0;0;0;0;0;0;0;2;0;0;0;0;0;0;0;0;0;0;0;5;0;0;0;0;0;0;0;1
1335;0;0;0;0;0;2;0;0;0;0;0;0;1;0;0;0;0;0;0;0;0;0;0;0;0;0;0;0;0;0;0;0;2;0;0;0;0;0;3;0;0;0;0;0;0;0;0;1
1336;0;0;0;0;0;3;0;1;0;1;0;0;1;0;0;0;0;0;0;0;0;0;0;0;0;0;0;0;0;0;0;0;8;0;0;0;0;0;4;0;0;0;0;0;0;0;0;0
1337;0;2;0;0;0;4;0;0;0;0;1;0;1;0;0;0;0;0;0;0;0;0;0;0;0;0;0;0;0;0;0;0;5;0;0;0;0;0;2;0;1;0;0;0;0;0;0;1
1338;0;0;3;0;0;2;0;1;0;0;0;1;1;0;0;0;0;0;0;0;0;0;0;0;0;0;0;0;0;0;0;0;3;0;0;0;0;0;1;0;1;0;0;0;0;0;0;0
1339;0;0;0;0;0;1;0;0;0;0;0;0;1;0;0;0;0;0;0;0;0;0;0;0;0;0;0;0;0;0;1;0;3;0;0;0;0;0;2;0;1;0;0;0;0;0;0;0
1340;0;0;2;0;0;2;0;0;0;0;0;1;0;0;0;0;0;0;0;0;0;0;0;0;0;0;0;0;0;0;0;0;4;0;0;0;0;0;1;0;0;0;0;0;0;0;0;0
1341;0;1;2;0;0;4;0;1;0;0;8;0;0;0;0;0;0;0;0;0;0;0;0;0;0;0;0;0;0;0;0;0;3;0;0;0;0;0;0;0;0;0;0;0;0;0;0;0
1342;0;0;0;0;0;0;0;0;0;0;3;0;0;0;0;0;0;0;0;0;0;3;0;0;0;0;0;0;0;0;0;0;0;0;0;0;0;0;0;1;0;0;0;0;0;0;0;4
1343;0;0;0;0;0;0;0;0;0;0;1;0;0;0;0;0;0;0;0;0;0;2;0;0;0;0;0;0;0;0;2;0;0;0;0;0;0;0;0;0;0;0;0;0;0;0;0;3
1344;0;1;2;0;0;5;0;0;0;0;0;7;0;0;0;0;0;0;0;0;0;0;0;0;0;0;0;0;0;0;0;0;4;0;0;0;0;0;1;0;0;1;0;0;0;0;0;0
1345;0;0;0;0;0;0;0;0;0;0;1;0;0;0;0;0;0;0;0;0;0;0;0;0;0;0;0;0;2;0;0;0;0;0;0;0;0;0;0;1;0;0;0;0;0;0;0;0
1346;0;0;0;0;0;0;0;1;0;0;0;0;0;0;0;0;0;0;0;0;0;0;0;0;0;0;0;1;0;0;0;0;0;0;0;0;0;0;3;4;0;0;0;0;0;0;0;1
1347;0;0;0;0;0;0;0;0;0;0;0;0;0;0;0;0;0;0;0;0;0;0;0;0;0;0;0;1;0;0;0;0;0;0;0;0;0;0;0;2;0;0;0;0;0;0;0;0
1348;0;0;0;0;0;0;0;0;0;0;0;0;0;0;0;0;0;0;0;0;0;0;0;0;0;0;0;0;0;0;0;0;0;0;0;0;0;0;0;1;0;0;0;0;0;0;0;0
1349;0;0;1;0;0;0;0;2;0;0;0;0;0;0;0;0;0;0;0;0;0;0;0;0;0;0;0;0;0;0;0;0;3;0;0;0;0;0;4;0;0;0;0;0;0;0;0;0
1350;0;0;0;0;0;1;0;1;0;0;0;0;0;0;1;1;0;0;0;0;0;0;0;0;0;0;0;0;0;0;0;0;4;0;0;0;0;0;2;0;1;0;0;0;0;0;0;1
1351;0;0;0;0;0;2;0;0;0;0;0;0;0;0;0;0;0;0;0;0;0;0;0;0;0;0;0;0;0;0;0;0;1;0;0;0;0;0;2;0;0;0;0;0;0;0;0;1
1352;0;0;0;0;0;3;0;1;0;0;4;1;0;0;0;0;0;0;0;0;0;0;0;0;0;0;0;0;0;0;0;0;7;0;0;0;0;0;1;0;0;0;0;0;0;0;0;0
1353;0;0;2;0;0;1;0;1;0;0;4;2;0;0;0;0;0;0;0;0;0;0;0;0;0;0;0;0;0;0;0;0;2;0;0;0;0;0;0;2;0;0;0;0;0;0;0;2
1354;0;1;1;0;0;1;0;0;0;0;0;0;3;0;0;0;0;0;0;0;0;0;0;0;0;0;0;0;0;0;0;0;4;0;0;0;0;0;0;0;0;0;0;0;0;0;0;0
1355;0;0;1;0;0;0;0;0;0;0;0;0;2;0;0;0;0;0;0;0;0;0;0;0;0;0;0;0;0;0;0;0;16;0;0;0;0;0;5;0;0;0;0;0;0;0;0;1
1356;0;0;0;0;0;0;0;0;0;0;0;0;0;0;0;0;0;0;0;0;0;2;0;0;0;0;0;0;0;0;0;0;3;0;0;0;0;0;0;5;0;0;0;0;0;0;0;0
1357;0;1;1;0;0;3;0;0;0;0;0;0;3;0;0;0;0;0;0;0;0;0;0;0;0;0;0;0;0;0;0;0;1;0;0;0;0;0;10;0;0;0;0;0;0;0;0;0
1358;0;2;0;0;0;0;0;0;0;0;0;0;2;0;0;0;0;0;1;0;0;0;0;0;0;0;0;0;0;0;0;0;2;0;0;0;0;0;3;0;0;0;0;0;0;0;0;0
1359;0;1;0;0;0;1;0;0;0;1;0;0;0;0;0;0;0;0;0;0;0;0;0;0;0;0;0;0;0;0;0;0;1;0;0;0;0;0;7;0;1;0;0;0;0;0;0;0
1360;0;0;0;0;0;0;0;0;0;0;0;0;0;0;0;0;0;0;0;0;0;0;0;0;0;0;0;1;0;0;0;0;1;0;0;0;0;0;0;0;0;0;0;0;0;0;0;3
1361;0;0;0;0;0;0;0;0;0;0;0;0;0;0;0;0;0;0;0;0;0;2;0;0;0;0;0;0;0;0;0;0;0;0;0;0;0;0;0;8;0;0;0;0;0;0;0;0
1362;0;0;0;0;0;0;0;0;0;0;2;0;0;0;0;0;0;0;0;0;0;0;0;0;0;0;0;0;1;0;0;0;1;0;0;0;9;0;0;5;0;0;0;0;0;0;0;1
1363;0;0;0;0;0;0;0;0;0;0;0;0;0;0;0;0;0;0;0;0;0;0;0;0;0;0;0;0;2;0;0;0;0;0;0;0;9;0;0;2;0;0;0;0;0;0;0;2
1364;0;0;0;0;0;0;0;0;0;0;0;2;0;3;0;0;0;0;0;0;0;0;0;0;0;0;0;0;2;0;0;0;0;0;0;0;0;0;0;8;0;0;0;0;0;0;0;0
1365;0;0;0;0;0;0;0;2;0;0;4;0;0;1;0;0;0;0;0;0;0;1;0;0;0;0;0;0;4;0;0;0;0;0;0;0;0;0;0;1;0;13;0;0;0;0;0;1
1366;0;0;0;0;0;0;0;0;0;0;0;0;0;0;0;0;0;0;0;0;0;0;0;0;0;0;0;0;0;0;0;0;2;0;0;0;2;0;0;3;0;0;0;0;0;0;0;1
1367;0;0;0;0;0;0;0;0;0;0;1;0;0;0;1;0;0;0;0;0;0;0;0;0;0;0;0;0;2;0;0;0;1;0;0;0;0;0;0;1;0;0;0;0;0;0;0;1
1368;0;0;2;0;0;3;0;0;0;0;3;3;0;0;0;0;0;0;0;0;0;0;0;0;0;0;0;0;0;0;0;0;2;0;0;0;0;1;3;0;1;0;0;0;0;0;0;0
1369;0;0;0;0;0;4;0;2;0;0;7;0;1;0;0;0;0;0;0;0;0;0;0;0;0;0;0;0;0;0;0;0;4;0;0;0;0;1;2;0;1;0;0;0;0;0;0;0
1370;0;0;0;0;0;1;0;0;0;0;2;0;1;0;0;0;0;0;0;0;0;0;0;0;1;0;0;0;0;0;0;0;5;0;0;0;2;0;1;0;0;0;0;0;0;0;0;1
1371;0;0;0;0;0;3;0;1;0;0;0;4;0;0;0;0;0;0;0;0;0;0;0;0;0;0;0;0;0;0;0;0;4;0;0;0;0;0;2;0;0;0;0;0;0;0;0;0
1372;0;0;2;0;0;5;0;0;0;3;0;7;1;0;0;0;0;0;0;0;0;0;0;0;0;0;0;0;0;0;0;0;3;0;0;0;0;0;2;0;0;0;0;0;0;0;0;0
1373;0;0;1;0;0;1;0;0;0;1;8;6;0;0;0;0;0;0;0;0;0;0;0;0;0;0;0;0;0;0;0;0;3;0;0;0;0;0;4;0;0;0;0;0;0;0;0;0
1374;0;0;2;0;0;0;0;0;0;0;0;0;0;0;0;0;0;0;0;0;0;0;0;0;0;0;0;0;0;0;2;0;4;0;0;0;0;0;3;0;1;0;0;0;0;0;0;2
1375;0;0;2;0;0;3;0;0;0;0;6;2;1;0;0;0;0;0;0;0;0;0;0;0;0;0;0;0;0;0;0;0;2;0;0;0;0;0;1;0;0;0;0;0;0;0;0;0
1376;0;0;2;0;0;3;0;0;0;0;0;4;1;0;0;0;0;0;0;0;0;0;0;0;0;0;0;0;0;0;0;0;0;0;0;0;0;0;4;0;0;0;0;0;0;0;0;0
1377;0;0;1;0;0;3;0;0;0;0;3;1;1;0;0;0;0;0;0;0;0;0;0;0;0;0;0;0;0;0;0;0;0;0;0;0;0;0;7;0;2;0;0;0;0;0;0;0
1378;0;0;2;0;0;3;0;0;0;1;2;4;0;1;0;0;0;0;0;0;0;0;0;0;0;0;0;0;0;0;0;0;0;0;0;0;0;0;3;0;1;0;0;0;0;0;0;0
1379;0;0;0;0;0;1;0;0;0;0;2;1;1;0;0;0;0;0;0;0;0;0;0;0;0;0;0;0;0;0;0;0;6;0;0;0;0;1;2;0;2;0;0;0;0;0;0;0
1380;0;0;0;0;0;1;0;0;0;0;0;3;1;0;0;0;0;0;0;0;0;0;0;0;0;0;0;0;0;0;1;0;13;0;0;0;0;0;2;0;3;0;0;0;0;0;0;2
1381;0;0;1;0;0;7;0;1;0;0;2;4;1;0;0;0;0;0;0;0;0;0;0;0;0;0;0;0;0;0;0;0;2;0;0;0;0;0;0;0;1;0;0;0;0;0;0;0
1382;0;0;0;0;0;2;0;0;0;0;0;2;2;0;0;0;0;0;0;0;0;1;0;0;0;0;0;0;0;0;0;0;3;0;0;0;0;0;5;0;0;0;0;0;0;0;0;2
1383;0;0;1;0;0;0;0;1;0;0;2;2;0;0;0;0;0;0;0;0;0;0;0;0;0;0;0;0;0;0;0;0;7;0;0;0;0;0;0;0;0;0;0;0;0;0;0;1
1384;0;0;1;0;0;3;0;2;0;0;2;1;0;0;0;0;0;0;0;0;0;2;0;0;0;0;0;0;0;0;0;0;6;0;0;0;0;0;0;0;1;0;0;0;0;0;0;0
1385;0;0;1;0;0;3;0;0;0;0;11;2;1;0;0;0;0;0;0;0;0;0;0;0;0;0;0;0;0;0;1;0;3;0;0;0;0;2;1;0;0;0;0;0;0;0;0;0
1386;2;0;0;0;0;0;0;0;0;0;0;0;0;0;0;0;0;0;0;0;0;4;0;0;0;0;0;0;0;0;0;0;0;0;0;0;3;0;0;3;0;0;0;0;0;0;0;0
1387;1;0;0;0;0;0;0;0;0;0;1;0;0;1;0;0;0;0;0;0;0;5;0;0;0;0;0;0;0;0;0;0;1;0;0;0;0;0;0;3;0;0;0;0;0;0;0;0
1388;4;0;0;0;0;0;0;0;0;0;0;0;0;1;0;0;0;0;0;0;0;0;0;0;0;0;0;0;1;0;0;0;0;0;0;0;0;0;0;6;0;0;0;0;0;1;0;0
1389;5;0;0;0;0;0;0;0;0;0;2;1;0;6;0;0;0;0;0;0;0;6;0;0;0;0;0;0;0;0;0;0;0;0;0;0;0;0;0;4;0;26;0;0;0;0;0;0
1390;0;0;0;0;0;0;0;0;0;0;0;0;0;11;0;0;0;0;0;0;0;1;0;0;0;0;0;0;0;0;0;0;0;0;0;0;0;0;0;1;0;23;0;0;0;0;0;0
1391;3;0;0;0;0;0;0;0;0;0;0;0;0;0;0;0;0;0;0;0;0;0;0;0;0;0;0;0;0;0;0;0;0;0;0;0;0;0;0;2;0;3;0;0;0;0;0;0
1392;2;0;0;0;0;0;0;0;0;0;3;0;0;0;0;0;0;0;0;0;0;0;0;0;0;0;0;0;0;0;0;0;0;0;0;0;0;0;0;2;0;0;0;0;0;0;0;0
1393;0;0;1;0;0;2;0;3;0;1;5;3;1;0;0;0;0;0;0;0;0;0;0;0;0;0;0;0;0;0;0;0;2;0;0;0;0;0;0;0;1;0;0;0;0;0;0;0
1394;0;0;1;0;0;2;0;0;0;0;0;2;1;0;0;0;0;0;0;0;0;0;0;0;0;0;0;0;0;0;0;0;1;0;0;0;0;0;0;0;0;0;0;0;0;0;0;0
1395;0;0;0;0;0;2;0;0;0;0;0;2;0;0;0;0;0;0;0;0;0;0;0;0;0;0;0;0;0;0;0;0;8;0;0;0;0;1;1;0;0;0;0;0;0;0;0;0
1396;0;0;0;0;0;6;0;1;0;0;3;3;1;0;0;0;0;0;0;0;0;0;0;0;0;0;0;0;0;0;0;0;4;0;0;0;0;1;0;0;0;0;0;0;0;0;0;0
1397;0;0;0;0;0;2;0;0;0;0;3;4;1;0;0;0;0;0;0;0;0;0;0;0;0;0;0;0;0;0;0;0;2;0;0;0;0;0;3;0;0;0;0;0;0;0;0;1
1398;0;0;1;0;0;2;0;0;0;0;4;0;0;0;0;0;0;0;0;0;0;0;0;0;0;0;0;0;0;0;2;0;4;0;0;0;0;1;2;0;0;0;0;0;0;0;0;2
1399;0;0;2;0;0;7;0;0;0;0;2;2;3;0;0;0;0;0;0;0;0;0;0;0;0;0;0;0;0;0;0;0;2;0;0;0;0;0;4;0;0;0;0;0;0;0;0;0
1400;0;0;0;0;0;2;0;1;0;0;0;0;3;0;0;0;0;0;0;0;0;0;0;0;0;0;0;0;0;0;0;0;4;0;0;0;0;0;1;0;2;0;0;0;0;0;0;0
1401;0;0;1;0;0;3;0;1;0;1;4;3;1;0;0;0;0;0;0;0;0;0;0;0;0;0;0;0;0;0;0;0;2;0;0;0;0;1;0;0;0;0;0;0;0;0;0;0
1402;0;0;0;0;0;4;0;0;0;1;3;3;0;0;0;0;0;0;0;0;0;0;0;0;0;0;0;0;0;0;2;0;1;0;0;0;0;1;0;0;0;0;0;0;0;0;0;0
1403;0;0;0;0;0;2;0;0;0;1;8;2;0;0;0;0;0;0;0;0;0;0;0;0;0;0;0;0;0;0;1;0;7;0;0;0;0;0;2;0;1;1;0;0;0;0;0;1
1404;0;0;2;0;0;2;0;0;0;0;0;8;1;0;0;0;0;0;0;0;0;0;0;0;0;0;0;0;0;0;0;0;6;0;0;0;0;1;0;0;1;0;0;0;0;0;0;0
1405;0;0;2;0;0;2;0;0;0;0;2;2;2;1;0;0;0;0;0;0;0;0;0;0;0;0;0;0;0;0;0;0;8;0;0;0;0;1;2;0;1;0;0;0;0;0;0;0
1406;0;0;1;0;0;3;0;1;0;0;0;6;2;0;0;0;0;0;0;0;0;0;0;0;0;0;0;0;0;0;0;0;5;0;0;0;0;0;0;0;0;0;0;0;0;0;0;0
1407;0;0;0;0;0;0;0;0;0;0;2;0;0;1;0;0;0;0;0;0;0;1;0;0;0;0;0;0;0;0;0;0;0;0;0;0;0;0;0;2;0;0;0;0;0;0;0;0
1408;0;0;0;0;0;0;0;0;0;0;8;0;0;0;0;0;0;0;0;0;0;0;0;0;0;0;0;0;0;0;0;0;0;0;0;0;0;0;0;4;0;0;0;0;0;0;0;1
1409;0;0;0;0;0;1;0;0;0;0;8;3;1;0;0;0;0;0;0;0;0;0;0;0;0;0;0;0;0;0;0;0;2;0;0;0;0;0;0;0;1;0;0;0;0;0;0;0
1410;0;0;0;0;0;4;0;0;0;0;0;2;0;0;0;0;0;0;0;0;0;0;0;0;0;0;0;0;0;0;0;0;6;0;0;0;0;0;1;0;0;0;0;0;0;0;0;0
1411;0;0;1;0;0;2;0;2;0;0;2;3;3;0;0;0;0;0;0;0;0;0;0;0;0;0;0;0;0;0;0;0;2;0;0;0;0;0;2;0;0;0;0;0;0;0;0;0
1412;3;0;1;0;0;0;0;0;0;0;0;0;0;0;0;0;0;0;0;0;0;2;0;0;3;0;0;0;0;0;0;0;0;0;0;0;0;0;0;5;0;17;0;0;0;0;0;0
1413;0;0;0;0;0;3;0;2;0;0;5;5;1;0;0;0;0;0;0;0;0;0;0;0;0;0;0;0;0;0;0;0;3;0;0;0;0;0;0;0;0;0;0;0;0;0;0;0
1414;0;0;0;0;0;0;0;0;0;0;7;0;0;0;0;0;0;0;0;0;0;0;0;0;0;0;0;0;0;0;0;0;1;0;0;0;0;0;0;3;0;0;0;0;0;0;0;1
1415;0;0;0;0;0;0;0;0;0;0;0;0;0;0;0;0;0;0;0;0;0;0;0;0;0;0;0;0;0;0;0;0;0;0;0;0;0;0;0;7;0;0;0;0;0;0;0;0
1416;0;0;0;0;0;0;0;0;0;0;0;0;0;0;1;0;0;0;0;0;0;2;0;0;0;0;0;0;0;0;0;0;1;0;0;0;0;0;0;4;0;0;0;0;0;0;0;0
1417;0;0;0;0;0;1;0;0;0;0;0;0;0;0;0;0;0;0;0;0;0;2;0;0;0;0;0;0;0;0;0;0;1;0;0;0;0;0;5;2;0;0;0;0;0;0;0;1
1418;0;0;0;0;0;0;0;0;0;0;0;0;0;0;0;0;0;0;0;0;0;0;0;0;0;0;0;0;0;0;0;0;2;0;0;0;0;0;2;4;0;0;0;0;0;0;0;0
1419;0;0;0;0;0;1;0;0;0;0;0;0;0;0;0;0;0;0;0;0;0;0;0;0;0;0;0;0;0;0;0;0;4;0;0;0;0;0;1;1;0;0;0;0;0;0;0;1
1420;0;0;0;0;0;0;0;0;0;0;0;0;0;0;0;0;0;0;0;0;0;0;0;0;0;0;0;0;0;0;0;0;1;0;0;0;0;0;0;2;0;0;0;0;0;0;0;0
1421;0;0;0;0;0;0;0;0;0;0;0;0;0;0;0;0;0;0;0;0;0;0;0;0;0;0;0;0;0;0;0;0;2;0;0;0;0;0;0;6;0;0;0;0;0;0;0;0
1422;0;0;0;0;0;0;0;0;0;0;0;0;0;0;0;0;0;0;0;0;0;0;0;0;0;0;0;2;0;0;0;0;0;0;0;0;0;0;0;3;0;0;0;0;0;0;0;0
1423;0;0;0;0;0;0;0;0;0;0;0;0;0;0;2;0;0;0;0;0;0;8;0;0;0;0;0;0;0;0;0;0;0;0;0;0;0;0;0;9;0;0;0;0;0;0;0;0
1424;0;0;0;0;0;0;0;0;0;0;0;0;0;0;1;0;0;0;0;0;0;0;0;0;0;0;0;2;0;0;0;0;0;0;0;0;0;0;0;7;0;0;0;0;0;0;0;1
1425;0;0;0;0;0;0;0;0;0;0;0;0;0;0;0;0;0;0;0;0;0;22;0;0;0;0;0;3;0;0;0;0;0;0;0;0;0;0;0;5;0;0;0;0;0;0;0;0
1426;0;3;3;5;0;0;0;0;0;0;0;0;1;0;0;0;0;0;0;0;0;0;0;0;0;0;0;0;0;0;0;0;0;0;0;0;0;0;10;0;1;0;0;0;4;0;0;0
1427;0;6;1;3;0;1;0;0;0;0;0;0;0;0;0;0;0;0;0;0;0;0;0;0;0;0;0;0;0;0;0;0;0;0;0;0;0;0;7;0;0;0;0;0;5;0;0;0
1428;0;0;1;0;0;2;0;0;0;0;3;2;2;0;0;0;0;0;0;0;0;0;0;0;0;0;0;0;0;0;0;0;5;0;0;0;0;0;1;0;1;0;0;0;0;0;0;2
1429;0;0;1;0;0;1;0;0;0;0;1;3;1;0;0;0;0;0;0;0;0;0;0;0;0;0;0;0;0;0;1;0;6;0;0;0;0;0;2;1;0;0;0;0;0;0;0;1
1430;0;0;1;0;0;3;0;1;0;0;1;0;0;0;0;0;0;0;0;0;0;0;0;0;0;0;0;0;0;0;0;0;11;0;0;0;0;0;0;1;0;0;0;0;0;0;0;6
1431;0;0;1;0;0;4;0;0;0;0;2;1;1;0;0;0;0;0;0;0;0;1;0;0;0;0;0;0;0;0;0;0;9;0;0;0;0;0;0;0;1;0;0;0;0;0;0;2
1432;0;1;0;0;0;5;0;0;0;0;3;1;1;0;0;0;0;0;1;0;0;1;0;0;0;0;0;0;0;0;0;0;4;0;0;0;0;0;3;0;1;0;0;0;0;0;0;0
1433;0;0;0;0;0;1;0;0;0;0;0;0;0;0;0;0;0;0;0;0;0;0;0;0;0;0;0;0;0;0;0;0;5;0;0;0;0;0;1;1;0;0;0;0;0;0;0;1
1434;0;0;1;0;0;4;0;0;0;0;2;2;2;0;0;0;0;0;1;0;0;0;0;0;0;0;0;0;0;0;0;0;6;0;0;0;0;0;1;0;2;0;0;0;0;0;0;1
1435;0;1;2;0;0;4;0;0;0;1;2;0;2;1;0;0;0;0;0;0;0;1;0;0;0;0;0;0;0;0;0;0;4;0;0;0;0;0;1;0;0;0;0;0;0;0;0;0
1436;0;0;1;0;0;5;0;0;0;0;1;0;0;0;0;0;0;0;0;0;0;0;0;0;0;0;0;0;0;0;0;0;12;0;0;0;0;0;1;0;1;0;0;0;0;0;0;1
1437;0;0;0;0;0;1;0;0;0;0;1;0;1;0;0;0;0;0;0;0;0;2;0;0;0;0;0;0;0;0;0;0;11;0;0;0;0;0;1;0;2;0;0;0;0;0;0;1
1438;0;0;0;0;0;1;0;0;0;0;1;0;0;6;0;0;0;0;0;0;0;0;0;0;3;0;0;0;0;0;0;0;3;0;0;0;0;0;0;2;0;0;0;0;0;0;0;0
1439;0;0;3;0;0;4;0;0;0;0;5;0;0;0;0;0;0;0;0;0;0;1;0;0;0;0;0;0;0;0;0;0;14;0;0;0;0;0;5;0;1;5;0;0;0;0;0;1
1440;0;0;0;0;0;2;0;0;0;0;3;2;0;0;0;0;0;0;0;0;0;0;0;0;0;0;0;0;0;0;0;0;2;0;0;0;0;0;0;0;0;1;0;1;0;0;0;2
1441;0;0;2;0;0;2;0;2;0;0;2;2;0;0;0;0;0;0;0;0;0;0;0;0;0;0;0;0;0;0;0;0;9;0;0;0;0;0;0;0;1;0;0;0;0;0;0;1
1442;0;0;0;0;0;4;0;1;0;0;0;1;1;0;0;2;0;0;0;0;0;1;0;0;0;0;0;0;0;0;0;0;5;0;0;0;0;0;1;0;1;0;0;0;0;0;0;0
1443;0;0;1;0;0;0;0;4;0;0;1;3;0;0;0;0;0;0;0;0;0;0;0;0;1;0;0;0;0;0;0;0;4;0;0;0;0;0;0;1;3;0;0;0;0;0;0;1
1444;0;0;0;0;0;2;0;0;0;0;8;0;0;0;0;0;0;0;0;0;0;0;0;0;0;0;0;0;0;0;0;0;0;0;0;0;0;0;0;3;0;0;0;0;0;0;0;3
1445;0;1;1;0;0;1;0;0;0;1;0;1;1;0;0;0;0;0;0;0;0;0;0;0;0;0;0;0;0;0;0;0;7;0;0;0;0;0;5;0;0;0;0;0;0;0;0;1
1446;0;0;1;0;0;0;0;1;0;0;7;0;0;0;1;0;0;0;0;0;0;0;0;0;0;0;0;0;0;0;5;0;4;0;0;0;0;0;3;0;0;0;0;0;0;0;0;2
1447;0;0;2;0;0;2;0;0;0;1;7;0;1;0;0;0;0;0;0;0;0;0;0;0;0;0;0;0;0;0;1;0;8;0;0;0;0;0;4;0;1;0;0;0;0;0;0;2
1448;0;1;3;0;0;2;0;0;0;1;10;3;1;0;0;0;0;0;0;0;0;1;0;0;0;0;0;0;0;0;0;0;6;0;0;0;0;0;3;0;0;0;0;0;0;0;0;0
1449;0;0;3;0;0;4;0;1;0;0;2;2;1;0;0;0;0;0;0;0;0;0;0;0;0;0;0;0;0;0;0;0;2;0;0;0;0;0;2;0;3;0;0;0;0;0;0;0
1450;0;0;0;0;0;0;0;0;0;0;0;0;0;0;1;0;0;0;0;0;0;1;0;0;0;0;0;0;0;0;0;0;0;0;0;0;0;0;0;0;0;3;0;0;0;0;0;1
1451;0;0;3;0;0;1;0;0;0;1;5;1;1;0;0;0;0;0;0;0;0;0;0;0;0;0;0;0;0;0;1;0;4;0;0;0;0;0;6;0;1;0;0;0;0;0;0;0
1452;0;0;2;0;0;2;0;0;0;2;3;1;1;0;0;2;0;0;0;0;0;3;0;0;0;0;0;0;0;0;0;0;1;0;0;0;0;0;0;0;0;0;0;0;0;0;0;0
1453;0;0;2;0;0;1;0;0;0;0;2;0;0;0;1;0;0;0;0;0;0;0;0;0;0;0;0;0;0;0;0;0;3;0;0;0;0;0;4;0;0;0;0;0;0;0;0;1
1454;0;0;0;0;0;0;0;0;0;0;2;0;0;0;1;0;0;0;0;0;0;1;0;0;0;0;0;0;0;0;0;0;1;0;0;0;0;0;0;2;0;0;0;0;0;0;0;1
1455;0;0;0;0;0;0;0;0;0;0;2;2;0;0;1;0;0;0;0;0;0;0;0;0;0;0;0;0;0;0;0;0;0;0;0;0;0;0;0;2;0;0;0;0;0;0;0;2
1456;0;1;1;0;0;0;0;0;0;1;9;3;2;0;0;0;0;0;0;0;0;2;0;0;0;0;0;0;0;0;0;0;7;0;0;0;0;0;0;0;2;0;0;0;0;0;0;0
1457;0;0;0;0;0;0;0;0;0;0;0;0;0;0;0;0;0;0;0;0;0;0;0;0;0;0;0;0;0;0;0;0;1;0;0;0;0;0;0;2;2;1;0;0;0;0;0;3
1458;0;0;1;0;0;1;0;1;0;0;4;0;0;1;0;0;0;0;0;0;0;5;0;0;0;0;0;0;0;0;0;0;3;0;0;0;0;2;3;0;3;0;0;0;0;2;0;0
1459;0;0;0;0;0;0;0;0;0;0;11;0;0;0;0;0;0;0;0;0;0;0;0;0;0;0;0;0;1;0;0;0;1;0;0;0;1;0;0;3;0;0;0;0;0;0;0;2
1460;0;0;0;0;0;0;0;0;0;0;2;2;0;0;1;0;0;0;0;0;0;0;0;0;0;0;0;0;0;0;0;0;2;0;0;0;0;0;0;0;0;0;0;0;0;0;0;2
1461;0;0;4;0;0;0;0;1;0;0;0;4;0;0;0;0;0;0;0;0;0;0;0;0;0;0;0;0;3;0;0;0;4;0;0;0;0;0;4;0;1;0;0;0;0;0;0;0
1462;0;2;1;0;0;1;0;1;0;0;5;0;0;0;1;0;0;0;0;0;0;1;0;0;0;0;0;0;0;0;0;0;5;0;0;0;0;0;4;0;2;0;0;0;0;0;0;0
1463;0;2;2;0;0;3;0;2;0;0;6;1;2;1;0;0;0;0;0;0;0;0;0;0;0;0;0;0;0;0;1;0;6;0;0;0;0;0;1;0;1;0;0;0;0;0;0;1
1464;0;0;1;0;0;1;0;1;0;0;4;4;2;0;0;0;0;0;0;0;0;0;0;0;0;0;0;0;0;0;0;0;7;0;0;0;0;0;0;0;1;0;0;0;0;0;0;2
1465;0;1;1;0;0;5;0;0;0;0;0;2;2;0;0;0;0;0;0;0;0;0;0;0;0;0;0;0;0;0;3;0;4;0;0;0;0;0;5;0;2;0;0;0;0;0;0;0
1466;0;0;1;0;0;0;0;2;0;0;0;0;1;0;1;0;0;0;0;0;0;0;0;0;0;0;0;0;0;0;1;0;11;0;0;3;0;0;5;0;0;0;0;0;0;0;0;1
1467;0;0;0;0;0;0;0;0;0;0;19;0;0;0;0;0;0;0;0;0;0;0;0;0;0;0;0;0;0;0;0;0;3;0;0;0;0;0;0;5;0;0;0;0;0;0;0;3
1468;0;0;1;0;0;5;0;1;0;0;0;5;1;1;0;2;0;0;0;0;0;0;0;0;0;0;0;0;0;0;0;0;8;0;0;0;0;0;0;0;0;0;0;0;0;0;0;1
1469;0;0;1;0;0;7;0;0;0;0;3;0;3;0;0;0;0;0;0;0;0;0;0;0;0;0;0;0;0;0;0;0;3;0;0;0;0;0;0;0;0;1;0;0;0;0;0;0
1470;0;0;1;0;0;2;0;2;0;0;2;3;0;0;0;1;0;0;0;0;0;0;0;0;0;0;0;0;0;0;0;0;6;0;0;2;0;0;0;0;1;7;0;0;0;0;0;0
1471;0;0;0;0;0;1;0;1;0;0;4;0;1;0;0;3;0;0;0;0;0;0;0;0;0;0;0;0;0;0;0;0;3;0;0;0;0;0;0;0;2;0;0;0;0;0;0;1
1472;0;0;0;0;0;4;0;0;0;0;0;0;0;0;2;0;0;0;0;0;0;0;0;0;0;0;0;0;0;0;0;0;8;0;0;0;0;0;0;1;1;0;0;0;0;0;0;2
1473;0;0;0;0;0;0;0;0;0;0;0;0;0;0;0;0;0;0;0;0;0;0;0;0;0;0;0;0;0;0;0;0;6;0;0;0;0;0;0;1;0;0;0;0;0;0;0;2
1474;0;0;0;0;0;0;0;0;0;0;0;0;0;0;0;0;0;0;0;0;0;0;0;0;2;0;0;0;0;0;0;0;1;0;0;0;0;0;0;3;0;0;0;0;0;0;0;0
1475;0;0;0;0;0;0;0;0;0;0;0;0;0;0;1;0;0;0;0;0;0;0;0;0;0;0;0;0;0;0;0;0;10;0;0;0;0;0;0;1;0;0;0;0;0;0;0;0
1476;0;0;2;0;0;3;0;1;0;0;0;0;0;0;0;0;0;0;0;0;0;0;0;0;0;0;0;0;0;0;0;0;4;0;0;0;0;0;10;0;1;0;0;0;0;0;0;0
1477;0;0;0;0;0;0;0;0;0;0;0;0;0;0;0;0;0;0;0;0;0;0;0;0;0;0;0;0;0;0;0;0;8;0;0;0;0;0;0;0;0;0;0;0;0;0;0;0
1478;0;0;3;0;0;4;0;0;0;0;0;0;3;0;0;0;0;0;1;0;0;0;0;0;0;0;0;0;0;0;0;0;2;3;0;0;0;0;4;0;1;0;0;0;0;0;0;2
1479;0;2;1;4;0;5;0;0;0;0;0;0;1;0;0;0;0;1;0;0;0;0;0;0;0;0;0;0;0;0;0;0;0;0;0;0;0;0;4;0;1;0;0;0;0;0;0;0
1480;0;0;0;0;0;0;0;0;0;0;0;0;0;0;0;0;0;0;0;0;0;1;0;0;0;0;0;0;0;0;0;0;3;0;0;0;0;0;0;0;0;0;0;0;0;0;0;1
1481;0;0;1;0;0;1;0;0;0;0;0;0;0;0;0;0;0;0;0;0;0;0;0;0;0;0;0;0;0;0;0;0;2;0;0;0;0;0;2;2;0;0;0;0;0;0;0;1
1482;0;0;0;0;0;0;0;0;0;0;0;0;0;0;0;0;0;0;0;0;0;0;0;0;0;0;0;0;0;0;0;0;3;0;0;0;0;0;0;4;2;0;0;0;0;0;0;2
1483;0;1;3;0;0;3;0;0;0;0;0;0;1;0;0;0;0;0;0;0;0;0;0;0;0;0;0;0;0;0;0;0;1;0;0;0;0;0;0;0;0;0;0;0;0;0;0;0
1484;0;1;0;0;0;4;0;0;0;0;0;0;2;0;0;0;0;0;0;0;0;0;0;0;0;0;0;0;0;0;0;0;2;1;0;0;0;0;0;0;0;0;0;0;0;0;0;0
1485;0;1;1;0;0;5;0;0;0;0;0;0;1;0;0;0;0;0;0;0;0;0;0;0;0;0;0;0;0;0;0;0;1;0;0;0;0;0;0;0;0;0;0;0;0;0;0;0
1486;0;2;1;0;0;2;0;0;0;0;0;0;0;0;0;0;0;0;0;0;0;0;0;0;0;0;0;0;0;0;0;0;0;2;0;0;0;0;4;0;0;0;0;0;0;0;0;0
1487;0;1;0;0;0;3;0;0;0;0;0;0;3;0;0;0;0;0;0;0;0;0;0;0;0;0;0;0;0;0;0;0;1;1;0;0;0;0;2;0;0;0;0;0;0;0;0;0
1488;0;0;0;0;0;2;0;0;0;0;0;0;0;0;0;0;0;0;0;0;0;0;0;0;0;0;0;1;0;0;0;0;3;0;0;0;0;0;0;1;0;0;0;0;0;0;0;0
1489;0;1;1;0;0;5;0;0;0;0;0;0;1;0;0;0;0;0;0;0;0;0;0;0;0;0;0;0;0;0;0;0;0;0;0;0;0;0;0;0;0;0;0;0;0;0;0;0
1490;0;0;0;2;0;3;0;0;0;0;0;0;2;0;0;0;0;0;0;0;0;0;0;0;0;0;0;0;0;0;0;0;1;0;0;0;0;0;0;0;1;0;0;0;0;0;0;0
1491;0;0;1;2;0;3;0;1;0;0;0;0;0;0;0;0;0;0;0;0;0;0;0;0;0;0;0;0;0;0;0;0;4;3;0;0;0;0;3;0;0;0;0;0;0;0;0;0
1492;0;1;1;0;0;4;0;0;0;0;0;0;0;0;0;0;0;0;0;0;0;0;0;0;0;0;0;0;0;0;0;0;0;0;0;0;0;0;3;0;0;0;0;0;0;0;0;0
1493;0;1;1;0;0;2;0;0;0;0;0;0;1;0;0;0;0;0;0;0;0;0;0;0;0;0;0;0;0;0;0;0;0;2;0;0;0;0;0;0;0;0;0;0;0;0;0;0
1494;0;1;1;0;0;2;0;0;0;0;0;0;1;0;0;0;0;0;0;0;0;0;0;0;0;0;0;0;0;0;0;0;0;3;0;0;0;1;3;0;0;0;0;0;2;0;0;0
1495;0;1;1;0;0;4;0;0;0;0;0;0;0;0;0;0;0;0;0;0;0;0;0;0;0;0;0;0;0;0;0;0;0;3;0;0;0;0;0;0;0;0;0;0;0;0;0;0
1496;0;0;2;1;0;3;0;0;0;0;0;0;0;0;0;0;0;0;0;0;0;0;0;0;0;0;0;0;0;0;0;0;0;0;0;0;0;0;3;0;1;0;0;0;0;0;0;0
1497;0;3;1;0;0;3;0;0;0;0;0;0;0;0;0;0;0;0;0;0;0;0;0;0;0;0;0;0;0;0;0;0;2;4;0;0;0;0;2;0;0;0;0;0;0;0;0;0
1498;0;0;1;0;0;3;0;1;0;0;0;0;0;0;0;0;0;0;0;0;0;0;0;0;0;0;0;0;0;0;0;0;4;0;0;0;0;0;1;0;1;0;0;0;0;0;0;0
1499;0;0;1;0;0;1;0;0;0;0;2;1;0;0;0;0;0;0;0;0;0;1;0;0;0;0;0;0;0;0;0;0;2;0;0;0;0;0;0;2;1;0;0;0;0;0;0;3
1500;0;0;1;0;0;3;0;1;0;0;1;1;0;0;0;0;0;0;0;0;0;0;0;0;0;0;0;0;0;0;0;0;4;0;0;0;0;0;0;1;3;0;0;1;0;0;1;1
1501;0;0;1;0;0;0;0;0;0;0;0;1;0;0;0;0;0;0;0;0;0;0;0;0;0;0;0;0;2;0;0;0;0;0;0;0;0;0;0;4;0;0;0;0;0;0;0;0
1502;0;1;2;0;0;4;0;0;0;1;0;0;4;0;0;0;0;0;0;0;1;0;0;0;0;0;0;0;0;0;0;0;3;1;0;0;0;0;1;0;0;0;0;0;0;0;0;0
1503;0;2;0;1;0;3;0;1;0;0;0;2;2;0;0;0;0;0;0;0;0;0;0;0;0;0;0;0;0;0;0;0;1;0;0;0;0;0;0;0;1;0;0;0;0;0;0;0
1504;0;1;2;0;0;4;0;0;0;1;0;5;1;0;0;0;0;0;0;0;0;0;0;0;0;0;0;0;0;0;0;0;0;4;0;0;0;0;0;0;1;0;0;0;1;0;1;0
1505;0;2;1;0;0;3;0;1;0;0;0;0;2;0;0;0;0;0;0;0;0;0;0;0;0;0;0;0;0;0;1;0;0;2;0;0;0;0;1;0;1;0;0;0;0;0;0;0
1506;0;2;1;0;0;5;0;0;0;1;0;2;0;0;0;0;0;0;0;0;0;0;0;0;0;0;0;0;0;0;0;0;2;2;0;0;0;0;0;0;1;0;0;0;0;0;0;0
1507;0;2;1;1;0;3;0;0;0;0;0;0;2;0;0;0;0;0;0;0;0;0;0;0;0;0;0;0;0;0;0;0;3;0;0;0;0;0;1;0;0;0;0;0;0;0;0;0
1508;0;2;0;0;0;0;0;0;0;0;0;0;1;0;0;0;0;0;0;0;0;0;0;0;0;0;0;0;0;0;0;0;6;2;1;0;0;0;1;0;0;0;0;0;2;0;0;0
1509;0;0;0;0;0;0;0;0;0;1;0;0;1;0;0;0;0;0;0;0;0;0;0;0;0;0;0;0;0;0;0;0;1;1;1;0;0;0;2;0;0;0;0;0;0;0;0;0
1510;0;1;0;0;0;0;0;0;0;0;0;1;1;0;0;0;0;1;0;0;0;0;0;0;0;0;0;0;0;0;0;0;2;1;0;0;0;0;0;0;0;0;0;0;0;0;0;0
1511;0;0;0;2;0;1;0;0;0;0;0;0;1;0;0;0;0;0;0;0;0;0;0;0;0;0;0;0;0;0;0;0;1;0;0;0;0;0;0;0;0;0;0;0;1;0;0;0
1512;0;1;0;0;0;4;0;0;0;3;4;2;5;0;0;0;0;0;0;0;0;0;0;0;0;0;0;0;0;0;0;0;2;0;0;0;0;0;6;0;0;0;0;0;0;0;0;0
1513;0;0;1;0;0;5;0;1;0;3;7;1;1;0;0;0;0;0;0;0;0;0;0;0;0;0;0;0;0;0;0;0;1;0;0;0;0;0;4;0;1;0;0;0;0;0;0;0
1514;0;0;2;0;0;12;0;0;0;0;8;5;0;0;0;0;0;0;0;0;0;2;0;0;0;0;0;0;0;0;0;0;9;0;0;0;0;0;0;0;0;0;0;0;0;2;0;0
