"";"Nom";"Annee";"Abroutissement";"Densite_lin";"Frequentation";"Altitude";"Pente";"Tirs";"X";"Y";"fabr";"lfrequentation";"resid.gam";"resid.gam.spat"
"4";"HAUTES BAUGES";2017;0;11,0769128799438;16161;858,840270996094;8,07840061187744;1;948280,670071396;6509674,99960824;"0";9,69041808679339;-1,28257113102725;-1,22390324651022
"5";"HAUTES BAUGES";2017;0;5,42837047576904;101;1089,64465332031;26,2792987823486;2;947069,418384437;6508014,91491254;"0";4,62497281328427;-1,05441708851434;-1,16556566051829
"8";"HAUTES BAUGES";2017;1;9,22071266174316;9791;1206,4365234375;12,8624172210693;1;952928,373005436;6511158,58563777;"1";9,18932100475211;0,897376497930313;0,893363825013958
"15";"HAUTES BAUGES";2017;0;5,42837047576904;101;1089,64465332031;26,2792987823486;2;947054,716663772;6508163,91007551;"0";4,62497281328427;-1,05441708851434;-1,1540101001939
"21";"HAUTES BAUGES";2017;0;4,247802734375;38;1095,5439453125;22,193359375;0;950943,527975812;6510394,38888712;"0";3,66356164612965;-1,09801726506797;-1,5072510927412
"26";"HAUTES BAUGES";2017;0;4,247802734375;38;1095,5439453125;22,193359375;0;951070,036379796;6510466,23382983;"0";3,66356164612965;-1,09801726506797;-1,51505768120518
"32";"HAUTES BAUGES";2017;0;5,16502666473389;1042;1011,68389892578;14,7505464553833;0;948308,201402021;6512637,15133858;"0";6,94985645500077;-1,06454999456708;-1,01723112489099
"34";"HAUTES BAUGES";2017;0;12,6274766921997;12925;1084,88916015625;21,8647499084473;2;949599,546017065;6508984,23036941;"0";9,46699606582284;-1,02883225372371;-1,22926495381561
"45";"HAUTES BAUGES";2017;0;10,8697175979614;2317;1002,83947753906;16,5494346618652;0;949383,588912861;6509430,69952565;"0";7,7484600238997;-1,2695215520088;-1,3594811292706
"51";"HAUTES BAUGES";2017;0;6,61837816238403;3872;996,706848144531;15,0177440643311;0;950307,523920287;6509981,24149304;"0";8,26178467951475;-1,1149831113701;-1,34196267967315
"60";"HAUTES BAUGES";2017;1;9,87056255340576;6462;1360,04699707031;25,4432601928711;1;950165,995123836;6509094,24560781;"1";8,7738488852629;0,903643971604079;1,11144017174194
"86";"HAUTES BAUGES";2017;0;10,0251512527466;3699;881,320129394531;11,6062479019165;0;948569,936434654;6509619,55291291;"0";8,21608809863232;-1,31898368316806;-1,29973161904994
"95";"HAUTES BAUGES";2017;0;7,05033874511719;7380;998,349792480469;20,0973834991455;1;949854,491762726;6509815,29698962;"0";8,90666440977005;-1,00140593420812;-1,19763036590805
"98";"HAUTES BAUGES";2017;0;4,29316663742065;17740;1222,51477050781;12,9585132598877;0;948618,451415545;6508177,40787103;"0";9,78363362406065;-1,16166977507649;-1,188316415944
"105";"HAUTES BAUGES";2017;0;3,43664646148682;9019;1351,28637695312;22,1925430297852;0;952256,645754632;6511816,80302697;"0";9,10719961305667;-1,12365126791038;-1,20497069689982
"109";"HAUTES BAUGES";2017;1;10,252911567688;5285;809,828125;5,89496946334839;0;947983,454110486;6509967,3058336;"1";8,57281709516423;0,950220938248145;1,07771712521158
"115";"HAUTES BAUGES";2017;0;5,12442588806152;962;1088,81799316406;21,8352642059326;0;943978,934245867;6505207,05510013;"0";6,87005341179813;-1,01746785029908;-1,02761914507234
"129";"HAUTES BAUGES";2017;0;7,99813365936279;0;941,192504882812;27,7508068084717;2;944419,987353631;6506765,87156621;"0";0;-1,33431620817333;-1,27723530362871
"130";"HAUTES BAUGES";2017;1;2,84939336776733;11365;1037,67578125;7,64127445220947;0;951307,713928481;6510221,39873911;"1";9,33838172185707;1,15533538069048;0,968108167560259
"133";"HAUTES BAUGES";2017;1;6,57486772537231;3081;830,079406738281;19,9777889251709;0;944981,291156452;6507554,33332486;"1";8,03333401588006;1,48797505139973;1,39926685543994
"139";"HAUTES BAUGES";2017;1;6,68483734130859;2111;1078,4404296875;25,9743347167969;0;949526,48661923;6510012,95274932;"1";7,65539064482615;1,23437944871382;1,17284586486856
"154";"HAUTES BAUGES";2017;1;14,1288137435913;4055;826,951477050781;7,56194305419922;3;947333,729901218;6510512,43009863;"1";8,30795254527102;1,2865958621451;1,20771743552265
"155";"HAUTES BAUGES";2017;1;6,44338321685791;8841;1159,78833007812;24,3776187896729;0;948626,615649175;6508660,91028948;"1";9,08726837438619;1,25097935828533;1,24241378046116
"163";"HAUTES BAUGES";2017;1;1,6944055557251;100;1161,5478515625;22,2462882995606;0;947716,825954993;6512881,03859328;"1";4,61512051684126;1,16818719322307;1,4439384396027
"165";"HAUTES BAUGES";2017;0;7,85277700424194;1744;850,540771484375;24,8116912841797;1;946018,160125195;6510543,75076886;"0";7,46450983463653;-0,99458519140346;-0,860498339919182
"216";"HAUTES BAUGES";2017;0;6,66600322723389;2837;1362,73229980469;19,469367980957;0;953413,815483875;6511607,00056507;"0";7,95085485771999;-1,35749117812011;-1,47140001547029
"222";"HAUTES BAUGES";2017;0;12,1534004211426;7845;813,132446289063;3,84269642829895;1;947310,666152152;6510270,84212266;"0";8,9677591267695;-1,33223216437404;-1,19801011813841
"228";"HAUTES BAUGES";2017;1;4,52895498275757;17;1564,07958984375;13,5993394851685;6;952485,577078552;6513338,48756167;"1";2,89037175789616;0,926607799010988;0,985542958283254
"259";"HAUTES BAUGES";2017;1;5,6008358001709;12276;987,717163085938;3,55025219917297;0;950687,488134903;6510131,82992257;"1";9,41548287218084;1,03198465706603;0,935878282672173
"260";"HAUTES BAUGES";2017;1;10,7961015701294;6723;926,686096191406;9,09908580780029;0;949676,481032532;6509679,95238284;"1";8,81343849452851;0,971252524078967;0,957805733536623
"274";"HAUTES BAUGES";2017;0;5,41479110717773;984;880,548461914062;24,9071350097656;4;945507,462691425;6509251,29603735;"0";6,89264164117209;-0,747933751020214;-0,821127174127188
"293";"HAUTES BAUGES";2017;1;5,4149956703186;35;1131,734375;25,7166156768799;2;947535,47088706;6508648,33487226;"1";3,58351893845611;1,23727769159084;1,13356303188309
"299";"HAUTES BAUGES";2017;0;12,1534004211426;7845;813,132446289063;3,84269642829895;1;947406,316105155;6510240,0441488;"0";8,9677591267695;-1,33223216437404;-1,20949465990633
"327";"HAUTES BAUGES";2017;0;6,44338321685791;8841;1159,78833007812;24,3776187896729;0;948642,643317227;6508781,66535748;"0";9,08726837438619;-1,10557574178144;-1,10721634828355
"345";"HAUTES BAUGES";2017;0;4,29827690124512;16304;1188,37915039062;18,722728729248;0;948513,594867184;6508299,20490559;"0";9,69922708822342;-0,999412685360643;-1,11274241665804
"367";"HAUTES BAUGES";2017;0;6,67877578735352;316;1024,39978027344;22,9153652191162;1;946874,080270448;6507723,85719897;"0";5,75890177387728;-1,08370633296336;-1,18307485520494
"401";"HAUTES BAUGES";2017;0;4,29827690124512;16304;1188,37915039062;18,722728729248;0;948633,436802929;6508524,97151515;"0";9,69922708822342;-0,999412685360643;-1,10901102181187
"412";"HAUTES BAUGES";2017;0;7,35572576522827;572;937,488647460938;16,2850131988525;1;947537,842295441;6512401,00521005;"0";6,35088571671474;-1,12780818050412;-0,986792975761303
"415";"HAUTES BAUGES";2017;0;3,88986134529114;10343;1085,92883300781;6,44323968887329;0;952002,170368291;6510229,39860374;"0";9,24416192045169;-1,26429595515773;-1,50417556091938
"416";"HAUTES BAUGES";2017;0;3,30158972740173;0;938,933227539062;26,5120162963867;16;945099,157346492;6513811,79984091;"0";0;-0,586961097431652;-0,568728230850022
"420";"HAUTES BAUGES";2017;1;8,31174278259277;5181;1048,33325195312;23,245626449585;0;948707,313195145;6510256,80543657;"1";8,55294636112206;1,16856672606204;1,27034642218215
"426";"HAUTES BAUGES";2017;1;10,3180513381958;14201;1121,01098632812;8,99008274078369;0;952593,605694932;6510687,88991281;"1";9,56113807874204;0,831350805231092;0,827322283743404
"438";"HAUTES BAUGES";2017;0;13,0088558197021;20;925,824829101563;20,0803489685059;0;947694,627619557;6509494,21500945;"0";3,04452243772342;-1,18516619577786;-1,44177428057753
"440";"HAUTES BAUGES";2017;1;7,56345987319946;133;1150,22729492188;32,2748222351074;1;950563,916185479;6509473,47719501;"1";4,89783979995091;0,951834010813968;0,963803926844958
"456";"HAUTES BAUGES";2017;1;6,89375972747803;114;1171,9677734375;27,307933807373;1;949957,229772237;6510143,12127174;"1";4,74493212836325;1,05890707604401;1,03358438573393
"463";"HAUTES BAUGES";2017;1;11,8931083679199;481;1010,57385253906;16,6735019683838;1;945031,31537973;6504199,8714792;"1";6,1779441140506;1,12547019545702;1,00187690815286
"479";"HAUTES BAUGES";2017;0;5,16259431838989;9074;1219,36291503906;19,4320888519287;0;948917,973739631;6510354,90138856;"0";9,11327865913305;-1,06793437733504;-1,04649713511632
"481";"HAUTES BAUGES";2017;1;6,70030164718628;25;968,448120117188;28,337911605835;1;945779,85530017;6509904,37022232;"1";3,25809653802148;1,18361667052985;1,33437723167337
"484";"HAUTES BAUGES";2017;1;7,85277700424194;1744;850,540771484375;24,8116912841797;1;945899,584058055;6510464,84313972;"1";7,46450983463653;1,37195770561595;1,53817774541643
"486";"HAUTES BAUGES";2017;1;7,60453081130981;31;853,499206542969;12,7637348175049;0;944343,541123887;6505198,91789204;"1";3,46573590279973;1,03845014025415;0,971446297309094
"488";"HAUTES BAUGES";2017;1;4,54350900650024;5637;1383,08630371094;5,82124900817871;1;952689,216649953;6512390,56436383;"1";8,63728467167406;0,851051657956915;0,95996354852143
"490";"HAUTES BAUGES";2017;1;8,11221408843994;9447;1172,89916992188;19,359712600708;0;952238,884761987;6510799,8525951;"1";9,1535583578772;1,07938878396124;0,982771178777435
"502";"HAUTES BAUGES";2017;1;7,55237102508545;1380;877,805847167969;24,2512817382812;0;944774,472967644;6507322,32219192;"1";7,23056315340929;1,32686080765343;1,38865163299353
"522";"HAUTES BAUGES";2017;1;6,44338321685791;8841;1159,78833007812;24,3776187896729;0;948509,081614437;6508702,88724139;"1";9,08726837438619;1,25097935828533;1,25699626369307
"524";"HAUTES BAUGES";2017;0;9,29760551452637;3246;766,581970214844;16,0960578918457;2;945275,345548025;6512924,06108548;"0";8,08548677210285;-1,01049797447954;-0,715069693434586
"527";"HAUTES BAUGES";2017;0;2,81609725952148;50;982,004821777344;22,6126613616943;1;944810,025900894;6511911,96543692;"0";3,93182563272433;-0,972113610320326;-0,784166026380446
"529";"HAUTES BAUGES";2017;0;4,79836940765381;335;854,139038085938;22,5934448242187;1;944220,483228087;6512484,54582155;"0";5,8171111599632;-0,821460090642752;-0,668468493009167
"547";"HAUTES BAUGES";2017;1;2,37654042243958;20;1446,87634277344;13,6093006134033;7;953379,318231662;6513052,02582599;"1";3,04452243772342;1,03878426645606;0,937366323410958
"564";"HAUTES BAUGES";2017;1;3,88986134529114;10343;1085,92883300781;6,44323968887329;0;951846,267761075;6510224,74815914;"1";9,24416192045169;1,09293443767149;0,895446287416891
"567";"HAUTES BAUGES";2017;0;7,3525505065918;7444;696,968566894531;9,43842506408691;2;944138,111011302;6513128,68935871;"0";8,91529794511811;-1,00229370120671;-0,638445237954854
"569";"HAUTES BAUGES";2017;0;5,37152814865112;353;1050,36938476562;20,0503005981445;0;943894,514527599;6505381,62851544;"0";5,86929691313377;-1,04478022825849;-1,08058963573515
"571";"HAUTES BAUGES";2017;0;6,83412075042725;161;944,90087890625;17,3827037811279;0;944049,985177386;6505568,12258849;"0";5,08759633523238;-1,14562935379004;-1,1802074394487
"574";"HAUTES BAUGES";2017;0;11,0698585510254;4355;1366,92346191406;31,4983234405518;0;952714,790788907;6510374,12073317;"0";8,37930948405285;-1,59266852783733;-1,43334837139139
"583";"HAUTES BAUGES";2017;1;2,27199983596802;161;1214,45751953125;23,9719715118408;0;947939,79429617;6512784,20025871;"1";5,08759633523238;1,16588781878213;1,45182321488174
"593";"HAUTES BAUGES";2017;1;10,360447883606;3224;913,197021484375;20,7983379364014;1;948442,66122265;6510154,17926379;"1";8,07868822922987;1,26354276136387;1,22607549944655
"600";"HAUTES BAUGES";2017;1;8,31174278259277;5181;1048,33325195312;23,245626449585;0;948538,965714598;6510083,41082568;"1";8,55294636112206;1,16856672606204;1,27493593614378
"607";"HAUTES BAUGES";2017;0;7,53549337387085;27;1172,99072265625;17,9788722991943;1;947826,493423856;6509028,48854826;"0";3,3322045101752;-1,42442405191464;-1,36135435079502
"611";"HAUTES BAUGES";2017;1;3,43664646148682;9019;1351,28637695312;22,1925430297852;0;952271,200466798;6511650,8236463;"1";9,10719961305667;1,23213434746036;1,13747146446941
"619";"HAUTES BAUGES";2017;0;7,05033874511719;7380;998,349792480469;20,0973834991455;1;949850,865956872;6509974,1880767;"0";8,90666440977005;-1,00140593420812;-1,18635079867496
"648";"HAUTES BAUGES";2017;0;12,0625600814819;24455;911,131225585938;3,74855923652649;1;949201,917980494;6509334,35204642;"0";10,1046308635707;-1,38702943256437;-1,38192236787201
"660";"HAUTES BAUGES";2017;1;4,07089900970459;10583;1008,83837890625;6,97481441497803;1;951038,437075247;6510277,67282907;"1";9,26709870579479;1,21408004418231;0,990047401439942
"663";"HAUTES BAUGES";2017;1;5,08478927612305;402;1371,76281738281;10,3604421615601;0;953181,401372015;6512230,45735933;"1";5,99893656194668;0,84367426646574;0,809223944259111
"669";"HAUTES BAUGES";2017;0;6,48564624786377;315;1038,85559082031;24,36594581604;3;947191,430350914;6508260,64525403;"0";5,75574221358691;-1,00650289658709;-1,1104856141342
"679";"HAUTES BAUGES";2017;1;4,53588628768921;20;1366,47631835938;25,6662750244141;0;948497,644919488;6507955,64610046;"1";3,04452243772342;0,98763746770255;0,957542618144441
"681";"HAUTES BAUGES";2017;1;4,53588628768921;20;1366,47631835938;25,6662750244141;0;948493,829492725;6508092,55802442;"1";3,04452243772342;0,98763746770255;0,966375181996254
"685";"HAUTES BAUGES";2017;0;4,26640605926514;15;1350,19738769531;24,4630508422852;0;948477,956458715;6508453,37616938;"0";2,77258872223978;-1,35822251890254;-1,39874139345031
"687";"HAUTES BAUGES";2017;1;11,0178308486938;3944;1236,23596191406;24,6648292541504;0;952765,114581368;6510880,24007165;"1";8,28020423327997;0,982805988848294;0,910845087749911
"688";"HAUTES BAUGES";2017;0;5,83307981491089;5695;1358,27160644531;14,1710348129272;1;953338,862245658;6511952,34325007;"0";8,64751945309181;-1,32749402038582;-1,42261930183736
"696";"HAUTES BAUGES";2017;0;11,0178308486938;3944;1236,23596191406;24,6648292541504;0;952861,289366164;6510678,58781756;"0";8,28020423327997;-1,38536022563187;-1,49430504171776
"701";"HAUTES BAUGES";2017;1;9,44789123535156;2791;936,078552246094;20,9074268341064;2;948467,302245006;6509187,81947795;"1";7,93451346388226;1,27410385680124;1,19176499658029
"705";"HAUTES BAUGES";2017;1;4,47196960449219;197;1253,65051269531;33,6530265808105;2;950725,089652166;6509625,95183284;"1";5,28826703069454;1,1208376989943;1,06048797755382
"714";"HAUTES BAUGES";2017;1;8,16058158874512;172;1360,63940429688;16,9687252044678;9;952991,21868536;6511378,84908515;"1";5,15329159449778;1,09577041649963;0,968000026545078
"722";"HAUTES BAUGES";2017;1;9,8097505569458;192;930,688903808594;17,0004501342773;0;946050,518612264;6506762,81099092;"1";5,26269018890489;1,04697269211608;1,02811428134584
"724";"HAUTES BAUGES";2017;0;8,78401756286621;263;992,708068847656;23,1984939575195;0;945606,997047912;6506309,03804151;"0";5,57594910314632;-1,27174767557875;-1,22331778831407
"727";"HAUTES BAUGES";2017;0;6,56247711181641;163;892,483032226562;23,6613025665283;1;945127,934542291;6505209,14378728;"0";5,0998664278242;-0,990034464508984;-1,22564445430208
"729";"HAUTES BAUGES";2017;0;4,95073127746582;3890;1153,40197753906;26,6348476409912;0;948757,488795946;6511209,53252023;"0";8,26642147298455;-1,03750777810398;-0,966370059577522
"739";"HAUTES BAUGES";2017;1;11,0698585510254;4355;1366,92346191406;31,4983234405518;0;952715,18734924;6510535,97455567;"1";8,37930948405285;0,81280471680427;0,951356117411687
"748";"HAUTES BAUGES";2017;0;8,11221408843994;9447;1172,89916992188;19,359712600708;0;952272,524693122;6510645,69820207;"0";9,1535583578772;-1,27869261630625;-1,39990245306765
"781";"HAUTES BAUGES";2017;0;6,42924165725708;940;785,604370117187;22,7063941955566;7;945156,699311445;6513184,85495668;"0";6,84694313958538;-0,655656305717572;-0,576787398093581
"787";"HAUTES BAUGES";2017;0;6,67410850524902;588;799,551147460938;19,4619331359863;0;944834,496296976;6513708,17364431;"0";6,37842618365159;-0,937752679209937;-0,691918099692218
"791";"HAUTES BAUGES";2017;0;4,82428359985352;73;856,935852050781;19,2481555938721;2;944416,598933883;6512170,13124959;"0";4,30406509320417;-0,852913040635967;-0,760641462237176
"795";"HAUTES BAUGES";2017;0;5,44038677215576;51;780,683349609375;17,1056079864502;1;944495,883843911;6512559,10501515;"0";3,95124371858143;-0,904851816277485;-0,811602850471042
"799";"HAUTES BAUGES";2017;1;6,83412075042725;161;944,90087890625;17,3827037811279;0;944299,572352408;6505777,7844765;"1";5,08759633523238;1,20952559974884;1,16477057896162
"810";"HAUTES BAUGES";2017;0;7,49078893661499;18292;1127,24133300781;23,3500137329102;0;947916,338605806;6508903,82353369;"0";9,8142737519913;-1,14505984565522;-1,02046850092638
"814";"HAUTES BAUGES";2017;0;9,53141212463379;14217;1049,82482910156;22,6787815093994;0;948024,527816165;6509168,65634042;"0";9,56226404648943;-1,19964330160766;-1,06536988310473
"819";"HAUTES BAUGES";2017;0;9,44508743286133;1143;837,227478027344;9,5186014175415;0;944842,839433915;6504705,04926704;"0";7,04228617193974;-1,39236757579957;-1,35997899857856
"822";"HAUTES BAUGES";2017;0;2,21067833900452;3;1226,44519042969;28,3904037475586;2;947066,164062748;6507405,4816854;"0";1,38629436111989;-1,29813428501258;-1,30479264302239
"825";"HAUTES BAUGES";2017;1;0,0277607161551714;0;1359,77380371094;30,4239253997803;0;947068,757174789;6507010,8083314;"1";0;0,71364458810205;0,967365656572807
"837";"HAUTES BAUGES";2017;1;6,70717477798462;361;944,894287109375;29,2622966766357;0;945258,540453052;6505640,63518851;"1";5,89164421182577;1,24281913684319;1,20526023102267
"840";"HAUTES BAUGES";2017;1;9,1428918838501;2575;959,437072753906;20,971643447876;0;948499,589350886;6510383,48585936;"1";7,85399308722424;1,1759065866893;1,22179440470833
"858";"HAUTES BAUGES";2017;1;9,8663272857666;785;1038,19567871094;8,79943656921387;1;944925,582390485;6503756,1768192;"1";6,66695679242921;0,828398962796866;0,948549174957139
"879";"HAUTES BAUGES";2017;1;6,83412075042725;161;944,90087890625;17,3827037811279;0;944220,975683733;6505700,53070801;"1";5,08759633523238;1,20952559974884;1,16710110457839
"888";"HAUTES BAUGES";2017;1;6,68483734130859;2111;1078,4404296875;25,9743347167969;0;949628,819749503;6509830,23100764;"1";7,65539064482615;1,23437944871382;1,15052803614657
"892";"HAUTES BAUGES";2017;1;11,3224611282349;3830;804,791320800781;2,95817089080811;0;947705,986570993;6510116,56787006;"1";8,25088114470065;0,907691059211179;1,04790188738071
"903";"HAUTES BAUGES";2017;1;10,9096908569336;10542;949,139587402344;10,6815547943115;2;949907,596100348;6509716,92558493;"1";9,26321741157695;1,09690872097061;1,02764837567834
"932";"HAUTES BAUGES";2017;1;4,29827690124512;16304;1188,37915039062;18,722728729248;0;948592,097206471;6508365,4690819;"1";9,69922708822342;1,36649762646978;1,24033842766464
"938";"HAUTES BAUGES";2017;1;10,8697175979614;2317;1002,83947753906;16,5494346618652;0;949384,717109337;6509677,47198996;"1";7,7484600238997;1,08800328054627;1,02130062881729
"960";"HAUTES BAUGES";2017;0;3,60412979125977;3459;1353,17565917969;6,56875848770142;1;952659,589029154;6512083,0908492;"0";8,14902386805177;-1,49976840343222;-1,43710775438914
"964";"HAUTES BAUGES";2017;1;5,7724404335022;3545;1471,80200195312;11,6920318603516;2;952477,195977254;6512830,00736433;"1";8,17357548663415;0,901255332760107;1,06825958799519
"976";"HAUTES BAUGES";2017;1;2,95207929611206;72;1041,74719238281;21,0376777648926;0;947576,520277703;6512831,29277967;"1";4,29045944114839;1,31507059511863;1,39466484311654
"980";"HAUTES BAUGES";2017;0;4,77869701385498;341;930,395568847656;22,8434371948242;0;944127,305520566;6512338,47800151;"0";5,8348107370626;-0,910548467374553;-0,679987212285539
"985";"HAUTES BAUGES";2017;1;5,6008358001709;12276;987,717163085938;3,55025219917297;0;950848,084484192;6510101,47088548;"1";9,41548287218084;1,03198465706603;0,920197338268466
"1004";"HAUTES BAUGES";2017;0;5,7724404335022;3545;1471,80200195312;11,6920318603516;2;952400,381661094;6512959,55629006;"0";8,17357548663415;-1,48140653243616;-1,27382190533472
"1010";"HAUTES BAUGES";2017;0;2,37654042243958;20;1446,87634277344;13,6093006134033;7;953398,851503097;6513115,80110487;"0";3,04452243772342;-1,32265898941589;-1,43554885777409
"1025";"HAUTES BAUGES";2017;1;5,21523761749268;7959;1447,22888183594;11,5463457107544;4;952283,91435551;6512545,92555877;"1";8,98218427883843;1,05297969979481;1,16320448452195
"1039";"HAUTES BAUGES";2017;1;5,77001762390137;2923;1531,84509277344;13,9755506515503;2;952472,459984016;6513207,71583189;"1";7,98070782086967;0,913116627766844;1,11673764811772
"1042";"HAUTES BAUGES";2017;1;4,6001181602478;130;1079,1201171875;18,4917278289795;2;947766,752739483;6512645,81490603;"1";4,87519732320115;1,35855017884868;1,40188812837266
"1043";"HAUTES BAUGES";2017;1;2,52597856521606;29;981,303649902344;23,3193473815918;6;945105,262427939;6514172,43013323;"1";3,40119738166216;1,58017957490549;1,88099889546774
"1045";"HAUTES BAUGES";2017;0;2,81609725952148;50;982,004821777344;22,6126613616943;1;944673,302545205;6512046,02657366;"0";3,93182563272433;-0,972113610320326;-0,766471086547822
"1077";"HAUTES BAUGES";2017;1;3,35918426513672;8;1418,275390625;8,31105041503906;0;953380,825244522;6512995,06295044;"1";2,19722457733622;0,682521713305313;0,685165186590341
"1078";"HAUTES BAUGES";2017;1;3,35918426513672;8;1418,275390625;8,31105041503906;0;953335,747200742;6512865,56600605;"1";2,19722457733622;0,682521713305313;0,681943373658603
"1083";"HAUTES BAUGES";2017;1;12,0873937606812;4837;1230,05676269531;24,8725986480713;0;949827,620767809;6509016,23419065;"1";8,48425669116997;1,05136520352456;1,05184438193896
"1097";"HAUTES BAUGES";2017;1;5,78269195556641;1887;1363,67834472656;8,78728580474854;1;953210,734563677;6511924,47368872;"1";7,54327334670545;0,846725480162843;0,852775575834894
"1133";"HAUTES BAUGES";2017;0;5,5916862487793;4029;1482,10388183594;6,55441093444824;0;952328,553948163;6513088,06310486;"0";8,30152165494073;-1,72783916127406;-1,36654281644361
"1147";"HAUTES BAUGES";2017;1;10,6072244644165;15796;884,001525878906;10,8456993103027;0;948606,083203751;6509176,6320207;"1";9,6675753275691;1,07939199994591;1,0833899632748
"1158";"HAUTES BAUGES";2017;0;3,98778676986694;66;853,901123046875;24,0229434967041;0;945048,789258679;6511908,90882954;"0";4,20469261939097;-0,889316865956612;-0,826844931741421
"1165";"HAUTES BAUGES";2017;0;3,77814984321594;38;1151,90246582031;27,1930027008057;3;947248,936327092;6507861,50189213;"0";3,66356164612965;-1,0542985986294;-1,18184070060658
"1171";"HAUTES BAUGES";2017;1;5,78269195556641;1887;1363,67834472656;8,78728580474854;1;953285,525470737;6512023,74071799;"1";7,54327334670545;0,846725480162843;0,852385487027837
"1174";"HAUTES BAUGES";2017;0;2,37654042243958;20;1446,87634277344;13,6093006134033;7;953383,952305533;6513241,81881286;"0";3,04452243772342;-1,32265898941589;-1,424929946546
"1177";"HAUTES BAUGES";2017;1;4,33113861083984;4690;790,239379882812;14,1157941818237;0;945210,174064262;6507912,04306548;"1";8,45340105832846;1,56805889128032;1,38672848334677
"1181";"HAUTES BAUGES";2017;1;5,87927961349487;66;862,193786621094;20,3179626464844;5;945574,314638944;6508545,34278399;"1";4,20469261939097;1,60048357041304;1,35356549187694
"1186";"HAUTES BAUGES";2017;0;4,76680946350098;678;1182,92431640625;18,4159622192383;2;945331,631209862;6514702,01226277;"0";6,5206211275587;-1,04290287352783;-0,600883414779185
"1189";"HAUTES BAUGES";2017;0;6,68483734130859;2111;1078,4404296875;25,9743347167969;0;949461,367887865;6509876,63488437;"0";7,65539064482615;-1,12148629329229;-1,18499800268926
"1194";"HAUTES BAUGES";2017;1;4,95901775360107;45;1052,31689453125;22,6834487915039;1;946645,378299232;6507155,33266362;"1";3,8286413964891;1,31951540466396;1,08107547847238
"1196";"HAUTES BAUGES";2017;1;7,74088668823242;7;882,086303710938;13,3699712753296;0;944510,440296819;6505436,2682828;"1";2,07944154167984;0,976813077477983;0,914047463440685
"1205";"SEMNOZ";2017;1;8,50210571289062;2011;1055,48364257812;31,8253307342529;0;940646,541356588;6521753,23800621;"1";7,60688453121963;1,13408193707278;1,08139805431892
"1243";"SEMNOZ";2017;0;1,51293015480042;686;982,512756347656;25,1111183166504;2;939502,751761097;6528157,52248417;"0";6,53233429222235;-0,439269078833513;-0,44535161125966
"1285";"SEMNOZ";2017;1;12,0597877502441;10704;730,667724609375;12,2348127365112;12;943891,720844873;6527320,40461936;"1";9,27846620102378;0,782814731794038;0,097431881576691
"1290";"SEMNOZ";2017;0;14,2380266189575;5548;587,290771484375;15,46311378479;0;941562,840049602;6535333,54849163;"0";8,6213730103259;-0,8145886092532;-0,609577607837163
"1306";"SEMNOZ";2017;1;8,95893287658691;6151;1234,81079101562;20,9413890838623;0;942313,887135402;6529731,91807992;"1";8,72453251118548;1,08697339990235;0,989770592655177
"1336";"SEMNOZ";2017;0;7,50460577011108;1497;1010,17108154297;22,6557083129883;2;939912,702111365;6529352,95067615;"0";7,31188616407716;-1,00720894617852;-0,711899963193318
"1341";"SEMNOZ";2017;1;22,3173675537109;15296;544,01708984375;13,4877214431763;0;943533,419166051;6532119,33283557;"1";9,63541200972327;0,828758308921581;0,95157771375694
"1350";"SEMNOZ";2017;1;9,52692127227783;0;984,617980957031;16,8175430297852;6;941442,341391329;6521346,73153559;"1";0;0,808391408916774;0,757761391093552
"1353";"SEMNOZ";2017;1;3,3018102645874;9;1121,64624023438;20,9688911437988;3;941445,784096903;6521746,3528305;"1";2,30258509299405;1,42195267448161;1,1631595513969
"1360";"SEMNOZ";2017;1;18,1318588256836;19421;904,960388183594;4,5369348526001;1;941538,739664464;6532536,17329483;"1";9,8741617231543;0,580945239106199;0,65607956128176
"1379";"SEMNOZ";2017;0;21,6528778076172;1823;557,650451660156;23,9643840789795;0;943151,011606685;6534120,90006054;"0";7,50878717063428;-0,986740043073126;-0,806511161701193
"1381";"SEMNOZ";2017;0;15,7885503768921;18166;654,646667480469;17,63987159729;3;941559,397117407;6534933,92310185;"0";9,80736204043875;-1,11609892398594;-0,881247754734125
"1384";"SEMNOZ";2017;1;16,5690765380859;10829;891,934509277344;3,44031429290771;2;941142,557818095;6532939,24079579;"1";9,29007533999504;0,730235103603576;0,902765385558239
"1406";"SEMNOZ";2017;0;9,22737312316895;510;715,958129882812;23,4779949188232;6;940749,818395072;6533741,93323098;"0";6,2363695902037;-0,871218734218169;-0,627502371066336
"1416";"SEMNOZ";2017;0;11,4161243438721;95;885,327758789063;18,402795791626;2;941841,962631211;6521343,28877393;"0";4,56434819146784;-0,767804261781799;-1,27193833888406
"1472";"SEMNOZ";2017;0;5,72872304916382;310;927,257751464844;23,1700019836426;1;943099,361395512;6528126,53769388;"0";5,73979291217923;-0,772425780049648;-0,831473954145634
"1477";"SEMNOZ";2017;0;11,6044225692749;3150;1354,66394042969;11,7979164123535;0;941907,37746244;6528936,11383068;"0";8,05547514175727;-1,23728745722274;-1,58400797619565
"1497";"SEMNOZ";2017;0;10,6701946258545;5389;751,082580566406;12,6777648925781;4;938286,672586158;6526169,73341492;"0";8,59230066390304;-1,02936829833596;-1,11180674889263
"1518";"SEMNOZ";2017;0;4,28107500076294;750;1367,47229003906;9,49211883544922;0;941056,490525753;6522948,66010506;"0";6,62140565176413;-1,18138542667519;-1,47132517621954
"1554";"SEMNOZ";2017;1;7,9610767364502;8982;994,329223632813;22,6712837219238;1;943082,144993428;6526128,42292782;"1";9,10308918122921;1,31826006590085;0,933864525373768
"1562";"SEMNOZ";2017;0;1,46459102630615;154;901,867370605469;13,2402620315552;2;938679,411457747;6525367,0463266;"0";5,04342511691925;-0,599932109877713;-0,545939189773415
"1566";"SEMNOZ";2017;0;5,50387239456177;2039;921,09423828125;15,3204221725464;2;939089,360116776;6526562,47231661;"0";7,62070508683826;-1,18488819541126;-0,775806121976673
"1576";"SEMNOZ";2017;1;10,1285047531128;14844;799,135864257812;13,818431854248;3;943492,097833085;6527323,848083;"1";9,60541838719786;1,30319931793593;0,810214678656479
"1588";"SEMNOZ";2017;0;5,61296558380127;33;1431,67517089844;20,0485992431641;0;941900,491577363;6528136,86704119;"0";3,52636052461616;-0,886119110551331;-0,677602167196432
"1596";"SEMNOZ";2017;1;17,6219444274902;20435;728,792541503906;17,1042327880859;0;943502,42807578;6528522,71764502;"1";9,92505333045069;0,93158061858798;0,796017251410378
"1603";"SEMNOZ";2017;0;8,70959281921387;33977;791,497436523438;4,99257707595825;2;942362,090953182;6535326,66238088;"0";10,4334685353419;-1,1893077337741;-0,894132939548866
"1607";"SEMNOZ";2017;1;6,2052116394043;17394;662,817749023438;23,7018756866455;5;941965,908564191;6535729,73100021;"1";9,76393808758604;1,51265913007271;2,57011465087518
"1611";"SEMNOZ";2017;1;6,4670467376709;5857;1185,44677734375;28,8168067932129;2;939461,445678725;6523362,05138294;"1";8,67556352738768;1,11839523731802;1,30523405639962
"1636";"SEMNOZ";2017;1;6,00753498077393;3079;1289,32177734375;11,7688617706299;3;940715,392050623;6529745,68944536;"1";8,03268487596762;0,797573825837383;1,02285056531633
"1644";"SEMNOZ";2017;1;4,36381387710571;37;1010,59722900391;25,0391502380371;7;943089,031534178;6526927,66847302;"1";3,63758615972639;0,94518988658424;0,127032349414922
"1658";"SEMNOZ";2017;0;3,36914730072022;1958;907,972961425781;16,3884105682373;2;939499,309551147;6527757,89923019;"0";7,58018941794454;-0,882247066798061;-0,624988594819079
"1716";"SEMNOZ";2017;0;10,758358001709;2020;1063,80712890625;7,84900808334351;4;942334,545753899;6532129,66274508;"0";7,61134771740362;-1,51779583977475;-1,72245339288061
"1718";"SEMNOZ";2017;1;17,8354225158691;11785;962,602111816406;9,57051944732666;0;941535,296779003;6532136,54874887;"1";9,37466766539786;0,58466572911705;0,680720843474914
"1779";"SEMNOZ";2017;0;4,22074127197266;20033;776,814025878906;10,3860521316528;3;942365,534133215;6535726,28787786;"0";9,90518610917171;-1,03775296909779;-0,736226706719493
"1788";"SEMNOZ";2017;0;10,7892475128174;6745;519,3466796875;10,3536825180054;0;941566,282988477;6535733,17400198;"0";8,8167050156216;-0,651465274172449;-0,51514299794391
"1795";"SEMNOZ";2017;1;13,4121608734131;8384;904,713562011719;13,8690357208252;2;942741,056732022;6532925,46873476;"1";9,03419967425731;1,18814065100706;1,18651990647263
"1814";"SEMNOZ";2017;0;4,13022565841675;4133;1378,4609375;29,5374069213867;1;939885,163494825;6526155,96517885;"0";8,32700074024171;-0,82742527812133;-0,703266106836213
"1822";"SEMNOZ";2017;0;1,82275903224945;620;1510,79931640625;10,9799203872681;2;940663,753780996;6523751,34635197;"0";6,43133108193348;-0,56322904933766;-0,789051865884183
"1826";"SEMNOZ";2017;1;5,05036544799805;26493;1497,55834960938;11,2280645370483;2;941073,703651497;6524946,77022269;"1";10,1846735712442;1,20125238650495;1,1830503379531
"1838";"SEMNOZ";2017;1;5,17676448822021;50;1015,99908447266;24,5254325866699;1;943085,588260456;6526528,04564022;"1";3,93182563272433;1,57645230117699;1,50292001836871
"1858";"SEMNOZ";2017;0;2,87933611869812;136;1268,84545898438;31,1299362182617;0;939892,048109169;6526955,21083063;"0";4,91998092582813;-0,821232180219606;-0,556429007717984
"1868";"SEMNOZ";2017;0;4,57718086242676;1663;1398,15979003906;25,0308036804199;0;940298,555942294;6527751,01457753;"0";7,41697962138115;-0,750949162061318;-0,704126739389317
"1870";"SEMNOZ";2017;1;1,15028321743011;375;1202,19995117188;32,3536796569824;1;939899,931808026;6527754,44835825;"1";5,92958914338989;1,75512544521833;2,04710794347382
"1885";"SEMNOZ";2017;1;8,94394683837891;18148;1348,19812011719;12,4990577697754;2;940708,506861587;6528946,44213409;"1";9,8063707417564;0,915381101247847;1,07082825070232
"1902";"SEMNOZ";2017;0;12,904522895813;2510;636,208557128906;12,9066734313965;3;943509,31493777;6529321,96462188;"0";7,82843635915759;-0,807836607092026;-1,2394770057776
"1905";"SEMNOZ";2017;1;5,04863882064819;868;1463,99438476562;11,0946111679077;3;941469,883222219;6524543,70526389;"1";6,76734312526539;1,24356154530795;1,03193514519834
"1923";"SEMNOZ";2017;0;12,4058542251587;8844;1231,35961914062;11,6943016052246;2;941921,149312694;6530534,60885512;"0";9,08760760659389;-1,49593182074774;-1,61014166619327
"1957";"SEMNOZ";2017;1;19,8022232055664;9430;845,466552734375;3,85567688941956;4;941948,693333789;6533731,60468754;"1";9,15175741454389;0,479712923389024;0,590817003414978
"1992";"SEMNOZ";2017;0;12,8788833618164;518;862,23095703125;10,4828958511353;15;941435,456000132;6520547,48930665;"0";6,25190388316589;-0,800233528493287;-0,109824001931493
"2002";"SEMNOZ";2017;1;8,84253597259521;113;908,122192382812;34,2309684753418;9;939850,740820711;6522159,74414246;"1";4,7361984483945;0,524469833102094;0,0442253403363682
"2006";"SEMNOZ";2017;0;6,47824335098267;5754;846,943359375;12,0157928466797;2;942251,912722963;6522538,71009767;"0";8,65782432115598;-1,17929422697516;-1,40112956356385
"2035";"SEMNOZ";2017;0;0,00278613157570362;37680;733,877075195312;7,24651098251343;3;942768,603002855;6536122,47024579;"0";10,5369112676163;-0,479718815001565;-0,642987947151508
"2064";"SEMNOZ";2017;0;14,918963432312;15126;1069,29614257812;14,5978412628174;2;940725,719884071;6530944,56131578;"0";9,6242365055622;-1,70049614998542;-1,49754588847545
"2078";"SEMNOZ";2017;0;0;27160;625,052551269531;18,9628810882568;0;942372,420513369;6536525,53923358;"0";10,2095373998461;-0,306553327113486;-0,295350112415491
"2086";"SEMNOZ";2017;1;16,4477691650391;10166;632,499694824219;13,1578578948975;3;943902,051448839;6528519,27416126;"1";9,22690246027516;1,08120529584642;0,782850829685905
"2096";"SEMNOZ";2017;0;8,82665157318115;6912;992,289978027344;23,4103546142578;0;942730,726991011;6531726,59515702;"0";8,84115897594526;-0,968137471342179;-1,04599335762215
"2104";"SEMNOZ";2017;0;22,9692420959473;7306;571,908996582031;25,5005531311035;0;943147,56821234;6533721,27505922;"0";8,89658807179122;-1,0794809485128;-0,962526171171025
"2108";"SEMNOZ";2017;0;17,5964832305908;9421;848,120422363281;10,3042116165161;5;942747,943259521;6533724,7183892;"0";9,15080265925999;-1,94763769374394;-1,21242182616903
"2142";"SEMNOZ";2017;0;4,75998544692993;2018;1198,57861328125;23,7196426391602;1;939102,546641862;6524149,45904691;"0";7,61035761831284;-1,05322954808041;-1,06663386273469
"2157";"SEMNOZ";2017;0;10,5875654220581;2525;731,987365722656;21,7907028198242;5;937869,841432056;6524175,06298511;"0";7,83439230291044;-0,780895138912861;-0,551875598896405
"2165";"SEMNOZ";2017;0;12,8319759368896;22575;791,052368164062;3,04374647140503;0;942358,647779846;6534927,03700448;"0";10,0246426740926;-1,13521844402594;-1,29067372713809
"2207";"SEMNOZ";2017;0;4,79697751998901;162;1306,94763183594;31,2591400146484;1;939888,605798682;6526555,58794454;"0";5,09375020080676;-1,00778436296141;-0,591262802339345
"2227";"SEMNOZ";2017;0;3,44169545173645;0;1276,78393554688;27,9174346923828;1;942276,013626325;6525336,06412255;"0";0;-0,732908526510278;-0,591313055919633
"2238";"SEMNOZ";2017;0;1,80501592159271;0;1296,53881835938;27,2599582672119;3;942279,456639213;6525735,68660754;"0";0;-0,547803686807344;-0,610534146360738
"2240";"SEMNOZ";2017;0;4,12546539306641;2534;1497,81982421875;11,4438428878784;5;941879,834082255;6525739,12956284;"0";7,83794891602528;-1,21613482405239;-0,862077428771169
"2243";"SEMNOZ";2017;1;22,0534019470215;12308;828,821899414062;3,13927721977234;2;942351,761453256;6534127,78661336;"1";9,4180859811103;0,513667975734167;0,713897958267197
"2247";"SEMNOZ";2017;1;5,30475854873657;501;1199,30810546875;14,7952966690063;3;941046,162730068;6521749,79547851;"1";6,21860011969173;0,837830352508531;0,688490636025165
"2254";"SEMNOZ";2017;1;7,18308734893799;5;935,787048339844;20,4773483276367;3;939454,561424316;6522562,80788456;"1";1,79175946922805;1,39904721199014;1,5240957103983
"2268";"SEMNOZ";2017;1;7,92920637130737;6532;1159,98010253906;25,6277256011963;2;942269,127620573;6524536,81951368;"1";8,78462153484075;1,19778821397578;0,952339660356143
"2281";"SEMNOZ";2017;1;7,73037052154541;3979;911,891174316406;15,7781715393066;0;939919,586831839;6530152,19825492;"1";8,28903709827848;1,13368159870962;1,51596416822579
"2288";"SEMNOZ";2017;1;13,7561702728271;16750;945,702880859375;16,0111293792725;1;940326,09573479;6530948,00387594;"1";9,72621323696369;1,09477438563055;1,07538921948878
"2291";"SEMNOZ";2017;1;11,6070079803467;12469;1134,19812011719;18,4327011108398;0;940722,277266268;6530544,9372385;"1";9,43108103867408;1,00534225252568;0,936950831663396
"2308";"SEMNOZ";2017;1;14,9000396728516;2322;975,526672363281;5,24275636672974;1;940732,605139642;6531743,80983184;"1";7,75061473277041;0,903170685718343;0,846242618653769
"2313";"SEMNOZ";2017;1;16,9026432037354;1528;641,666076660156;24,4210147857666;0;943133,794702037;6532122,77625925;"1";7,33236920592906;1,65214049327758;1,62238159468113
"2328";"SEMNOZ";2017;1;5,96875143051148;3234;1344,90539550781;18,6493797302246;4;940653,426306438;6522552,48098354;"1";8,081784206935;0,946076306548468;0,796699797990206
"2339";"SEMNOZ";2017;1;9,93869400024414;5470;1254,78161621094;20,2109508514404;0;942310,444055718;6529332,29439072;"1";8,60721669406383;1,13175575613305;0,926217409967951
"2346";"SEMNOZ";2017;0;7,78726816177368;9934;1309,83483886719;11,2296581268311;0;940711,949452779;6529346,0657295;"0";9,20381915498592;-1,58472439818611;-1,41342596967503
"2354";"SEMNOZ";2017;1;10,2393140792847;480;787,733337402344;10,3673124313354;0;939113,454743406;6529359,83514096;"1";6,17586727010576;1,5497165446126;1,65354204713756
"2366";"SEMNOZ";2017;1;16,4818725585938;14555;895,676635742188;2,31407904624939;2;941545,625455407;6533335,42274834;"1";9,58575855873205;0,698163532043929;0,844423001590742
"2368";"SEMNOZ";2017;0;8,5753927230835;16434;816,279602050781;14,3717966079712;1;943488,654432261;6526924,22513649;"0";9,70716848609832;-1,10613057040857;-1,40931898309535
"2378";"SEMNOZ";2017;0;9,50315475463867;7962;994,882690429688;21,916202545166;0;942734,170231317;6532126,21956242;"0";8,98256109225744;-1,00891565212264;-1,10745310743588
"2388";"SEMNOZ";2017;0;0;32397;670,853393554688;10,5251159667969;0;942772,046316875;6536522,09597724;"0";10,3858519714801;-0,410708469817475;-0,443046156471221
"2394";"SEMNOZ";2017;0;7,99266242980957;11387;1312,12658691406;9,02786254882812;0;941518,082451784;6530138,42782657;"0";9,34031544839793;-1,57304950778664;-1,52232252707767
"2399";"SEMNOZ";2017;0;12,9228296279907;7538;960,734375;17,2029552459717;1;940322,653237473;6530548,379792;"0";8,9278448262117;-1,13226938479547;-1,1983974454359
"2403";"SEMNOZ";2017;1;14,8880052566528;6816;679,066589355469;18,7314071655273;7;943126,907987118;6531323,52758235;"1";8,82717477136278;0,811282313889978;0,095254220805065
"2439";"SEMNOZ";2017;1;8,9360179901123;4670;1073,84643554688;9,67177486419678;1;942331,102634099;6531730,03833299;"1";8,44912846050211;0,882217942579912;0,910033166756498
"2443";"SEMNOZ";2017;0;12,658278465271;391;790,134460449219;23,0590744018555;2;941035,834994177;6520550,93193472;"0";5,97126183979046;-0,521897572199794;-1,11519564527612
"2467";"SEMNOZ";2017;1;13,7537155151367;17266;651,436218261719;12,9323616027832;0;943512,758378824;6529721,58829099;"1";9,75655244441243;1,4378225001992;1,05494541936112
"2473";"SEMNOZ";2017;1;17,6020812988281;15079;609,722595214844;8,97200298309326;4;943919,269256395;6530517,39247327;"1";9,62112464156195;0,867491809611199;0,713302460957219
"2476";"SEMNOZ";2017;1;20,1390514373779;13904;579,340698242188;10,5000705718994;0;943926,156426435;6531316,64064134;"1";9,54000376666806;0,851213067016019;0,857935469666545
"2478";"SEMNOZ";2017;1;10,9705514907837;712;1130,18334960938;7,93173408508301;0;941928,035277884;6531333,85709018;"1";6,5694814204143;0,979168489838728;0,842794670698168
"2483";"SEMNOZ";2017;0;11,5382022857666;121;1218,10571289062;16,7796669006348;0;941121,901288408;6530541,49456452;"0";4,80402104473326;-1,23729277069175;-1,16622457353198
"2490";"SEMNOZ";2017;0;2,11736464500427;100;891,421081542969;12,6761112213135;2;938682,853387192;6525766,66887135;"0";4,61512051684126;-0,666976305697046;-0,528149877097777
"2497";"SEMNOZ";2017;0;6,53682088851929;267;854,487670898438;22,7179164886475;1;938262,58001507;6523372,37724067;"0";5,59098698051086;-0,70093304132774;-0,649709273116107
"2500";"SEMNOZ";2017;0;8,59688568115234;826;1373,32922363281;3,5839524269104;0;941511,196767585;6529339,18030102;"0";6,71780469502369;-1,38843656759294;-1,45554555705359
"2518";"SEMNOZ";2017;1;7,17883825302124;2837;1334,26354980469;7,79949188232422;0;941115,015831817;6529742,24678469;"1";7,95085485771999;0,893356289198994;1,00834140224956
"2523";"SEMNOZ";2017;0;10,4694194793701;4912;1047,36328125;27,4291801452637;0;942716,954096738;6530128,09874037;"0";8,49964003216865;-0,914786506623958;-1,18102859036951
"2550";"SEMNOZ";2017;1;13,7555065155029;7958;1139,98522949219;17,0350246429443;5;941125,344026696;6530941,11863514;"1";8,98205864280585;0,648341950923217;1,07444368842484
"2565";"SEMNOZ";2017;0;8,8005895614624;38;1417,07458496094;16,0963249206543;0;941903,934516565;6528536,49037572;"0";3,66356164612965;-1,05343106603817;-0,902083918116728
"2579";"SEMNOZ";2017;1;9,39141368865967;148;1281,66772460938;14,2104511260986;0;941118,458556782;6530141,87061437;"1";5,00394630594546;1,02444782322191;1,24340294669107
"2611";"SEMNOZ";2017;0;13,0703048706055;10592;800,501037597656;13,325834274292;2;941552,511273052;6534134,67268399;"0";9,2679486845965;-0,993557334341919;-0,825390237466889
"2615";"SEMNOZ";2017;0;15,486629486084;27674;1478,76977539063;8,18345546722412;0;941104,687696879;6528543,37601844;"0";10,2282847575768;-1,42076605104074;-1,76944183076219
"2617";"SEMNOZ";2017;0;6,46921300888062;1023;1033,67529296875;24,5634307861328;2;939909,259761082;6528953,32706746;"0";6,93147180559945;-0,974667499078125;-0,661421441365366
"2621";"SEMNOZ";2017;0;5,7581353187561;2401;901,91357421875;13,6212596893311;2;939092,802186446;6526962,09521595;"0";7,78405700263993;-1,20323330245186;-0,783355726250749
"2652";"SEMNOZ";2017;0;11,5700168609619;7803;1030,64599609375;26,6684703826904;2;942720,397310265;6530527,7226638;"0";8,962391701743;-0,863088355903868;-1,09064712549006
"2659";"SEMNOZ";2017;1;4,28244113922119;3438;1433,96301269531;12,6255149841309;4;940257,247050245;6522955,54507998;"1";8,14293601043227;1,0910573724379;0,918890085711024
"2664";"SEMNOZ";2017;1;17,0592861175537;10793;875,894287109375;11,6431245803833;2;942744,499992422;6533325,09350171;"1";9,28674570317859;0,78503149746977;0,998102593162142
"2668";"SEMNOZ";2017;0;17,3618221282959;291;656,230041503906;22,4180469512939;3;943130,351341225;6531723,15186055;"0";5,67675380226828;-0,887197270028191;-0,894503354613051
"2691";"SEMNOZ";2017;1;5,20360660552979;1922;1290,37341308594;13,1260662078857;2;941053,047920546;6522549,03844255;"1";7,56164174558878;0,91031420250292;0,898023821291333
"2702";"SEMNOZ";2017;1;3,88041973114014;28;1168,58447265625;20,8660411834717;2;941449,22680913;6522145,97424571;"1";3,36729582998647;1,36077598726166;1,33382116438445
"2710";"SEMNOZ";2017;0;8,93593406677246;54;1105,95825195312;29,1397247314453;0;942713,510889905;6529728,4749374;"0";4,00733318523247;-0,994916714570266;-0,842803518690579
"2711";"SEMNOZ";2017;1;5,36048412322998;1864;1317,72998046875;25,4213008880615;0;939468,329959596;6524161,29536269;"1";7,53101633207792;1,42470863639203;1,37702723275271
"2713";"SEMNOZ";2017;0;6,54331970214844;368;1160,88500976562;22,7558937072754;2;940312,325785394;6529349,50826305;"0";5,91079664404053;-1,14075039994266;-0,742835615404953
"2715";"SEMNOZ";2017;0;0;14278;599,523071289062;18,315486907959;5;943168,228679062;6536119,02687557;"0";9,56654520543029;-0,405570729846323;-0,222533837303877
"2722";"SEMNOZ";2017;1;15,9074258804321;18690;967,824096679688;7,94414806365967;0;941132,229523262;6531740,36713788;"1";9,83579740356618;0,733803423179989;0,699912354970009
"2732";"SEMNOZ";2017;1;9,60281276702881;8335;737,302001953125;11,8869285583496;1;943888,277323641;6526920,78167956;"1";9,02833876399315;1,4364723041961;0,975861449314925
"2738";"SEMNOZ";2017;1;18,8867702484131;22235;820,369934082031;2,98909187316895;2;941955,57940589;6534530,85485092;"1";10,0094678760734;0,590778882935159;0,877151719749588
"2739";"SEMNOZ";2017;0;5,756676197052;6315;825,146728515625;7,97254800796509;1;942203,572599476;6522146,4692828;"0";8,75084137537553;-1,12098107017531;-1,60587017077492
"2745";"SEMNOZ";2017;0;18,036527633667;3670;621,095275878906;25,640100479126;4;943137,238069553;6532522,40077846;"0";8,20821938349683;-1,00807384346421;-0,965696261281826
"2754";"SEMNOZ";2017;1;12,1690320968628;4614;851,989318847656;16,1658878326416;4;940746,375730669;6533342,30831009;"1";8,43706714693695;1,28941117294469;1,36477069898901
"2770";"SEMNOZ";2017;0;11,9471378326416;375;871,955688476562;24,0302677154541;5;941039,277566165;6520950,55299569;"0";5,92958914338989;-0,762424995719894;-1,04071665563649
"2791";"SEMNOZ";2017;1;17,4759044647217;6103;901,607482910156;2,32897257804871;4;941542,182556598;6532935,79796132;"1";8,71669957296429;0,530353314626606;0,587578863241994
"2801";"SEMNOZ";2017;0;0,21488881111145;108;971,985412597656;16,5221652984619;2;939079,033947445;6525363,604341;"0";4,69134788222914;-0,492107459499018;-0,537795505139352
"2811";"SEMNOZ";2017;0;9,65936088562012;390;999,803588867188;20,4905624389648;2;940319,210746802;6530148,75582854;"0";5,96870755998537;-0,945565908246688;-0,738931506371491
"2816";"SEMNOZ";2017;1;4,46443557739258;470;1402,04931640625;14,2025833129883;0;941462,997724568;6523744,4611098;"1";6,15485809401642;1,24284292454099;1,13228473370063
"2818";"SEMNOZ";2017;0;15,5070524215698;19517;897,975952148438;7,62035512924194;4;940739,490421839;6532543,05882991;"0";9,87909239570141;-1,64705225978943;-1,68253504905236
"2820";"SEMNOZ";2017;1;10,610860824585;11480;1388,10668945312;8,8807201385498;1;941108,130401866;6528942,99948674;"1";9,34844877409381;1,12199494127406;0,850916990878714
"2830";"SEMNOZ";2017;0;4,88042163848877;31;1223,751953125;20,2757511138916;1;941452,669528008;6522545,59578124;"0";3,46573590279973;-1,13349338656548;-1,18254225900959
"2837";"SEMNOZ";2017;1;6,29927730560303;4105;1365,44372558594;3,39405512809753;0;941514,63960635;6529738,80400357;"1";8,32020459757888;0,83888481667352;0,924282903389595
"2850";"SEMNOZ";2017;1;5,53401517868042;8030;1360,43920898438;15,2841711044312;1;941459,554985727;6523344,83921328;"1";8,99106433218846;0,97202731450339;0,844848914416366
"2855";"SEMNOZ";2017;1;12,6353368759155;119;1058,78332519531;8,2261438369751;0;941934,921269792;6532133,10580723;"1";4,78749174278205;1,09351372605496;1,00389905409725
"2896";"SEMNOZ";2017;1;14,0542240142822;8482;860,442199707031;9,14180564880371;3;941549,068360891;6533735,04765589;"1";9,04581943980773;1,14800608453746;1,00717649247946
"2915";"SEMNOZ";2017;1;7,16258239746094;7465;762,316589355469;6,61715221405029;1;942761,716394932;6535323,21914465;"1";8,91811465947453;1,25875619942674;1,61491325324994
"2928";"SW BAUGES";2017;1;11,6482534408569;7490;773,186218261719;13,1224412918091;0;941006,307011246;6512947,85433299;"1";8,92145757894788;0,671539370343757;0,726647554612491
"2940";"SW BAUGES";2017;1;7,59048509597778;94;1188,9638671875;25,491849899292;3;939943,66871606;6512533,38062324;"1";4,55387689160054;1,14871146648414;1,15044326529385
"2965";"SW BAUGES";2017;1;4,92415809631348;33;1535,37731933594;7,91539430618286;14;938234,693338392;6510853,59224532;"1";3,52636052461616;0,780399120641446;0,757326699538857
"2968";"SW BAUGES";2017;0;9,73233604431152;2895;1197,87097167969;18,2651405334473;0;939081,883760504;6510846,29580465;"0";7,97108575350561;-1,65833046339472;-1,61200042140805
"2979";"SW BAUGES";2017;1;6,34416103363037;4;1594,4697265625;9,2203197479248;1;937793,637659295;6510221,95083333;"1";1,6094379124341;1,09479898093421;1,13780615086507
"3006";"SW BAUGES";2017;1;9,00660037994385;16058;1494,65026855469;14,4437026977539;0;937800,154295712;6509586,45521997;"1";9,68402471906149;0,389693279062827;0,41630759134509
"3048";"SW BAUGES";2017;1;7,69795989990234;17;1098,86120605469;19,6074905395508;2;939700,858119656;6508934,64615999;"1";2,89037175789616;0,990271115897923;0,868465787872787
"3056";"SW BAUGES";2017;1;8,92110824584961;2429;1310,03918457031;21,4973182678223;0;938658,288553142;6510849,94409245;"1";7,79564653633459;0,770145953044564;0,80882396200348
"3075";"SW BAUGES";2017;0;9,73233604431152;2895;1197,87097167969;18,2651405334473;0;939080,059583403;6510634,49822418;"0";7,97108575350561;-1,65833046339472;-1,6272111466453
"3080";"SW BAUGES";2017;1;11,503698348999;483;1050,77819824219;14,5639772415161;0;939503,654715898;6510630,84980514;"1";6,18208490671663;0,75032364253075;0,780127863630945
"3083";"SW BAUGES";2017;0;3,4831440448761;47;1598,98815917969;10,834379196167;2;937907,354671071;6510432,78474621;"0";3,87120101090789;-0,660716266278283;-0,666723270577232
"3091";"SW BAUGES";2017;1;5,79069519042969;75;1342,10424804688;16,9663619995117;0;939304,626665287;6512115,25779032;"1";4,33073334028633;0,92179597929056;0,961430189152096
"3101";"SW BAUGES";2017;0;9,08050727844238;23;954,283630371094;19,1378059387207;1;940149,993503188;6511896,16285686;"0";3,17805383034795;-0,966900611163595;-0,924229051793778
"3116";"SW BAUGES";2017;1;7,5525426864624;99;862,711547851562;21,1323432922363;1;941011,780520332;6513583,24823896;"1";4,60517018598809;1,12670139728488;1,18573212796765
"3126";"SW BAUGES";2017;1;9,58951187133789;107;984,656677246094;23,8548583984375;2;940580,886730655;6512739,70536031;"1";4,68213122712422;1,60870707399214;1,61005245187
"3132";"SW BAUGES";2017;1;9,23036861419678;613;873,337463378906;20,3893928527832;0;940792,684622228;6512737,88091294;"1";6,41999492814714;1,24041048033397;1,27392601349034
"3147";"SW BAUGES";2017;1;8,97066116333008;16;918,257202148437;17,4094314575195;6;940359,966874726;6511682,54074637;"1";2,83321334405622;1,0506206775301;1,07040824075686
"3194";"SW BAUGES";2017;0;3,87679243087769;65;1278,28625488281;15,8341693878174;0;939950,966042101;6513380,57233256;"0";4,18965474202643;-0,66845613101702;-0,638020912474366
"3198";"SW BAUGES";2017;0;5,82158088684082;91;1184,7294921875;24,5877647399902;2;940160,939672445;6513166,95000476;"0";4,52178857704904;-0,940647773862642;-0,961914763300292
"3200";"SW BAUGES";2017;0;5,95918416976929;73;1273,74853515625;17,7653541564941;1;939945,493044787;6512745,17849995;"0";4,30406509320417;-1,4994785346698;-1,46370443439872
"3216";"SW BAUGES";2017;1;8,52720928192139;4435;861,068603515625;15,0531368255615;1;940573,589021976;6511892,51407821;"1";8,39750834847026;0,670575621580732;0,686021381523949
"3243";"SW BAUGES";2017;1;16,1435489654541;19227;1449,33850097656;14,9012584686279;0;938225,57314601;6509794,60464336;"1";9,86412282901385;0,267764823181844;0,283785485919353
"3260";"SW BAUGES";2017;1;12,1730623245239;59;967,895080566406;16,0775547027588;4;939929,07415302;6510838,99882423;"1";4,0943445622221;0,61709780946987;0,639409103204766
"3266";"SW BAUGES";2017;1;10,7376861572266;7112;1062,97692871094;14,6955289840698;0;939501,830473182;6510419,0522621;"1";8,86967937473351;0,667659461692265;0,668495026382177
"3277";"SW BAUGES";2017;1;8,38055896759033;250;1191,85876464844;17,2597255706787;2;939494,533520833;6509571,86242728;"1";5,52545293913178;0,670526949074891;0,623323622239451
"3279";"SW BAUGES";2017;1;9,16831874847412;54;1096,09436035156;17,8431625366211;0;939706,330915655;6509570,03817642;"1";4,00733318523247;1,1933225225479;1,11715101082585
"3298";"SW BAUGES";2017;1;8,27507209777832;1638;1544,60925292969;15,7248935699463;1;937801,978261198;6509798,25264286;"1";7,40184157874383;0,382380274764561;0,415027003944573
"3315";"SW BAUGES";2017;1;7,5525426864624;99;862,711547851562;21,1323432922363;1;941009,956015442;6513371,45023656;"1";4,60517018598809;1,12670139728488;1,17140749172001
"3327";"SW BAUGES";2017;1;9,23412322998047;5929;815,303894042969;18,2127990722656;0;941219,929467754;6513157,82774932;"1";8,68777949199177;0,89499296211174;0,928633335490889
"3350";"SW BAUGES";2017;0;9,91423797607422;7381;827,746887207031;16,8122749328613;1;940790,860158527;6512526,08304366;"0";8,90679988358994;-1,56752923002868;-1,5284373861672
"3369";"SW BAUGES";2017;0;9,08050727844238;23;954,283630371094;19,1378059387207;1;940151,81786009;6512107,96063048;"0";3,17805383034795;-0,966900611163595;-0,911599919014581
"3370";"SW BAUGES";2017;1;8,52720928192139;4435;861,068603515625;15,0531368255615;1;940575,413446358;6512104,31184812;"1";8,39750834847026;0,670575621580732;0,696387337291616
"3392";"SW BAUGES";2017;0;8,97066116333008;16;918,257202148437;17,4094314575195;6;940148,169148142;6511684,36511697;"0";2,83321334405622;-1,30971484111976;-1,26704949032613
"3406";"SW BAUGES";2017;1;10,3929052352905;26;986,250427246094;18,1519775390625;2;939934,54710025;6511474,39174582;"1";3,29583686600433;1,32497562394829;1,36480533245722
"3409";"SW BAUGES";2017;1;3,27457737922669;1369;1432,55004882812;11,7358417510986;1;938661,936777951;6511273,53936199;"1";7,22256601882217;1,60426098935975;1,59531469383834
"3421";"SW BAUGES";2017;0;4,34260082244873;78;1316,22985839844;3,42249798774719;1;939949,141707808;6513168,77435461;"0";4,36944785246702;-0,37454551567043;-0,38752093683512
"3429";"SW BAUGES";2017;0;8,08169937133789;0;1037,00769042969;25,4491500854492;2;940584,535596148;6513163,30120382;"0";0;-0,536732749828938;-0,524424192040753
"3439";"SW BAUGES";2017;1;6,31844902038574;9665;1366,16577148438;21,8347835540771;3;938660,112664623;6511061,74171035;"1";9,17636985240503;0,440772050481049;0,438239506873699
"3446";"SW BAUGES";2017;0;3,11593103408814;6660;1591,70288085938;13,9289503097534;0;937588,35688427;6509588,27916729;"0";8,80402490241318;-1,08461616684624;-1,116632335254
"3448";"SW BAUGES";2017;0;9,58951187133789;107;984,656677246094;23,8548583984375;2;940582,711162472;6512951,5032652;"0";4,68213122712422;-0,800566915437904;-0,788066215220218
"3451";"SW BAUGES";2017;1;11,5918474197388;2335;1202,18347167969;15,7310009002686;0;939078,235408151;6510422,70067744;"1";7,75619534394812;0,506405407586809;0,532496540340512
"3467";"SW BAUGES";2017;1;11,133017539978;2854;990,7587890625;17,9259586334229;0;939923,601222479;6510203,60620624;"1";7,95682712209011;0,74207733531853;0,707644323805558
"3475";"SW BAUGES";2017;1;12,5248727798462;4548;1265,69458007812;15,0268878936768;1;939074,587063196;6509999,10568517;"1";8,42266270757;0,279229169856802;0,288076013220712
"3486";"SW BAUGES";2017;1;16,1435489654541;19227;1449,33850097656;14,9012584686279;0;938013,775704526;6509796,42865998;"1";9,86412282901385;0,267764823181844;0,290635425729831
"3493";"SW BAUGES";2017;1;18,5501594543457;2656;1334,541015625;12,4287796020508;0;938649,168023445;6509790,95650895;"1";7,88495294575981;1,12445528492435;1,12512417471301
"3511";"SW BAUGES";2017;1;7,52233028411865;4166;1179,72497558594;16,4724235534668;0;939496,357756143;6509783,65983539;"1";8,33495163142245;0,44659712381203;0,415370451025931
"3512";"SW BAUGES";2017;1;12,4749641418457;10671;881,066528320313;11,9638776779175;0;940131,750036231;6509778,18697608;"1";9,2753787681554;0,451505824008594;0,424155636627366
"3534";"SW BAUGES";2017;1;13,177885055542;2963;1286,1962890625;14,7547521591187;0;939067,290395474;6509151,91610537;"1";7,99429498641598;0,261428297300716;0,255005461760527
"3550";"SW BAUGES";2017;0;3,27457737922669;1369;1432,55004882812;11,7358417510986;1;938873,734450027;6511271,71523126;"0";7,22256601882217;-0,803946698826389;-0,827720257415537
"3578";"SW BAUGES";2017;0;7,55457639694214;50;1114,37060546875;26,9368305206299;3;940369,088837223;6512741,52977394;"0";3,93182563272433;-0,932311551569359;-0,962196627507896
"3588";"SW BAUGES";2017;1;12,2531976699829;8701;883,061706542969;12,5000057220459;2;940135,39871478;6510201,78188237;"1";9,07130816328062;0,421711864616971;0,406567699881798
"3607";"SW BAUGES";2017;1;8,84172058105469;73;1050,68371582031;25,1665153503418;4;940367,264441009;6512529,73190094;"1";4,30406509320417;1,45780048157998;1,44379790721322
"3608";"SW BAUGES";2017;1;5,79069519042969;75;1342,10424804688;16,9663619995117;0;939302,802443346;6511903,46000928;"1";4,33073334028633;0,92179597929056;0,948500902214606
"3610";"SW BAUGES";2017;1;7,77322959899902;50;1192,4072265625;26,155143737793;1;939726,397976975;6511899,81150054;"1";3,93182563272433;1,44726652609174;1,42573219271224
"3617";"SW BAUGES";2017;1;8,66614437103271;0;1195,1748046875;17,5750923156738;0;939279,087726545;6509150,09192566;"1";0;1,49105296369474;1,42703092214151
"3619";"SW BAUGES";2017;1;8,63059234619141;3621;1157,57690429688;15,3457002639771;3;939288,208734459;6510209,07897549;"1";8,19478163844336;0,470552944302636;0,467876608143264
"3624";"SW BAUGES";2017;1;10,5495872497559;4363;1076,79895019531;15,8029375076294;1;939500,006232318;6510207,2547528;"1";8,38114434695296;0,675736936664275;0,663109889979132
"3636";"SW BAUGES";2017;1;16,1435489654541;19227;1449,33850097656;14,9012584686279;0;938227,397180798;6510006,40209629;"1";9,86412282901385;0,267764823181844;0,288512361644723
"3637";"SW BAUGES";2017;0;18,5501594543457;2656;1334,541015625;12,4287796020508;0;938862,789595368;6510000,92983854;"0";7,88495294575981;-1,23130140187843;-1,23707549767206
"3640";"SW BAUGES";2017;1;7,52233028411865;4166;1179,72497558594;16,4724235534668;0;939286,384529176;6509997,28149806;"1";8,33495163142245;0,44659712381203;0,432067410351746
"3676";"SW BAUGES";2017;1;18,9539985656738;28364;1391,6005859375;11,4251337051392;0;938437,37058565;6509792,78059302;"1";10,2529112697607;1,00960078733844;1,01276781955957
"3679";"SW BAUGES";2017;1;12,5248727798462;4548;1265,69458007812;15,0268878936768;1;939072,762893492;6509787,30823962;"1";8,42266270757;0,279229169856802;0,283356002576503
"3690";"SW BAUGES";2017;1;16,1499080657959;35383;1438,4423828125;10,3410177230835;0;938011,951705311;6509584,63123893;"1";10,4740150195482;0,326093100213341;0,342263198087979
"3699";"SW BAUGES";2017;1;16,1499080657959;35383;1438,4423828125;10,3410177230835;0;938223,749113067;6509582,80722416;"1";10,4740150195482;0,326093100213341;0,33425931441517
"3706";"SW BAUGES";2017;0;8,66614437103271;0;1195,1748046875;17,5750923156738;0;939492,709287374;6509360,06505289;"0";0;-0,893335790237244;-0,952537226228603
"3723";"SW BAUGES";2017;0;10,2181901931763;5962;992,786987304687;19,3840980529785;0;939914,479708654;6509144,6191842;"0";8,69332898912311;-1,50694384767891;-1,65658346334123
"3749";"SW BAUGES";2017;1;11,9161348342896;2363;1476,92358398437;18,6104125976562;1;938229,221217429;6510218,19958295;"1";7,76811037852599;0,348012078977949;0,379819798810371
"3758";"SW BAUGES";2017;1;8,8935546875;117;1127,97216796875;24,1695518493652;0;939724,573689407;6511688,01375695;"1";4,77068462446567;1,50227850456513;1,50219768626936
"3778";"SW BAUGES";2017;1;7,52233028411865;4166;1179,72497558594;16,4724235534668;0;939498,181993305;6509995,45727723;"1";8,33495163142245;0,44659712381203;0,422129683492794
"3784";"SW BAUGES";2017;0;3,33284711837769;113;1248,84875488281;14,9474363327026;0;940162,764040486;6513378,74798085;"0";4,7361984483945;-0,550998792712236;-0,535398066308816
"3788";"SW BAUGES";2017;0;8,62310981750488;121;1053,10046386719;23,2750949859619;6;939940,020064171;6512109,78497105;"0";4,80402104473326;-1,34335321365134;-1,3250647338411
"3821";"SW BAUGES";2017;1;3,33284711837769;113;1248,84875488281;14,9474363327026;0;940164,588410383;6513590,54599069;"1";4,7361984483945;1,97996589424117;2,02125007079783
"3823";"SW BAUGES";2017;1;6,98075294494629;7927;1433,96594238281;18,236644744873;6;938446,49094669;6510851,76818575;"1";8,97815607600982;0,222827092621547;0,235274600929995
"3827";"SW BAUGES";2017;1;10,8416042327881;6671;885,844543457031;13,0684680938721;0;940250,940450441;6510624,41311426;"1";8,80567494403858;0,812451993437354;0,781331119388549
"3831";"SW BAUGES";2017;0;6,43803834915161;86;1327,49133300781;9,55281352996826;2;939731,870850801;6512535,20493378;"0";4,46590811865458;-1,51893576399445;-1,47624710179062
"3849";"SW BAUGES";2017;0;8,10040378570557;97;1185,86901855469;23,4763088226318;3;939297,329788632;6511268,06686858;"0";4,58496747867057;-1,33860548609583;-1,32892605246004
"3855";"SW BAUGES";2017;0;8,561448097229;9;1241,1103515625;22,5475234985352;3;939083,707939454;6511058,09341885;"0";2,30258509299405;-1,08116030889236;-1,05437811162551
"3883";"SW BAUGES";2017;1;8,55906963348389;3460;1131,92858886719;14,0806016921997;3;939290,032941592;6510420,87648664;"1";8,14931284363534;0,490143536906006;0,496622148701882
"3900";"SW BAUGES";2017;1;12,8128108978272;30;1285,34265136719;14,9226541519165;0;939065,466233165;6508940,11879473;"1";3,43398720448515;0,540388824616285;0,524405235367433
"3905";"SW BAUGES";2017;1;11,503698348999;483;1050,77819824219;14,5639772415161;0;939505,478960466;6510842,64738191;"1";6,18208490671663;0,75032364253075;0,791526383194945
"3911";"SW BAUGES";2017;1;8,92110824584961;2429;1310,03918457031;21,4973182678223;0;938868,26201438;6510636,3223831;"1";7,79564653633459;0,770145953044564;0,780744416268167
"3918";"SW BAUGES";2017;0;18,5501594543457;2656;1334,541015625;12,4287796020508;0;938860,965459393;6509789,13239115;"0";7,88495294575981;-1,23130140187843;-1,25167942052774
"3923";"SW BAUGES";2017;0;10,3929052352905;26;986,250427246094;18,1519775390625;2;939932,722782652;6511262,59407156;"0";3,29583686600433;-1,03667614959731;-1,01423372887467
"3930";"SW BAUGES";2017;0;10,3879652023315;28;1050,43469238281;16,4550495147705;0;939507,303206886;6511054,44499241;"0";3,36729582998647;-1,02498522038848;-0,974465810776724
"3942";"SW BAUGES";2017;1;10,1769285202026;2674;881,380737304688;14,0604419708252;1;940354,493719514;6511047,1477347;"1";7,89170465933011;0,912198969914595;0,892550575752915
"3946";"SW BAUGES";2017;0;10,0582551956177;8323;879,016479492188;13,3958616256714;0;940140,871746516;6510837,17449479;"0";9,02689818751353;-1,51426271084333;-1,53415313507577
"3951";"SW BAUGES";2017;1;10,2181901931763;5962;992,786987304687;19,3840980529785;0;939916,304007712;6509356,41652115;"1";8,69332898912311;0,880395064846679;0,776022227198115
"3961";"SW BAUGES";2017;0;10,0582551956177;8323;879,016479492188;13,3958616256714;0;940139,047400749;6510625,37692358;"0";9,02689818751353;-1,51426271084333;-1,54936034937178
"3997";"SW BAUGES";2017;1;10,5495872497559;4363;1076,79895019531;15,8029375076294;1;939711,803728325;6510205,43049639;"1";8,38114434695296;0,675736936664275;0,648741898528581
"4011";"SW BAUGES";2017;0;12,4749641418457;10671;881,066528320313;11,9638776779175;0;940133,574374578;6509989,98441236;"0";9,2753787681554;-2,16056136900363;-2,20105571264903
"4019";"SW BAUGES";2017;1;8,53877353668213;61;979,213256835938;19,8366107940674;3;939910,831116098;6508721,02461146;"1";4,12713438504509;1,05016151876728;0,904843423233269
"4098";"SW BAUGES";2017;0;9,31154823303223;183;995,542724609375;21,8302001953125;2;940365,440046652;6512317,93406169;"0";5,21493575760899;-1,06809439899993;-1,05300444907331
"4113";"SW BAUGES";2017;0;8,84172058105469;73;1050,68371582031;25,1665153503418;4;940155,466579463;6512531,55627896;"0";4,30406509320417;-0,920841185903904;-0,91429493024677
"4133";"SW BAUGES";2017;0;3,42978072166443;21;1180,24987792969;21,0740146636963;2;940590,00890833;6513798,69522219;"0";3,09104245335832;-0,380261587996118;-0,385890976249797
"4134";"SW BAUGES";2017;0;7,77322959899902;50;1192,4072265625;26,155143737793;1;939728,222266397;6512111,60927788;"0";3,93182563272433;-0,929676202421987;-0,9350993253749
"4179";"SW BAUGES";2017;0;7,55457639694214;50;1114,37060546875;26,9368305206299;3;940159,115306261;6512955,15206242;"0";3,93182563272433;-0,932311551569359;-0,930762572678589
"4180";"SW BAUGES";2017;1;13,4515399932861;8829;883,465515136719;9,78384304046631;3;940126,277032319;6509142,79486959;"1";9,08591029359801;0,345883599705962;0,307309084935582
"4204";"SW BAUGES";2017;0;3,27457737922669;1369;1432,55004882812;11,7358417510986;1;938875,55859894;6511483,51291478;"0";7,22256601882217;-0,803946698826389;-0,815961495576182
"4214";"SW BAUGES";2017;0;8,95214462280273;20;1079,06860351563;20,2506713867188;1;939722,749403693;6511476,21604709;"0";3,04452243772342;-1,00680009830316;-0,972204697222344
"4247";"SW BAUGES";2017;1;8,62310981750488;121;1053,10046386719;23,2750949859619;6;939938,195741009;6511897,98719557;"1";4,80402104473326;1,02006220555579;1,02311958733775
"4259";"SW BAUGES";2017;0;8,10040378570557;97;1185,86901855469;23,4763088226318;3;939299,154005019;6511479,86454841;"0";4,58496747867057;-1,33860548609583;-1,31406614781219
"4276";"SW BAUGES";2017;1;9,61573696136475;10805;1116,98461914062;14,595775604248;0;939293,681361411;6510844,47161014;"1";9,28785681440401;0,649757669821654;0,677351157310008
"4278";"SW BAUGES";2017;0;5,51753377914429;79;1367,02673339844;4,50271272659302;0;939306,450889079;6512327,0556051;"0";4,38202663467388;-0,712066052685578;-0,710882224535198
"4306";"SW BAUGES";2017;0;2,42942881584168;43;1415,30737304687;12,29030418396;0;938877,382749702;6511695,31063204;"0";3,78418963391826;-0,328617933770904;-0,322857872222622
"4309";"SW BAUGES";2017;0;8,8935546875;117;1127,97216796875;24,1695518493652;0;939512,775957258;6511689,83802633;"0";4,77068462446567;-0,884180731434302;-0,866542227888484
"4326";"SW BAUGES";2017;0;9,35426235198975;2;1197,47412109375;17,5766181945801;0;939489,060826009;6508936,47040529;"0";1,09861228866811;-0,882125353272054;-0,97300108274228
